-- ===========================================
-- DUMMY DATA SCRIPT FOR HR MANAGEMENT PLATFORM
-- ===========================================

PRINT 'Inserting Departments...'
SET IDENTITY_INSERT kumarcapstone_Departments ON;
INSERT INTO kumarcapstone_Departments (Id, Name, CreatedDate, IsDeleted) VALUES (101, 'Human Resources', GETUTCDATE(), 0);
INSERT INTO kumarcapstone_Departments (Id, Name, CreatedDate, IsDeleted) VALUES (102, 'Information Technology', GETUTCDATE(), 0);
INSERT INTO kumarcapstone_Departments (Id, Name, CreatedDate, IsDeleted) VALUES (103, 'Finance', GETUTCDATE(), 0);
INSERT INTO kumarcapstone_Departments (Id, Name, CreatedDate, IsDeleted) VALUES (104, 'Marketing', GETUTCDATE(), 0);
INSERT INTO kumarcapstone_Departments (Id, Name, CreatedDate, IsDeleted) VALUES (105, 'Sales', GETUTCDATE(), 0);
INSERT INTO kumarcapstone_Departments (Id, Name, CreatedDate, IsDeleted) VALUES (106, 'Operations', GETUTCDATE(), 0);
INSERT INTO kumarcapstone_Departments (Id, Name, CreatedDate, IsDeleted) VALUES (107, 'Administration', GETUTCDATE(), 0);
INSERT INTO kumarcapstone_Departments (Id, Name, CreatedDate, IsDeleted) VALUES (108, 'Customer Support', GETUTCDATE(), 0);
INSERT INTO kumarcapstone_Departments (Id, Name, CreatedDate, IsDeleted) VALUES (109, 'Research & Development', GETUTCDATE(), 0);
INSERT INTO kumarcapstone_Departments (Id, Name, CreatedDate, IsDeleted) VALUES (110, 'Quality Assurance', GETUTCDATE(), 0);
SET IDENTITY_INSERT kumarcapstone_Departments OFF;

PRINT 'Inserting Employees...'
SET IDENTITY_INSERT kumarcapstone_Employees ON;
INSERT INTO kumarcapstone_Employees (Id, EmployeeCode, FirstName, LastName, Email, PhoneNumber, Gender, Designation, DateOfJoining, EmploymentStatus, DepartmentId, CreatedDate, IsDeleted) VALUES (1001, 'EMP-2026-0001', 'John', 'Jackson', 'john.jackson1001@hrmanagement.com', '555-987-7505', 'Male', 'Admin', '2020-01-10T00:00:00.0000000', 'Active', 101, GETUTCDATE(), 0);
INSERT INTO kumarcapstone_Employees (Id, EmployeeCode, FirstName, LastName, Email, PhoneNumber, Gender, Designation, DateOfJoining, EmploymentStatus, DepartmentId, CreatedDate, IsDeleted) VALUES (1002, 'EMP-2026-0002', 'Daniel', 'Smith', 'daniel.smith1002@hrmanagement.com', '555-247-5808', 'Male', 'Admin', '2021-02-11T00:00:00.0000000', 'Active', 102, GETUTCDATE(), 0);
INSERT INTO kumarcapstone_Employees (Id, EmployeeCode, FirstName, LastName, Email, PhoneNumber, Gender, Designation, DateOfJoining, EmploymentStatus, DepartmentId, CreatedDate, IsDeleted) VALUES (1003, 'EMP-2026-0003', 'Sophia', 'Miller', 'sophia.miller1003@hrmanagement.com', '555-171-3719', 'Female', 'Admin', '2022-03-12T00:00:00.0000000', 'Active', 103, GETUTCDATE(), 0);
INSERT INTO kumarcapstone_Employees (Id, EmployeeCode, FirstName, LastName, Email, PhoneNumber, Gender, Designation, DateOfJoining, EmploymentStatus, DepartmentId, CreatedDate, IsDeleted) VALUES (1004, 'EMP-2026-0004', 'Michael', 'Anderson', 'michael.anderson1004@hrmanagement.com', '555-421-4564', 'Male', 'Admin', '2023-04-13T00:00:00.0000000', 'Active', 104, GETUTCDATE(), 0);
INSERT INTO kumarcapstone_Employees (Id, EmployeeCode, FirstName, LastName, Email, PhoneNumber, Gender, Designation, DateOfJoining, EmploymentStatus, DepartmentId, CreatedDate, IsDeleted) VALUES (1005, 'EMP-2026-0005', 'John', 'Jackson', 'john.jackson1005@hrmanagement.com', '555-640-6008', 'Female', 'Admin', '2024-05-14T00:00:00.0000000', 'Active', 105, GETUTCDATE(), 0);
INSERT INTO kumarcapstone_Employees (Id, EmployeeCode, FirstName, LastName, Email, PhoneNumber, Gender, Designation, DateOfJoining, EmploymentStatus, DepartmentId, CreatedDate, IsDeleted) VALUES (1006, 'EMP-2026-0006', 'James', 'Anderson', 'james.anderson1006@hrmanagement.com', '555-557-4677', 'Female', 'HR Manager', '2020-06-15T00:00:00.0000000', 'Active', 106, GETUTCDATE(), 0);
INSERT INTO kumarcapstone_Employees (Id, EmployeeCode, FirstName, LastName, Email, PhoneNumber, Gender, Designation, DateOfJoining, EmploymentStatus, DepartmentId, CreatedDate, IsDeleted) VALUES (1007, 'EMP-2026-0007', 'James', 'Smith', 'james.smith1007@hrmanagement.com', '555-121-5620', 'Female', 'HR Manager', '2021-07-16T00:00:00.0000000', 'Active', 107, GETUTCDATE(), 0);
INSERT INTO kumarcapstone_Employees (Id, EmployeeCode, FirstName, LastName, Email, PhoneNumber, Gender, Designation, DateOfJoining, EmploymentStatus, DepartmentId, CreatedDate, IsDeleted) VALUES (1008, 'EMP-2026-0008', 'William', 'Jones', 'william.jones1008@hrmanagement.com', '555-102-5301', 'Female', 'HR Manager', '2022-08-17T00:00:00.0000000', 'Active', 108, GETUTCDATE(), 0);
INSERT INTO kumarcapstone_Employees (Id, EmployeeCode, FirstName, LastName, Email, PhoneNumber, Gender, Designation, DateOfJoining, EmploymentStatus, DepartmentId, CreatedDate, IsDeleted) VALUES (1009, 'EMP-2026-0009', 'Michael', 'Anderson', 'michael.anderson1009@hrmanagement.com', '555-450-6232', 'Female', 'HR Manager', '2023-09-18T00:00:00.0000000', 'Active', 109, GETUTCDATE(), 0);
INSERT INTO kumarcapstone_Employees (Id, EmployeeCode, FirstName, LastName, Email, PhoneNumber, Gender, Designation, DateOfJoining, EmploymentStatus, DepartmentId, CreatedDate, IsDeleted) VALUES (1010, 'EMP-2026-0010', 'John', 'Miller', 'john.miller1010@hrmanagement.com', '555-875-4981', 'Male', 'HR Manager', '2024-01-19T00:00:00.0000000', 'Active', 110, GETUTCDATE(), 0);
INSERT INTO kumarcapstone_Employees (Id, EmployeeCode, FirstName, LastName, Email, PhoneNumber, Gender, Designation, DateOfJoining, EmploymentStatus, DepartmentId, CreatedDate, IsDeleted) VALUES (1011, 'EMP-2026-0011', 'David', 'Taylor', 'david.taylor1011@hrmanagement.com', '555-349-6748', 'Female', 'HR Manager', '2020-02-20T00:00:00.0000000', 'Active', 101, GETUTCDATE(), 0);
INSERT INTO kumarcapstone_Employees (Id, EmployeeCode, FirstName, LastName, Email, PhoneNumber, Gender, Designation, DateOfJoining, EmploymentStatus, DepartmentId, CreatedDate, IsDeleted) VALUES (1012, 'EMP-2026-0012', 'James', 'Anderson', 'james.anderson1012@hrmanagement.com', '555-890-2861', 'Male', 'HR Manager', '2021-03-21T00:00:00.0000000', 'Active', 102, GETUTCDATE(), 0);
INSERT INTO kumarcapstone_Employees (Id, EmployeeCode, FirstName, LastName, Email, PhoneNumber, Gender, Designation, DateOfJoining, EmploymentStatus, DepartmentId, CreatedDate, IsDeleted) VALUES (1013, 'EMP-2026-0013', 'Sophia', 'White', 'sophia.white1013@hrmanagement.com', '555-854-9042', 'Male', 'HR Manager', '2022-04-22T00:00:00.0000000', 'Active', 103, GETUTCDATE(), 0);
INSERT INTO kumarcapstone_Employees (Id, EmployeeCode, FirstName, LastName, Email, PhoneNumber, Gender, Designation, DateOfJoining, EmploymentStatus, DepartmentId, CreatedDate, IsDeleted) VALUES (1014, 'EMP-2026-0014', 'Emma', 'Thomas', 'emma.thomas1014@hrmanagement.com', '555-680-3424', 'Male', 'HR Manager', '2023-05-23T00:00:00.0000000', 'Active', 104, GETUTCDATE(), 0);
INSERT INTO kumarcapstone_Employees (Id, EmployeeCode, FirstName, LastName, Email, PhoneNumber, Gender, Designation, DateOfJoining, EmploymentStatus, DepartmentId, CreatedDate, IsDeleted) VALUES (1015, 'EMP-2026-0015', 'Daniel', 'Smith', 'daniel.smith1015@hrmanagement.com', '555-368-5421', 'Female', 'HR Manager', '2024-06-24T00:00:00.0000000', 'Active', 105, GETUTCDATE(), 0);
INSERT INTO kumarcapstone_Employees (Id, EmployeeCode, FirstName, LastName, Email, PhoneNumber, Gender, Designation, DateOfJoining, EmploymentStatus, DepartmentId, CreatedDate, IsDeleted) VALUES (1016, 'EMP-2026-0016', 'David', 'Thomas', 'david.thomas1016@hrmanagement.com', '555-244-2286', 'Female', 'Employee', '2020-07-10T00:00:00.0000000', 'Active', 106, GETUTCDATE(), 0);
INSERT INTO kumarcapstone_Employees (Id, EmployeeCode, FirstName, LastName, Email, PhoneNumber, Gender, Designation, DateOfJoining, EmploymentStatus, DepartmentId, CreatedDate, IsDeleted) VALUES (1017, 'EMP-2026-0017', 'William', 'Miller', 'william.miller1017@hrmanagement.com', '555-802-7856', 'Female', 'Employee', '2021-08-11T00:00:00.0000000', 'Active', 107, GETUTCDATE(), 0);
INSERT INTO kumarcapstone_Employees (Id, EmployeeCode, FirstName, LastName, Email, PhoneNumber, Gender, Designation, DateOfJoining, EmploymentStatus, DepartmentId, CreatedDate, IsDeleted) VALUES (1018, 'EMP-2026-0018', 'James', 'Wilson', 'james.wilson1018@hrmanagement.com', '555-529-1439', 'Female', 'Employee', '2022-09-12T00:00:00.0000000', 'Active', 108, GETUTCDATE(), 0);
INSERT INTO kumarcapstone_Employees (Id, EmployeeCode, FirstName, LastName, Email, PhoneNumber, Gender, Designation, DateOfJoining, EmploymentStatus, DepartmentId, CreatedDate, IsDeleted) VALUES (1019, 'EMP-2026-0019', 'Daniel', 'Jones', 'daniel.jones1019@hrmanagement.com', '555-459-1250', 'Female', 'Employee', '2023-01-13T00:00:00.0000000', 'Active', 109, GETUTCDATE(), 0);
INSERT INTO kumarcapstone_Employees (Id, EmployeeCode, FirstName, LastName, Email, PhoneNumber, Gender, Designation, DateOfJoining, EmploymentStatus, DepartmentId, CreatedDate, IsDeleted) VALUES (1020, 'EMP-2026-0020', 'Sarah', 'Thomas', 'sarah.thomas1020@hrmanagement.com', '555-197-1696', 'Female', 'Employee', '2024-02-14T00:00:00.0000000', 'Active', 110, GETUTCDATE(), 0);
INSERT INTO kumarcapstone_Employees (Id, EmployeeCode, FirstName, LastName, Email, PhoneNumber, Gender, Designation, DateOfJoining, EmploymentStatus, DepartmentId, CreatedDate, IsDeleted) VALUES (1021, 'EMP-2026-0021', 'David', 'Taylor', 'david.taylor1021@hrmanagement.com', '555-495-7963', 'Female', 'Employee', '2020-03-15T00:00:00.0000000', 'Active', 101, GETUTCDATE(), 0);
INSERT INTO kumarcapstone_Employees (Id, EmployeeCode, FirstName, LastName, Email, PhoneNumber, Gender, Designation, DateOfJoining, EmploymentStatus, DepartmentId, CreatedDate, IsDeleted) VALUES (1022, 'EMP-2026-0022', 'Olivia', 'White', 'olivia.white1022@hrmanagement.com', '555-337-3653', 'Male', 'Employee', '2021-04-16T00:00:00.0000000', 'Active', 102, GETUTCDATE(), 0);
INSERT INTO kumarcapstone_Employees (Id, EmployeeCode, FirstName, LastName, Email, PhoneNumber, Gender, Designation, DateOfJoining, EmploymentStatus, DepartmentId, CreatedDate, IsDeleted) VALUES (1023, 'EMP-2026-0023', 'Daniel', 'Miller', 'daniel.miller1023@hrmanagement.com', '555-377-5596', 'Male', 'Employee', '2022-05-17T00:00:00.0000000', 'Active', 103, GETUTCDATE(), 0);
INSERT INTO kumarcapstone_Employees (Id, EmployeeCode, FirstName, LastName, Email, PhoneNumber, Gender, Designation, DateOfJoining, EmploymentStatus, DepartmentId, CreatedDate, IsDeleted) VALUES (1024, 'EMP-2026-0024', 'Sarah', 'Jackson', 'sarah.jackson1024@hrmanagement.com', '555-630-2308', 'Male', 'Employee', '2023-06-18T00:00:00.0000000', 'Active', 104, GETUTCDATE(), 0);
INSERT INTO kumarcapstone_Employees (Id, EmployeeCode, FirstName, LastName, Email, PhoneNumber, Gender, Designation, DateOfJoining, EmploymentStatus, DepartmentId, CreatedDate, IsDeleted) VALUES (1025, 'EMP-2026-0025', 'David', 'White', 'david.white1025@hrmanagement.com', '555-118-9663', 'Female', 'Employee', '2024-07-19T00:00:00.0000000', 'Active', 105, GETUTCDATE(), 0);
INSERT INTO kumarcapstone_Employees (Id, EmployeeCode, FirstName, LastName, Email, PhoneNumber, Gender, Designation, DateOfJoining, EmploymentStatus, DepartmentId, CreatedDate, IsDeleted) VALUES (1026, 'EMP-2026-0026', 'John', 'Jones', 'john.jones1026@hrmanagement.com', '555-358-6016', 'Male', 'Employee', '2020-08-20T00:00:00.0000000', 'Active', 106, GETUTCDATE(), 0);
INSERT INTO kumarcapstone_Employees (Id, EmployeeCode, FirstName, LastName, Email, PhoneNumber, Gender, Designation, DateOfJoining, EmploymentStatus, DepartmentId, CreatedDate, IsDeleted) VALUES (1027, 'EMP-2026-0027', 'Michael', 'Miller', 'michael.miller1027@hrmanagement.com', '555-977-7235', 'Female', 'Employee', '2021-09-21T00:00:00.0000000', 'Active', 107, GETUTCDATE(), 0);
INSERT INTO kumarcapstone_Employees (Id, EmployeeCode, FirstName, LastName, Email, PhoneNumber, Gender, Designation, DateOfJoining, EmploymentStatus, DepartmentId, CreatedDate, IsDeleted) VALUES (1028, 'EMP-2026-0028', 'William', 'White', 'william.white1028@hrmanagement.com', '555-954-8569', 'Female', 'Employee', '2022-01-22T00:00:00.0000000', 'Active', 108, GETUTCDATE(), 0);
INSERT INTO kumarcapstone_Employees (Id, EmployeeCode, FirstName, LastName, Email, PhoneNumber, Gender, Designation, DateOfJoining, EmploymentStatus, DepartmentId, CreatedDate, IsDeleted) VALUES (1029, 'EMP-2026-0029', 'Sarah', 'White', 'sarah.white1029@hrmanagement.com', '555-120-7085', 'Male', 'Employee', '2023-02-23T00:00:00.0000000', 'Active', 109, GETUTCDATE(), 0);
INSERT INTO kumarcapstone_Employees (Id, EmployeeCode, FirstName, LastName, Email, PhoneNumber, Gender, Designation, DateOfJoining, EmploymentStatus, DepartmentId, CreatedDate, IsDeleted) VALUES (1030, 'EMP-2026-0030', 'William', 'White', 'william.white1030@hrmanagement.com', '555-724-3377', 'Female', 'Employee', '2024-03-24T00:00:00.0000000', 'Active', 110, GETUTCDATE(), 0);
INSERT INTO kumarcapstone_Employees (Id, EmployeeCode, FirstName, LastName, Email, PhoneNumber, Gender, Designation, DateOfJoining, EmploymentStatus, DepartmentId, CreatedDate, IsDeleted) VALUES (1031, 'EMP-2026-0031', 'David', 'Anderson', 'david.anderson1031@hrmanagement.com', '555-425-5688', 'Female', 'Employee', '2020-04-10T00:00:00.0000000', 'Active', 101, GETUTCDATE(), 0);
INSERT INTO kumarcapstone_Employees (Id, EmployeeCode, FirstName, LastName, Email, PhoneNumber, Gender, Designation, DateOfJoining, EmploymentStatus, DepartmentId, CreatedDate, IsDeleted) VALUES (1032, 'EMP-2026-0032', 'John', 'Jones', 'john.jones1032@hrmanagement.com', '555-412-2782', 'Male', 'Employee', '2021-05-11T00:00:00.0000000', 'Active', 102, GETUTCDATE(), 0);
INSERT INTO kumarcapstone_Employees (Id, EmployeeCode, FirstName, LastName, Email, PhoneNumber, Gender, Designation, DateOfJoining, EmploymentStatus, DepartmentId, CreatedDate, IsDeleted) VALUES (1033, 'EMP-2026-0033', 'Olivia', 'Taylor', 'olivia.taylor1033@hrmanagement.com', '555-911-3594', 'Male', 'Employee', '2022-06-12T00:00:00.0000000', 'Active', 103, GETUTCDATE(), 0);
INSERT INTO kumarcapstone_Employees (Id, EmployeeCode, FirstName, LastName, Email, PhoneNumber, Gender, Designation, DateOfJoining, EmploymentStatus, DepartmentId, CreatedDate, IsDeleted) VALUES (1034, 'EMP-2026-0034', 'David', 'Thomas', 'david.thomas1034@hrmanagement.com', '555-116-2345', 'Female', 'Employee', '2023-07-13T00:00:00.0000000', 'Active', 104, GETUTCDATE(), 0);
INSERT INTO kumarcapstone_Employees (Id, EmployeeCode, FirstName, LastName, Email, PhoneNumber, Gender, Designation, DateOfJoining, EmploymentStatus, DepartmentId, CreatedDate, IsDeleted) VALUES (1035, 'EMP-2026-0035', 'Emma', 'Brown', 'emma.brown1035@hrmanagement.com', '555-823-6288', 'Male', 'Employee', '2024-08-14T00:00:00.0000000', 'Active', 105, GETUTCDATE(), 0);
INSERT INTO kumarcapstone_Employees (Id, EmployeeCode, FirstName, LastName, Email, PhoneNumber, Gender, Designation, DateOfJoining, EmploymentStatus, DepartmentId, CreatedDate, IsDeleted) VALUES (1036, 'EMP-2026-0036', 'Sarah', 'Taylor', 'sarah.taylor1036@hrmanagement.com', '555-181-1950', 'Male', 'Employee', '2020-09-15T00:00:00.0000000', 'Active', 106, GETUTCDATE(), 0);
INSERT INTO kumarcapstone_Employees (Id, EmployeeCode, FirstName, LastName, Email, PhoneNumber, Gender, Designation, DateOfJoining, EmploymentStatus, DepartmentId, CreatedDate, IsDeleted) VALUES (1037, 'EMP-2026-0037', 'Michael', 'Anderson', 'michael.anderson1037@hrmanagement.com', '555-370-3813', 'Male', 'Employee', '2021-01-16T00:00:00.0000000', 'Active', 107, GETUTCDATE(), 0);
INSERT INTO kumarcapstone_Employees (Id, EmployeeCode, FirstName, LastName, Email, PhoneNumber, Gender, Designation, DateOfJoining, EmploymentStatus, DepartmentId, CreatedDate, IsDeleted) VALUES (1038, 'EMP-2026-0038', 'James', 'Wilson', 'james.wilson1038@hrmanagement.com', '555-404-7016', 'Male', 'Employee', '2022-02-17T00:00:00.0000000', 'Active', 108, GETUTCDATE(), 0);
INSERT INTO kumarcapstone_Employees (Id, EmployeeCode, FirstName, LastName, Email, PhoneNumber, Gender, Designation, DateOfJoining, EmploymentStatus, DepartmentId, CreatedDate, IsDeleted) VALUES (1039, 'EMP-2026-0039', 'Michael', 'Thomas', 'michael.thomas1039@hrmanagement.com', '555-604-3209', 'Female', 'Employee', '2023-03-18T00:00:00.0000000', 'Active', 109, GETUTCDATE(), 0);
INSERT INTO kumarcapstone_Employees (Id, EmployeeCode, FirstName, LastName, Email, PhoneNumber, Gender, Designation, DateOfJoining, EmploymentStatus, DepartmentId, CreatedDate, IsDeleted) VALUES (1040, 'EMP-2026-0040', 'Michael', 'Brown', 'michael.brown1040@hrmanagement.com', '555-536-4131', 'Female', 'Employee', '2024-04-19T00:00:00.0000000', 'Active', 110, GETUTCDATE(), 0);
INSERT INTO kumarcapstone_Employees (Id, EmployeeCode, FirstName, LastName, Email, PhoneNumber, Gender, Designation, DateOfJoining, EmploymentStatus, DepartmentId, CreatedDate, IsDeleted) VALUES (1041, 'EMP-2026-0041', 'Emma', 'Wilson', 'emma.wilson1041@hrmanagement.com', '555-895-5839', 'Female', 'Employee', '2020-05-20T00:00:00.0000000', 'Active', 101, GETUTCDATE(), 0);
INSERT INTO kumarcapstone_Employees (Id, EmployeeCode, FirstName, LastName, Email, PhoneNumber, Gender, Designation, DateOfJoining, EmploymentStatus, DepartmentId, CreatedDate, IsDeleted) VALUES (1042, 'EMP-2026-0042', 'Michael', 'Jackson', 'michael.jackson1042@hrmanagement.com', '555-373-9729', 'Male', 'Employee', '2021-06-21T00:00:00.0000000', 'Active', 102, GETUTCDATE(), 0);
INSERT INTO kumarcapstone_Employees (Id, EmployeeCode, FirstName, LastName, Email, PhoneNumber, Gender, Designation, DateOfJoining, EmploymentStatus, DepartmentId, CreatedDate, IsDeleted) VALUES (1043, 'EMP-2026-0043', 'Sophia', 'Jones', 'sophia.jones1043@hrmanagement.com', '555-974-1509', 'Male', 'Employee', '2022-07-22T00:00:00.0000000', 'Active', 103, GETUTCDATE(), 0);
INSERT INTO kumarcapstone_Employees (Id, EmployeeCode, FirstName, LastName, Email, PhoneNumber, Gender, Designation, DateOfJoining, EmploymentStatus, DepartmentId, CreatedDate, IsDeleted) VALUES (1044, 'EMP-2026-0044', 'Olivia', 'Taylor', 'olivia.taylor1044@hrmanagement.com', '555-426-4921', 'Male', 'Employee', '2023-08-23T00:00:00.0000000', 'Active', 104, GETUTCDATE(), 0);
INSERT INTO kumarcapstone_Employees (Id, EmployeeCode, FirstName, LastName, Email, PhoneNumber, Gender, Designation, DateOfJoining, EmploymentStatus, DepartmentId, CreatedDate, IsDeleted) VALUES (1045, 'EMP-2026-0045', 'Sophia', 'Anderson', 'sophia.anderson1045@hrmanagement.com', '555-613-3023', 'Female', 'Employee', '2024-09-24T00:00:00.0000000', 'Active', 105, GETUTCDATE(), 0);
INSERT INTO kumarcapstone_Employees (Id, EmployeeCode, FirstName, LastName, Email, PhoneNumber, Gender, Designation, DateOfJoining, EmploymentStatus, DepartmentId, CreatedDate, IsDeleted) VALUES (1046, 'EMP-2026-0046', 'David', 'White', 'david.white1046@hrmanagement.com', '555-855-5538', 'Female', 'Employee', '2020-01-10T00:00:00.0000000', 'Active', 106, GETUTCDATE(), 0);
INSERT INTO kumarcapstone_Employees (Id, EmployeeCode, FirstName, LastName, Email, PhoneNumber, Gender, Designation, DateOfJoining, EmploymentStatus, DepartmentId, CreatedDate, IsDeleted) VALUES (1047, 'EMP-2026-0047', 'David', 'Brown', 'david.brown1047@hrmanagement.com', '555-972-1122', 'Male', 'Employee', '2021-02-11T00:00:00.0000000', 'Active', 107, GETUTCDATE(), 0);
INSERT INTO kumarcapstone_Employees (Id, EmployeeCode, FirstName, LastName, Email, PhoneNumber, Gender, Designation, DateOfJoining, EmploymentStatus, DepartmentId, CreatedDate, IsDeleted) VALUES (1048, 'EMP-2026-0048', 'Emma', 'Jones', 'emma.jones1048@hrmanagement.com', '555-229-5000', 'Female', 'Employee', '2022-03-12T00:00:00.0000000', 'Active', 108, GETUTCDATE(), 0);
INSERT INTO kumarcapstone_Employees (Id, EmployeeCode, FirstName, LastName, Email, PhoneNumber, Gender, Designation, DateOfJoining, EmploymentStatus, DepartmentId, CreatedDate, IsDeleted) VALUES (1049, 'EMP-2026-0049', 'James', 'White', 'james.white1049@hrmanagement.com', '555-145-2186', 'Female', 'Employee', '2023-04-13T00:00:00.0000000', 'Active', 109, GETUTCDATE(), 0);
INSERT INTO kumarcapstone_Employees (Id, EmployeeCode, FirstName, LastName, Email, PhoneNumber, Gender, Designation, DateOfJoining, EmploymentStatus, DepartmentId, CreatedDate, IsDeleted) VALUES (1050, 'EMP-2026-0050', 'Emma', 'Wilson', 'emma.wilson1050@hrmanagement.com', '555-490-1606', 'Female', 'Employee', '2024-05-14T00:00:00.0000000', 'Active', 110, GETUTCDATE(), 0);
INSERT INTO kumarcapstone_Employees (Id, EmployeeCode, FirstName, LastName, Email, PhoneNumber, Gender, Designation, DateOfJoining, EmploymentStatus, DepartmentId, CreatedDate, IsDeleted) VALUES (1051, 'EMP-2026-0051', 'Olivia', 'Wilson', 'olivia.wilson1051@hrmanagement.com', '555-300-7923', 'Male', 'Employee', '2020-06-15T00:00:00.0000000', 'Active', 101, GETUTCDATE(), 0);
INSERT INTO kumarcapstone_Employees (Id, EmployeeCode, FirstName, LastName, Email, PhoneNumber, Gender, Designation, DateOfJoining, EmploymentStatus, DepartmentId, CreatedDate, IsDeleted) VALUES (1052, 'EMP-2026-0052', 'Sophia', 'Jackson', 'sophia.jackson1052@hrmanagement.com', '555-119-4401', 'Male', 'Employee', '2021-07-16T00:00:00.0000000', 'Active', 102, GETUTCDATE(), 0);
INSERT INTO kumarcapstone_Employees (Id, EmployeeCode, FirstName, LastName, Email, PhoneNumber, Gender, Designation, DateOfJoining, EmploymentStatus, DepartmentId, CreatedDate, IsDeleted) VALUES (1053, 'EMP-2026-0053', 'Michael', 'White', 'michael.white1053@hrmanagement.com', '555-970-5537', 'Female', 'Employee', '2022-08-17T00:00:00.0000000', 'Active', 103, GETUTCDATE(), 0);
INSERT INTO kumarcapstone_Employees (Id, EmployeeCode, FirstName, LastName, Email, PhoneNumber, Gender, Designation, DateOfJoining, EmploymentStatus, DepartmentId, CreatedDate, IsDeleted) VALUES (1054, 'EMP-2026-0054', 'Sophia', 'Anderson', 'sophia.anderson1054@hrmanagement.com', '555-406-9859', 'Male', 'Employee', '2023-09-18T00:00:00.0000000', 'Active', 104, GETUTCDATE(), 0);
INSERT INTO kumarcapstone_Employees (Id, EmployeeCode, FirstName, LastName, Email, PhoneNumber, Gender, Designation, DateOfJoining, EmploymentStatus, DepartmentId, CreatedDate, IsDeleted) VALUES (1055, 'EMP-2026-0055', 'Michael', 'Miller', 'michael.miller1055@hrmanagement.com', '555-765-7005', 'Male', 'Employee', '2024-01-19T00:00:00.0000000', 'Active', 105, GETUTCDATE(), 0);
INSERT INTO kumarcapstone_Employees (Id, EmployeeCode, FirstName, LastName, Email, PhoneNumber, Gender, Designation, DateOfJoining, EmploymentStatus, DepartmentId, CreatedDate, IsDeleted) VALUES (1056, 'EMP-2026-0056', 'William', 'Anderson', 'william.anderson1056@hrmanagement.com', '555-590-8856', 'Male', 'Employee', '2020-02-20T00:00:00.0000000', 'Active', 106, GETUTCDATE(), 0);
INSERT INTO kumarcapstone_Employees (Id, EmployeeCode, FirstName, LastName, Email, PhoneNumber, Gender, Designation, DateOfJoining, EmploymentStatus, DepartmentId, CreatedDate, IsDeleted) VALUES (1057, 'EMP-2026-0057', 'Michael', 'Wilson', 'michael.wilson1057@hrmanagement.com', '555-398-2447', 'Male', 'Employee', '2021-03-21T00:00:00.0000000', 'Active', 107, GETUTCDATE(), 0);
INSERT INTO kumarcapstone_Employees (Id, EmployeeCode, FirstName, LastName, Email, PhoneNumber, Gender, Designation, DateOfJoining, EmploymentStatus, DepartmentId, CreatedDate, IsDeleted) VALUES (1058, 'EMP-2026-0058', 'Michael', 'Taylor', 'michael.taylor1058@hrmanagement.com', '555-892-8644', 'Male', 'Employee', '2022-04-22T00:00:00.0000000', 'Active', 108, GETUTCDATE(), 0);
INSERT INTO kumarcapstone_Employees (Id, EmployeeCode, FirstName, LastName, Email, PhoneNumber, Gender, Designation, DateOfJoining, EmploymentStatus, DepartmentId, CreatedDate, IsDeleted) VALUES (1059, 'EMP-2026-0059', 'Sophia', 'Brown', 'sophia.brown1059@hrmanagement.com', '555-729-5704', 'Female', 'Employee', '2023-05-23T00:00:00.0000000', 'Active', 109, GETUTCDATE(), 0);
INSERT INTO kumarcapstone_Employees (Id, EmployeeCode, FirstName, LastName, Email, PhoneNumber, Gender, Designation, DateOfJoining, EmploymentStatus, DepartmentId, CreatedDate, IsDeleted) VALUES (1060, 'EMP-2026-0060', 'Michael', 'Taylor', 'michael.taylor1060@hrmanagement.com', '555-828-8604', 'Female', 'Employee', '2024-06-24T00:00:00.0000000', 'Active', 110, GETUTCDATE(), 0);
INSERT INTO kumarcapstone_Employees (Id, EmployeeCode, FirstName, LastName, Email, PhoneNumber, Gender, Designation, DateOfJoining, EmploymentStatus, DepartmentId, CreatedDate, IsDeleted) VALUES (1061, 'EMP-2026-0061', 'Sarah', 'Smith', 'sarah.smith1061@hrmanagement.com', '555-928-1112', 'Female', 'Employee', '2020-07-10T00:00:00.0000000', 'Active', 101, GETUTCDATE(), 0);
INSERT INTO kumarcapstone_Employees (Id, EmployeeCode, FirstName, LastName, Email, PhoneNumber, Gender, Designation, DateOfJoining, EmploymentStatus, DepartmentId, CreatedDate, IsDeleted) VALUES (1062, 'EMP-2026-0062', 'Daniel', 'Miller', 'daniel.miller1062@hrmanagement.com', '555-443-5477', 'Male', 'Employee', '2021-08-11T00:00:00.0000000', 'Active', 102, GETUTCDATE(), 0);
INSERT INTO kumarcapstone_Employees (Id, EmployeeCode, FirstName, LastName, Email, PhoneNumber, Gender, Designation, DateOfJoining, EmploymentStatus, DepartmentId, CreatedDate, IsDeleted) VALUES (1063, 'EMP-2026-0063', 'Michael', 'Taylor', 'michael.taylor1063@hrmanagement.com', '555-182-5938', 'Male', 'Employee', '2022-09-12T00:00:00.0000000', 'Active', 103, GETUTCDATE(), 0);
INSERT INTO kumarcapstone_Employees (Id, EmployeeCode, FirstName, LastName, Email, PhoneNumber, Gender, Designation, DateOfJoining, EmploymentStatus, DepartmentId, CreatedDate, IsDeleted) VALUES (1064, 'EMP-2026-0064', 'Sophia', 'Jones', 'sophia.jones1064@hrmanagement.com', '555-340-7124', 'Female', 'Employee', '2023-01-13T00:00:00.0000000', 'Active', 104, GETUTCDATE(), 0);
INSERT INTO kumarcapstone_Employees (Id, EmployeeCode, FirstName, LastName, Email, PhoneNumber, Gender, Designation, DateOfJoining, EmploymentStatus, DepartmentId, CreatedDate, IsDeleted) VALUES (1065, 'EMP-2026-0065', 'Emma', 'Brown', 'emma.brown1065@hrmanagement.com', '555-245-9215', 'Male', 'Employee', '2024-02-14T00:00:00.0000000', 'Active', 105, GETUTCDATE(), 0);
INSERT INTO kumarcapstone_Employees (Id, EmployeeCode, FirstName, LastName, Email, PhoneNumber, Gender, Designation, DateOfJoining, EmploymentStatus, DepartmentId, CreatedDate, IsDeleted) VALUES (1066, 'EMP-2026-0066', 'William', 'Jackson', 'william.jackson1066@hrmanagement.com', '555-707-4414', 'Female', 'Employee', '2020-03-15T00:00:00.0000000', 'Active', 106, GETUTCDATE(), 0);
INSERT INTO kumarcapstone_Employees (Id, EmployeeCode, FirstName, LastName, Email, PhoneNumber, Gender, Designation, DateOfJoining, EmploymentStatus, DepartmentId, CreatedDate, IsDeleted) VALUES (1067, 'EMP-2026-0067', 'David', 'Thomas', 'david.thomas1067@hrmanagement.com', '555-517-9861', 'Male', 'Employee', '2021-04-16T00:00:00.0000000', 'Active', 107, GETUTCDATE(), 0);
INSERT INTO kumarcapstone_Employees (Id, EmployeeCode, FirstName, LastName, Email, PhoneNumber, Gender, Designation, DateOfJoining, EmploymentStatus, DepartmentId, CreatedDate, IsDeleted) VALUES (1068, 'EMP-2026-0068', 'John', 'Anderson', 'john.anderson1068@hrmanagement.com', '555-804-1648', 'Female', 'Employee', '2022-05-17T00:00:00.0000000', 'Active', 108, GETUTCDATE(), 0);
INSERT INTO kumarcapstone_Employees (Id, EmployeeCode, FirstName, LastName, Email, PhoneNumber, Gender, Designation, DateOfJoining, EmploymentStatus, DepartmentId, CreatedDate, IsDeleted) VALUES (1069, 'EMP-2026-0069', 'Olivia', 'Smith', 'olivia.smith1069@hrmanagement.com', '555-944-8240', 'Female', 'Employee', '2023-06-18T00:00:00.0000000', 'Active', 109, GETUTCDATE(), 0);
INSERT INTO kumarcapstone_Employees (Id, EmployeeCode, FirstName, LastName, Email, PhoneNumber, Gender, Designation, DateOfJoining, EmploymentStatus, DepartmentId, CreatedDate, IsDeleted) VALUES (1070, 'EMP-2026-0070', 'Emma', 'Miller', 'emma.miller1070@hrmanagement.com', '555-469-2209', 'Male', 'Employee', '2024-07-19T00:00:00.0000000', 'Active', 110, GETUTCDATE(), 0);
INSERT INTO kumarcapstone_Employees (Id, EmployeeCode, FirstName, LastName, Email, PhoneNumber, Gender, Designation, DateOfJoining, EmploymentStatus, DepartmentId, CreatedDate, IsDeleted) VALUES (1071, 'EMP-2026-0071', 'John', 'White', 'john.white1071@hrmanagement.com', '555-263-5976', 'Female', 'Employee', '2020-08-20T00:00:00.0000000', 'Active', 101, GETUTCDATE(), 0);
INSERT INTO kumarcapstone_Employees (Id, EmployeeCode, FirstName, LastName, Email, PhoneNumber, Gender, Designation, DateOfJoining, EmploymentStatus, DepartmentId, CreatedDate, IsDeleted) VALUES (1072, 'EMP-2026-0072', 'Daniel', 'Jackson', 'daniel.jackson1072@hrmanagement.com', '555-456-1909', 'Male', 'Employee', '2021-09-21T00:00:00.0000000', 'Active', 102, GETUTCDATE(), 0);
INSERT INTO kumarcapstone_Employees (Id, EmployeeCode, FirstName, LastName, Email, PhoneNumber, Gender, Designation, DateOfJoining, EmploymentStatus, DepartmentId, CreatedDate, IsDeleted) VALUES (1073, 'EMP-2026-0073', 'William', 'Jackson', 'william.jackson1073@hrmanagement.com', '555-753-7135', 'Male', 'Employee', '2022-01-22T00:00:00.0000000', 'Active', 103, GETUTCDATE(), 0);
INSERT INTO kumarcapstone_Employees (Id, EmployeeCode, FirstName, LastName, Email, PhoneNumber, Gender, Designation, DateOfJoining, EmploymentStatus, DepartmentId, CreatedDate, IsDeleted) VALUES (1074, 'EMP-2026-0074', 'Michael', 'Smith', 'michael.smith1074@hrmanagement.com', '555-203-2955', 'Male', 'Employee', '2023-02-23T00:00:00.0000000', 'Active', 104, GETUTCDATE(), 0);
INSERT INTO kumarcapstone_Employees (Id, EmployeeCode, FirstName, LastName, Email, PhoneNumber, Gender, Designation, DateOfJoining, EmploymentStatus, DepartmentId, CreatedDate, IsDeleted) VALUES (1075, 'EMP-2026-0075', 'Emma', 'Thomas', 'emma.thomas1075@hrmanagement.com', '555-321-8027', 'Male', 'Employee', '2024-03-24T00:00:00.0000000', 'Active', 105, GETUTCDATE(), 0);
INSERT INTO kumarcapstone_Employees (Id, EmployeeCode, FirstName, LastName, Email, PhoneNumber, Gender, Designation, DateOfJoining, EmploymentStatus, DepartmentId, CreatedDate, IsDeleted) VALUES (1076, 'EMP-2026-0076', 'Michael', 'Jackson', 'michael.jackson1076@hrmanagement.com', '555-685-9660', 'Male', 'Employee', '2020-04-10T00:00:00.0000000', 'Active', 106, GETUTCDATE(), 0);
INSERT INTO kumarcapstone_Employees (Id, EmployeeCode, FirstName, LastName, Email, PhoneNumber, Gender, Designation, DateOfJoining, EmploymentStatus, DepartmentId, CreatedDate, IsDeleted) VALUES (1077, 'EMP-2026-0077', 'Sophia', 'Taylor', 'sophia.taylor1077@hrmanagement.com', '555-377-7353', 'Female', 'Employee', '2021-05-11T00:00:00.0000000', 'Active', 107, GETUTCDATE(), 0);
INSERT INTO kumarcapstone_Employees (Id, EmployeeCode, FirstName, LastName, Email, PhoneNumber, Gender, Designation, DateOfJoining, EmploymentStatus, DepartmentId, CreatedDate, IsDeleted) VALUES (1078, 'EMP-2026-0078', 'Sophia', 'Wilson', 'sophia.wilson1078@hrmanagement.com', '555-992-5311', 'Female', 'Employee', '2022-06-12T00:00:00.0000000', 'Active', 108, GETUTCDATE(), 0);
INSERT INTO kumarcapstone_Employees (Id, EmployeeCode, FirstName, LastName, Email, PhoneNumber, Gender, Designation, DateOfJoining, EmploymentStatus, DepartmentId, CreatedDate, IsDeleted) VALUES (1079, 'EMP-2026-0079', 'Michael', 'Smith', 'michael.smith1079@hrmanagement.com', '555-539-3651', 'Male', 'Employee', '2023-07-13T00:00:00.0000000', 'Active', 109, GETUTCDATE(), 0);
INSERT INTO kumarcapstone_Employees (Id, EmployeeCode, FirstName, LastName, Email, PhoneNumber, Gender, Designation, DateOfJoining, EmploymentStatus, DepartmentId, CreatedDate, IsDeleted) VALUES (1080, 'EMP-2026-0080', 'Daniel', 'Wilson', 'daniel.wilson1080@hrmanagement.com', '555-674-2703', 'Male', 'Employee', '2024-08-14T00:00:00.0000000', 'Active', 110, GETUTCDATE(), 0);
INSERT INTO kumarcapstone_Employees (Id, EmployeeCode, FirstName, LastName, Email, PhoneNumber, Gender, Designation, DateOfJoining, EmploymentStatus, DepartmentId, CreatedDate, IsDeleted) VALUES (1081, 'EMP-2026-0081', 'Sophia', 'Thomas', 'sophia.thomas1081@hrmanagement.com', '555-717-6809', 'Male', 'Employee', '2020-09-15T00:00:00.0000000', 'Active', 101, GETUTCDATE(), 0);
INSERT INTO kumarcapstone_Employees (Id, EmployeeCode, FirstName, LastName, Email, PhoneNumber, Gender, Designation, DateOfJoining, EmploymentStatus, DepartmentId, CreatedDate, IsDeleted) VALUES (1082, 'EMP-2026-0082', 'James', 'White', 'james.white1082@hrmanagement.com', '555-319-4682', 'Female', 'Employee', '2021-01-16T00:00:00.0000000', 'Active', 102, GETUTCDATE(), 0);
INSERT INTO kumarcapstone_Employees (Id, EmployeeCode, FirstName, LastName, Email, PhoneNumber, Gender, Designation, DateOfJoining, EmploymentStatus, DepartmentId, CreatedDate, IsDeleted) VALUES (1083, 'EMP-2026-0083', 'Michael', 'Taylor', 'michael.taylor1083@hrmanagement.com', '555-986-5410', 'Male', 'Employee', '2022-02-17T00:00:00.0000000', 'Active', 103, GETUTCDATE(), 0);
INSERT INTO kumarcapstone_Employees (Id, EmployeeCode, FirstName, LastName, Email, PhoneNumber, Gender, Designation, DateOfJoining, EmploymentStatus, DepartmentId, CreatedDate, IsDeleted) VALUES (1084, 'EMP-2026-0084', 'William', 'Anderson', 'william.anderson1084@hrmanagement.com', '555-577-2816', 'Male', 'Employee', '2023-03-18T00:00:00.0000000', 'Active', 104, GETUTCDATE(), 0);
INSERT INTO kumarcapstone_Employees (Id, EmployeeCode, FirstName, LastName, Email, PhoneNumber, Gender, Designation, DateOfJoining, EmploymentStatus, DepartmentId, CreatedDate, IsDeleted) VALUES (1085, 'EMP-2026-0085', 'Olivia', 'Jackson', 'olivia.jackson1085@hrmanagement.com', '555-600-4776', 'Female', 'Employee', '2024-04-19T00:00:00.0000000', 'Active', 105, GETUTCDATE(), 0);
INSERT INTO kumarcapstone_Employees (Id, EmployeeCode, FirstName, LastName, Email, PhoneNumber, Gender, Designation, DateOfJoining, EmploymentStatus, DepartmentId, CreatedDate, IsDeleted) VALUES (1086, 'EMP-2026-0086', 'Sophia', 'Anderson', 'sophia.anderson1086@hrmanagement.com', '555-291-8364', 'Female', 'Employee', '2020-05-20T00:00:00.0000000', 'Active', 106, GETUTCDATE(), 0);
INSERT INTO kumarcapstone_Employees (Id, EmployeeCode, FirstName, LastName, Email, PhoneNumber, Gender, Designation, DateOfJoining, EmploymentStatus, DepartmentId, CreatedDate, IsDeleted) VALUES (1087, 'EMP-2026-0087', 'Michael', 'Smith', 'michael.smith1087@hrmanagement.com', '555-995-9819', 'Female', 'Employee', '2021-06-21T00:00:00.0000000', 'Active', 107, GETUTCDATE(), 0);
INSERT INTO kumarcapstone_Employees (Id, EmployeeCode, FirstName, LastName, Email, PhoneNumber, Gender, Designation, DateOfJoining, EmploymentStatus, DepartmentId, CreatedDate, IsDeleted) VALUES (1088, 'EMP-2026-0088', 'Olivia', 'Thomas', 'olivia.thomas1088@hrmanagement.com', '555-121-4294', 'Female', 'Employee', '2022-07-22T00:00:00.0000000', 'Active', 108, GETUTCDATE(), 0);
INSERT INTO kumarcapstone_Employees (Id, EmployeeCode, FirstName, LastName, Email, PhoneNumber, Gender, Designation, DateOfJoining, EmploymentStatus, DepartmentId, CreatedDate, IsDeleted) VALUES (1089, 'EMP-2026-0089', 'Sophia', 'Smith', 'sophia.smith1089@hrmanagement.com', '555-841-3765', 'Female', 'Employee', '2023-08-23T00:00:00.0000000', 'Active', 109, GETUTCDATE(), 0);
INSERT INTO kumarcapstone_Employees (Id, EmployeeCode, FirstName, LastName, Email, PhoneNumber, Gender, Designation, DateOfJoining, EmploymentStatus, DepartmentId, CreatedDate, IsDeleted) VALUES (1090, 'EMP-2026-0090', 'William', 'Wilson', 'william.wilson1090@hrmanagement.com', '555-146-8446', 'Female', 'Employee', '2024-09-24T00:00:00.0000000', 'Active', 110, GETUTCDATE(), 0);
INSERT INTO kumarcapstone_Employees (Id, EmployeeCode, FirstName, LastName, Email, PhoneNumber, Gender, Designation, DateOfJoining, EmploymentStatus, DepartmentId, CreatedDate, IsDeleted) VALUES (1091, 'EMP-2026-0091', 'William', 'Thomas', 'william.thomas1091@hrmanagement.com', '555-751-2494', 'Female', 'Employee', '2020-01-10T00:00:00.0000000', 'Active', 101, GETUTCDATE(), 0);
INSERT INTO kumarcapstone_Employees (Id, EmployeeCode, FirstName, LastName, Email, PhoneNumber, Gender, Designation, DateOfJoining, EmploymentStatus, DepartmentId, CreatedDate, IsDeleted) VALUES (1092, 'EMP-2026-0092', 'William', 'Anderson', 'william.anderson1092@hrmanagement.com', '555-948-3705', 'Female', 'Employee', '2021-02-11T00:00:00.0000000', 'Active', 102, GETUTCDATE(), 0);
INSERT INTO kumarcapstone_Employees (Id, EmployeeCode, FirstName, LastName, Email, PhoneNumber, Gender, Designation, DateOfJoining, EmploymentStatus, DepartmentId, CreatedDate, IsDeleted) VALUES (1093, 'EMP-2026-0093', 'Michael', 'Wilson', 'michael.wilson1093@hrmanagement.com', '555-191-4215', 'Male', 'Employee', '2022-03-12T00:00:00.0000000', 'Active', 103, GETUTCDATE(), 0);
INSERT INTO kumarcapstone_Employees (Id, EmployeeCode, FirstName, LastName, Email, PhoneNumber, Gender, Designation, DateOfJoining, EmploymentStatus, DepartmentId, CreatedDate, IsDeleted) VALUES (1094, 'EMP-2026-0094', 'James', 'Taylor', 'james.taylor1094@hrmanagement.com', '555-146-7347', 'Male', 'Employee', '2023-04-13T00:00:00.0000000', 'Active', 104, GETUTCDATE(), 0);
INSERT INTO kumarcapstone_Employees (Id, EmployeeCode, FirstName, LastName, Email, PhoneNumber, Gender, Designation, DateOfJoining, EmploymentStatus, DepartmentId, CreatedDate, IsDeleted) VALUES (1095, 'EMP-2026-0095', 'Olivia', 'Miller', 'olivia.miller1095@hrmanagement.com', '555-172-1011', 'Male', 'Employee', '2024-05-14T00:00:00.0000000', 'Active', 105, GETUTCDATE(), 0);
INSERT INTO kumarcapstone_Employees (Id, EmployeeCode, FirstName, LastName, Email, PhoneNumber, Gender, Designation, DateOfJoining, EmploymentStatus, DepartmentId, CreatedDate, IsDeleted) VALUES (1096, 'EMP-2026-0096', 'John', 'Brown', 'john.brown1096@hrmanagement.com', '555-154-9109', 'Male', 'Employee', '2020-06-15T00:00:00.0000000', 'Active', 106, GETUTCDATE(), 0);
INSERT INTO kumarcapstone_Employees (Id, EmployeeCode, FirstName, LastName, Email, PhoneNumber, Gender, Designation, DateOfJoining, EmploymentStatus, DepartmentId, CreatedDate, IsDeleted) VALUES (1097, 'EMP-2026-0097', 'David', 'Jackson', 'david.jackson1097@hrmanagement.com', '555-743-7959', 'Male', 'Employee', '2021-07-16T00:00:00.0000000', 'Active', 107, GETUTCDATE(), 0);
INSERT INTO kumarcapstone_Employees (Id, EmployeeCode, FirstName, LastName, Email, PhoneNumber, Gender, Designation, DateOfJoining, EmploymentStatus, DepartmentId, CreatedDate, IsDeleted) VALUES (1098, 'EMP-2026-0098', 'William', 'Jones', 'william.jones1098@hrmanagement.com', '555-387-9627', 'Male', 'Employee', '2022-08-17T00:00:00.0000000', 'Active', 108, GETUTCDATE(), 0);
INSERT INTO kumarcapstone_Employees (Id, EmployeeCode, FirstName, LastName, Email, PhoneNumber, Gender, Designation, DateOfJoining, EmploymentStatus, DepartmentId, CreatedDate, IsDeleted) VALUES (1099, 'EMP-2026-0099', 'Michael', 'Brown', 'michael.brown1099@hrmanagement.com', '555-675-6883', 'Female', 'Employee', '2023-09-18T00:00:00.0000000', 'Active', 109, GETUTCDATE(), 0);
INSERT INTO kumarcapstone_Employees (Id, EmployeeCode, FirstName, LastName, Email, PhoneNumber, Gender, Designation, DateOfJoining, EmploymentStatus, DepartmentId, CreatedDate, IsDeleted) VALUES (1100, 'EMP-2026-0100', 'Sophia', 'Wilson', 'sophia.wilson1100@hrmanagement.com', '555-971-9531', 'Male', 'Employee', '2024-01-19T00:00:00.0000000', 'Active', 110, GETUTCDATE(), 0);
SET IDENTITY_INSERT kumarcapstone_Employees OFF;

PRINT 'Inserting AspNetUsers...'
DECLARE @adminHash NVARCHAR(MAX) = (SELECT TOP 1 PasswordHash FROM kumarcapstone_AspNetUsers WHERE Email = 'admin@hrmanagement.com');
IF @adminHash IS NULL SET @adminHash = 'AQAAAAIAAYagAAAAEGv...'; -- fallback if empty
INSERT INTO kumarcapstone_AspNetUsers (Id, UserName, NormalizedUserName, Email, NormalizedEmail, EmailConfirmed, PasswordHash, SecurityStamp, ConcurrencyStamp, PhoneNumberConfirmed, TwoFactorEnabled, LockoutEnabled, AccessFailedCount, IsActive, CreatedDate, EmployeeId, ThemePreference, EmailAlertsEnabled, InAppNotificationsEnabled) VALUES ('07476c63-033e-477e-814a-0f4b45bab98a', 'john.jackson1001@hrmanagement.com', 'JOHN.JACKSON1001@HRMANAGEMENT.COM', 'john.jackson1001@hrmanagement.com', 'JOHN.JACKSON1001@HRMANAGEMENT.COM', 1, @adminHash, NEWID(), NEWID(), 0, 0, 1, 0, 1, GETUTCDATE(), 1001, 'light', 1, 1);
INSERT INTO kumarcapstone_AspNetUserRoles (UserId, RoleId) SELECT '07476c63-033e-477e-814a-0f4b45bab98a', Id FROM kumarcapstone_AspNetRoles WHERE Name = 'Admin';
INSERT INTO kumarcapstone_AspNetUsers (Id, UserName, NormalizedUserName, Email, NormalizedEmail, EmailConfirmed, PasswordHash, SecurityStamp, ConcurrencyStamp, PhoneNumberConfirmed, TwoFactorEnabled, LockoutEnabled, AccessFailedCount, IsActive, CreatedDate, EmployeeId, ThemePreference, EmailAlertsEnabled, InAppNotificationsEnabled) VALUES ('f5cb274f-d852-4b4a-b444-3bbf7dfd8c86', 'daniel.smith1002@hrmanagement.com', 'DANIEL.SMITH1002@HRMANAGEMENT.COM', 'daniel.smith1002@hrmanagement.com', 'DANIEL.SMITH1002@HRMANAGEMENT.COM', 1, @adminHash, NEWID(), NEWID(), 0, 0, 1, 0, 1, GETUTCDATE(), 1002, 'light', 1, 1);
INSERT INTO kumarcapstone_AspNetUserRoles (UserId, RoleId) SELECT 'f5cb274f-d852-4b4a-b444-3bbf7dfd8c86', Id FROM kumarcapstone_AspNetRoles WHERE Name = 'Admin';
INSERT INTO kumarcapstone_AspNetUsers (Id, UserName, NormalizedUserName, Email, NormalizedEmail, EmailConfirmed, PasswordHash, SecurityStamp, ConcurrencyStamp, PhoneNumberConfirmed, TwoFactorEnabled, LockoutEnabled, AccessFailedCount, IsActive, CreatedDate, EmployeeId, ThemePreference, EmailAlertsEnabled, InAppNotificationsEnabled) VALUES ('3bea560c-3286-4738-ad64-19273172ae65', 'sophia.miller1003@hrmanagement.com', 'SOPHIA.MILLER1003@HRMANAGEMENT.COM', 'sophia.miller1003@hrmanagement.com', 'SOPHIA.MILLER1003@HRMANAGEMENT.COM', 1, @adminHash, NEWID(), NEWID(), 0, 0, 1, 0, 1, GETUTCDATE(), 1003, 'light', 1, 1);
INSERT INTO kumarcapstone_AspNetUserRoles (UserId, RoleId) SELECT '3bea560c-3286-4738-ad64-19273172ae65', Id FROM kumarcapstone_AspNetRoles WHERE Name = 'Admin';
INSERT INTO kumarcapstone_AspNetUsers (Id, UserName, NormalizedUserName, Email, NormalizedEmail, EmailConfirmed, PasswordHash, SecurityStamp, ConcurrencyStamp, PhoneNumberConfirmed, TwoFactorEnabled, LockoutEnabled, AccessFailedCount, IsActive, CreatedDate, EmployeeId, ThemePreference, EmailAlertsEnabled, InAppNotificationsEnabled) VALUES ('d59e56f0-9895-45c1-b136-18e9138d69ab', 'michael.anderson1004@hrmanagement.com', 'MICHAEL.ANDERSON1004@HRMANAGEMENT.COM', 'michael.anderson1004@hrmanagement.com', 'MICHAEL.ANDERSON1004@HRMANAGEMENT.COM', 1, @adminHash, NEWID(), NEWID(), 0, 0, 1, 0, 1, GETUTCDATE(), 1004, 'light', 1, 1);
INSERT INTO kumarcapstone_AspNetUserRoles (UserId, RoleId) SELECT 'd59e56f0-9895-45c1-b136-18e9138d69ab', Id FROM kumarcapstone_AspNetRoles WHERE Name = 'Admin';
INSERT INTO kumarcapstone_AspNetUsers (Id, UserName, NormalizedUserName, Email, NormalizedEmail, EmailConfirmed, PasswordHash, SecurityStamp, ConcurrencyStamp, PhoneNumberConfirmed, TwoFactorEnabled, LockoutEnabled, AccessFailedCount, IsActive, CreatedDate, EmployeeId, ThemePreference, EmailAlertsEnabled, InAppNotificationsEnabled) VALUES ('3d66b948-5108-4b90-a3d5-47a922e92316', 'john.jackson1005@hrmanagement.com', 'JOHN.JACKSON1005@HRMANAGEMENT.COM', 'john.jackson1005@hrmanagement.com', 'JOHN.JACKSON1005@HRMANAGEMENT.COM', 1, @adminHash, NEWID(), NEWID(), 0, 0, 1, 0, 1, GETUTCDATE(), 1005, 'light', 1, 1);
INSERT INTO kumarcapstone_AspNetUserRoles (UserId, RoleId) SELECT '3d66b948-5108-4b90-a3d5-47a922e92316', Id FROM kumarcapstone_AspNetRoles WHERE Name = 'Admin';
INSERT INTO kumarcapstone_AspNetUsers (Id, UserName, NormalizedUserName, Email, NormalizedEmail, EmailConfirmed, PasswordHash, SecurityStamp, ConcurrencyStamp, PhoneNumberConfirmed, TwoFactorEnabled, LockoutEnabled, AccessFailedCount, IsActive, CreatedDate, EmployeeId, ThemePreference, EmailAlertsEnabled, InAppNotificationsEnabled) VALUES ('92f38916-5b32-446b-bc8b-7927cc4532c8', 'james.anderson1006@hrmanagement.com', 'JAMES.ANDERSON1006@HRMANAGEMENT.COM', 'james.anderson1006@hrmanagement.com', 'JAMES.ANDERSON1006@HRMANAGEMENT.COM', 1, @adminHash, NEWID(), NEWID(), 0, 0, 1, 0, 1, GETUTCDATE(), 1006, 'light', 1, 1);
INSERT INTO kumarcapstone_AspNetUserRoles (UserId, RoleId) SELECT '92f38916-5b32-446b-bc8b-7927cc4532c8', Id FROM kumarcapstone_AspNetRoles WHERE Name = 'HR Manager';
INSERT INTO kumarcapstone_AspNetUsers (Id, UserName, NormalizedUserName, Email, NormalizedEmail, EmailConfirmed, PasswordHash, SecurityStamp, ConcurrencyStamp, PhoneNumberConfirmed, TwoFactorEnabled, LockoutEnabled, AccessFailedCount, IsActive, CreatedDate, EmployeeId, ThemePreference, EmailAlertsEnabled, InAppNotificationsEnabled) VALUES ('fac9c549-0b18-4979-8b55-1e55ab650cbe', 'james.smith1007@hrmanagement.com', 'JAMES.SMITH1007@HRMANAGEMENT.COM', 'james.smith1007@hrmanagement.com', 'JAMES.SMITH1007@HRMANAGEMENT.COM', 1, @adminHash, NEWID(), NEWID(), 0, 0, 1, 0, 1, GETUTCDATE(), 1007, 'light', 1, 1);
INSERT INTO kumarcapstone_AspNetUserRoles (UserId, RoleId) SELECT 'fac9c549-0b18-4979-8b55-1e55ab650cbe', Id FROM kumarcapstone_AspNetRoles WHERE Name = 'HR Manager';
INSERT INTO kumarcapstone_AspNetUsers (Id, UserName, NormalizedUserName, Email, NormalizedEmail, EmailConfirmed, PasswordHash, SecurityStamp, ConcurrencyStamp, PhoneNumberConfirmed, TwoFactorEnabled, LockoutEnabled, AccessFailedCount, IsActive, CreatedDate, EmployeeId, ThemePreference, EmailAlertsEnabled, InAppNotificationsEnabled) VALUES ('1135d7b3-71e2-4c19-a8fb-968515b36995', 'william.jones1008@hrmanagement.com', 'WILLIAM.JONES1008@HRMANAGEMENT.COM', 'william.jones1008@hrmanagement.com', 'WILLIAM.JONES1008@HRMANAGEMENT.COM', 1, @adminHash, NEWID(), NEWID(), 0, 0, 1, 0, 1, GETUTCDATE(), 1008, 'light', 1, 1);
INSERT INTO kumarcapstone_AspNetUserRoles (UserId, RoleId) SELECT '1135d7b3-71e2-4c19-a8fb-968515b36995', Id FROM kumarcapstone_AspNetRoles WHERE Name = 'HR Manager';
INSERT INTO kumarcapstone_AspNetUsers (Id, UserName, NormalizedUserName, Email, NormalizedEmail, EmailConfirmed, PasswordHash, SecurityStamp, ConcurrencyStamp, PhoneNumberConfirmed, TwoFactorEnabled, LockoutEnabled, AccessFailedCount, IsActive, CreatedDate, EmployeeId, ThemePreference, EmailAlertsEnabled, InAppNotificationsEnabled) VALUES ('d6cd96bb-0e15-4ee8-9b05-74324fca62d4', 'michael.anderson1009@hrmanagement.com', 'MICHAEL.ANDERSON1009@HRMANAGEMENT.COM', 'michael.anderson1009@hrmanagement.com', 'MICHAEL.ANDERSON1009@HRMANAGEMENT.COM', 1, @adminHash, NEWID(), NEWID(), 0, 0, 1, 0, 1, GETUTCDATE(), 1009, 'light', 1, 1);
INSERT INTO kumarcapstone_AspNetUserRoles (UserId, RoleId) SELECT 'd6cd96bb-0e15-4ee8-9b05-74324fca62d4', Id FROM kumarcapstone_AspNetRoles WHERE Name = 'HR Manager';
INSERT INTO kumarcapstone_AspNetUsers (Id, UserName, NormalizedUserName, Email, NormalizedEmail, EmailConfirmed, PasswordHash, SecurityStamp, ConcurrencyStamp, PhoneNumberConfirmed, TwoFactorEnabled, LockoutEnabled, AccessFailedCount, IsActive, CreatedDate, EmployeeId, ThemePreference, EmailAlertsEnabled, InAppNotificationsEnabled) VALUES ('797fe31b-3ab2-46f5-bd5a-92569c82de4d', 'john.miller1010@hrmanagement.com', 'JOHN.MILLER1010@HRMANAGEMENT.COM', 'john.miller1010@hrmanagement.com', 'JOHN.MILLER1010@HRMANAGEMENT.COM', 1, @adminHash, NEWID(), NEWID(), 0, 0, 1, 0, 1, GETUTCDATE(), 1010, 'light', 1, 1);
INSERT INTO kumarcapstone_AspNetUserRoles (UserId, RoleId) SELECT '797fe31b-3ab2-46f5-bd5a-92569c82de4d', Id FROM kumarcapstone_AspNetRoles WHERE Name = 'HR Manager';
INSERT INTO kumarcapstone_AspNetUsers (Id, UserName, NormalizedUserName, Email, NormalizedEmail, EmailConfirmed, PasswordHash, SecurityStamp, ConcurrencyStamp, PhoneNumberConfirmed, TwoFactorEnabled, LockoutEnabled, AccessFailedCount, IsActive, CreatedDate, EmployeeId, ThemePreference, EmailAlertsEnabled, InAppNotificationsEnabled) VALUES ('3983b1ff-842e-4ad4-97cf-02a462cdbd20', 'david.taylor1011@hrmanagement.com', 'DAVID.TAYLOR1011@HRMANAGEMENT.COM', 'david.taylor1011@hrmanagement.com', 'DAVID.TAYLOR1011@HRMANAGEMENT.COM', 1, @adminHash, NEWID(), NEWID(), 0, 0, 1, 0, 1, GETUTCDATE(), 1011, 'light', 1, 1);
INSERT INTO kumarcapstone_AspNetUserRoles (UserId, RoleId) SELECT '3983b1ff-842e-4ad4-97cf-02a462cdbd20', Id FROM kumarcapstone_AspNetRoles WHERE Name = 'HR Manager';
INSERT INTO kumarcapstone_AspNetUsers (Id, UserName, NormalizedUserName, Email, NormalizedEmail, EmailConfirmed, PasswordHash, SecurityStamp, ConcurrencyStamp, PhoneNumberConfirmed, TwoFactorEnabled, LockoutEnabled, AccessFailedCount, IsActive, CreatedDate, EmployeeId, ThemePreference, EmailAlertsEnabled, InAppNotificationsEnabled) VALUES ('26c846db-34c9-45ee-b41c-2794ab6e6f68', 'james.anderson1012@hrmanagement.com', 'JAMES.ANDERSON1012@HRMANAGEMENT.COM', 'james.anderson1012@hrmanagement.com', 'JAMES.ANDERSON1012@HRMANAGEMENT.COM', 1, @adminHash, NEWID(), NEWID(), 0, 0, 1, 0, 1, GETUTCDATE(), 1012, 'light', 1, 1);
INSERT INTO kumarcapstone_AspNetUserRoles (UserId, RoleId) SELECT '26c846db-34c9-45ee-b41c-2794ab6e6f68', Id FROM kumarcapstone_AspNetRoles WHERE Name = 'HR Manager';
INSERT INTO kumarcapstone_AspNetUsers (Id, UserName, NormalizedUserName, Email, NormalizedEmail, EmailConfirmed, PasswordHash, SecurityStamp, ConcurrencyStamp, PhoneNumberConfirmed, TwoFactorEnabled, LockoutEnabled, AccessFailedCount, IsActive, CreatedDate, EmployeeId, ThemePreference, EmailAlertsEnabled, InAppNotificationsEnabled) VALUES ('979689b8-37ce-4d45-8092-61d956873e32', 'sophia.white1013@hrmanagement.com', 'SOPHIA.WHITE1013@HRMANAGEMENT.COM', 'sophia.white1013@hrmanagement.com', 'SOPHIA.WHITE1013@HRMANAGEMENT.COM', 1, @adminHash, NEWID(), NEWID(), 0, 0, 1, 0, 1, GETUTCDATE(), 1013, 'light', 1, 1);
INSERT INTO kumarcapstone_AspNetUserRoles (UserId, RoleId) SELECT '979689b8-37ce-4d45-8092-61d956873e32', Id FROM kumarcapstone_AspNetRoles WHERE Name = 'HR Manager';
INSERT INTO kumarcapstone_AspNetUsers (Id, UserName, NormalizedUserName, Email, NormalizedEmail, EmailConfirmed, PasswordHash, SecurityStamp, ConcurrencyStamp, PhoneNumberConfirmed, TwoFactorEnabled, LockoutEnabled, AccessFailedCount, IsActive, CreatedDate, EmployeeId, ThemePreference, EmailAlertsEnabled, InAppNotificationsEnabled) VALUES ('634fd421-1564-4581-a8b6-c2d6b2154f25', 'emma.thomas1014@hrmanagement.com', 'EMMA.THOMAS1014@HRMANAGEMENT.COM', 'emma.thomas1014@hrmanagement.com', 'EMMA.THOMAS1014@HRMANAGEMENT.COM', 1, @adminHash, NEWID(), NEWID(), 0, 0, 1, 0, 1, GETUTCDATE(), 1014, 'light', 1, 1);
INSERT INTO kumarcapstone_AspNetUserRoles (UserId, RoleId) SELECT '634fd421-1564-4581-a8b6-c2d6b2154f25', Id FROM kumarcapstone_AspNetRoles WHERE Name = 'HR Manager';
INSERT INTO kumarcapstone_AspNetUsers (Id, UserName, NormalizedUserName, Email, NormalizedEmail, EmailConfirmed, PasswordHash, SecurityStamp, ConcurrencyStamp, PhoneNumberConfirmed, TwoFactorEnabled, LockoutEnabled, AccessFailedCount, IsActive, CreatedDate, EmployeeId, ThemePreference, EmailAlertsEnabled, InAppNotificationsEnabled) VALUES ('f870c8cd-d1c7-4434-ac2b-7147a6f6c689', 'daniel.smith1015@hrmanagement.com', 'DANIEL.SMITH1015@HRMANAGEMENT.COM', 'daniel.smith1015@hrmanagement.com', 'DANIEL.SMITH1015@HRMANAGEMENT.COM', 1, @adminHash, NEWID(), NEWID(), 0, 0, 1, 0, 1, GETUTCDATE(), 1015, 'light', 1, 1);
INSERT INTO kumarcapstone_AspNetUserRoles (UserId, RoleId) SELECT 'f870c8cd-d1c7-4434-ac2b-7147a6f6c689', Id FROM kumarcapstone_AspNetRoles WHERE Name = 'HR Manager';
INSERT INTO kumarcapstone_AspNetUsers (Id, UserName, NormalizedUserName, Email, NormalizedEmail, EmailConfirmed, PasswordHash, SecurityStamp, ConcurrencyStamp, PhoneNumberConfirmed, TwoFactorEnabled, LockoutEnabled, AccessFailedCount, IsActive, CreatedDate, EmployeeId, ThemePreference, EmailAlertsEnabled, InAppNotificationsEnabled) VALUES ('40c27898-0629-4786-bcbe-af982dbfe548', 'david.thomas1016@hrmanagement.com', 'DAVID.THOMAS1016@HRMANAGEMENT.COM', 'david.thomas1016@hrmanagement.com', 'DAVID.THOMAS1016@HRMANAGEMENT.COM', 1, @adminHash, NEWID(), NEWID(), 0, 0, 1, 0, 1, GETUTCDATE(), 1016, 'light', 1, 1);
INSERT INTO kumarcapstone_AspNetUserRoles (UserId, RoleId) SELECT '40c27898-0629-4786-bcbe-af982dbfe548', Id FROM kumarcapstone_AspNetRoles WHERE Name = 'Employee';
INSERT INTO kumarcapstone_AspNetUsers (Id, UserName, NormalizedUserName, Email, NormalizedEmail, EmailConfirmed, PasswordHash, SecurityStamp, ConcurrencyStamp, PhoneNumberConfirmed, TwoFactorEnabled, LockoutEnabled, AccessFailedCount, IsActive, CreatedDate, EmployeeId, ThemePreference, EmailAlertsEnabled, InAppNotificationsEnabled) VALUES ('df8354d7-cc85-4400-99c6-11c70c9e15a9', 'william.miller1017@hrmanagement.com', 'WILLIAM.MILLER1017@HRMANAGEMENT.COM', 'william.miller1017@hrmanagement.com', 'WILLIAM.MILLER1017@HRMANAGEMENT.COM', 1, @adminHash, NEWID(), NEWID(), 0, 0, 1, 0, 1, GETUTCDATE(), 1017, 'light', 1, 1);
INSERT INTO kumarcapstone_AspNetUserRoles (UserId, RoleId) SELECT 'df8354d7-cc85-4400-99c6-11c70c9e15a9', Id FROM kumarcapstone_AspNetRoles WHERE Name = 'Employee';
INSERT INTO kumarcapstone_AspNetUsers (Id, UserName, NormalizedUserName, Email, NormalizedEmail, EmailConfirmed, PasswordHash, SecurityStamp, ConcurrencyStamp, PhoneNumberConfirmed, TwoFactorEnabled, LockoutEnabled, AccessFailedCount, IsActive, CreatedDate, EmployeeId, ThemePreference, EmailAlertsEnabled, InAppNotificationsEnabled) VALUES ('c7b35076-fd89-4e06-9c1c-a1500924640c', 'james.wilson1018@hrmanagement.com', 'JAMES.WILSON1018@HRMANAGEMENT.COM', 'james.wilson1018@hrmanagement.com', 'JAMES.WILSON1018@HRMANAGEMENT.COM', 1, @adminHash, NEWID(), NEWID(), 0, 0, 1, 0, 1, GETUTCDATE(), 1018, 'light', 1, 1);
INSERT INTO kumarcapstone_AspNetUserRoles (UserId, RoleId) SELECT 'c7b35076-fd89-4e06-9c1c-a1500924640c', Id FROM kumarcapstone_AspNetRoles WHERE Name = 'Employee';
INSERT INTO kumarcapstone_AspNetUsers (Id, UserName, NormalizedUserName, Email, NormalizedEmail, EmailConfirmed, PasswordHash, SecurityStamp, ConcurrencyStamp, PhoneNumberConfirmed, TwoFactorEnabled, LockoutEnabled, AccessFailedCount, IsActive, CreatedDate, EmployeeId, ThemePreference, EmailAlertsEnabled, InAppNotificationsEnabled) VALUES ('09d4f367-76cf-4b64-a441-b93a48a8eed0', 'daniel.jones1019@hrmanagement.com', 'DANIEL.JONES1019@HRMANAGEMENT.COM', 'daniel.jones1019@hrmanagement.com', 'DANIEL.JONES1019@HRMANAGEMENT.COM', 1, @adminHash, NEWID(), NEWID(), 0, 0, 1, 0, 1, GETUTCDATE(), 1019, 'light', 1, 1);
INSERT INTO kumarcapstone_AspNetUserRoles (UserId, RoleId) SELECT '09d4f367-76cf-4b64-a441-b93a48a8eed0', Id FROM kumarcapstone_AspNetRoles WHERE Name = 'Employee';
INSERT INTO kumarcapstone_AspNetUsers (Id, UserName, NormalizedUserName, Email, NormalizedEmail, EmailConfirmed, PasswordHash, SecurityStamp, ConcurrencyStamp, PhoneNumberConfirmed, TwoFactorEnabled, LockoutEnabled, AccessFailedCount, IsActive, CreatedDate, EmployeeId, ThemePreference, EmailAlertsEnabled, InAppNotificationsEnabled) VALUES ('9beb640e-9958-4ffd-98d6-1dbd8cc8a6ef', 'sarah.thomas1020@hrmanagement.com', 'SARAH.THOMAS1020@HRMANAGEMENT.COM', 'sarah.thomas1020@hrmanagement.com', 'SARAH.THOMAS1020@HRMANAGEMENT.COM', 1, @adminHash, NEWID(), NEWID(), 0, 0, 1, 0, 1, GETUTCDATE(), 1020, 'light', 1, 1);
INSERT INTO kumarcapstone_AspNetUserRoles (UserId, RoleId) SELECT '9beb640e-9958-4ffd-98d6-1dbd8cc8a6ef', Id FROM kumarcapstone_AspNetRoles WHERE Name = 'Employee';
INSERT INTO kumarcapstone_AspNetUsers (Id, UserName, NormalizedUserName, Email, NormalizedEmail, EmailConfirmed, PasswordHash, SecurityStamp, ConcurrencyStamp, PhoneNumberConfirmed, TwoFactorEnabled, LockoutEnabled, AccessFailedCount, IsActive, CreatedDate, EmployeeId, ThemePreference, EmailAlertsEnabled, InAppNotificationsEnabled) VALUES ('bdca76c1-4cd3-4607-a982-0c869688fd60', 'david.taylor1021@hrmanagement.com', 'DAVID.TAYLOR1021@HRMANAGEMENT.COM', 'david.taylor1021@hrmanagement.com', 'DAVID.TAYLOR1021@HRMANAGEMENT.COM', 1, @adminHash, NEWID(), NEWID(), 0, 0, 1, 0, 1, GETUTCDATE(), 1021, 'light', 1, 1);
INSERT INTO kumarcapstone_AspNetUserRoles (UserId, RoleId) SELECT 'bdca76c1-4cd3-4607-a982-0c869688fd60', Id FROM kumarcapstone_AspNetRoles WHERE Name = 'Employee';
INSERT INTO kumarcapstone_AspNetUsers (Id, UserName, NormalizedUserName, Email, NormalizedEmail, EmailConfirmed, PasswordHash, SecurityStamp, ConcurrencyStamp, PhoneNumberConfirmed, TwoFactorEnabled, LockoutEnabled, AccessFailedCount, IsActive, CreatedDate, EmployeeId, ThemePreference, EmailAlertsEnabled, InAppNotificationsEnabled) VALUES ('46a74631-7087-45dc-b9ae-333ba159c9f8', 'olivia.white1022@hrmanagement.com', 'OLIVIA.WHITE1022@HRMANAGEMENT.COM', 'olivia.white1022@hrmanagement.com', 'OLIVIA.WHITE1022@HRMANAGEMENT.COM', 1, @adminHash, NEWID(), NEWID(), 0, 0, 1, 0, 1, GETUTCDATE(), 1022, 'light', 1, 1);
INSERT INTO kumarcapstone_AspNetUserRoles (UserId, RoleId) SELECT '46a74631-7087-45dc-b9ae-333ba159c9f8', Id FROM kumarcapstone_AspNetRoles WHERE Name = 'Employee';
INSERT INTO kumarcapstone_AspNetUsers (Id, UserName, NormalizedUserName, Email, NormalizedEmail, EmailConfirmed, PasswordHash, SecurityStamp, ConcurrencyStamp, PhoneNumberConfirmed, TwoFactorEnabled, LockoutEnabled, AccessFailedCount, IsActive, CreatedDate, EmployeeId, ThemePreference, EmailAlertsEnabled, InAppNotificationsEnabled) VALUES ('67430efa-703f-4c06-9421-1ea047fc8441', 'daniel.miller1023@hrmanagement.com', 'DANIEL.MILLER1023@HRMANAGEMENT.COM', 'daniel.miller1023@hrmanagement.com', 'DANIEL.MILLER1023@HRMANAGEMENT.COM', 1, @adminHash, NEWID(), NEWID(), 0, 0, 1, 0, 1, GETUTCDATE(), 1023, 'light', 1, 1);
INSERT INTO kumarcapstone_AspNetUserRoles (UserId, RoleId) SELECT '67430efa-703f-4c06-9421-1ea047fc8441', Id FROM kumarcapstone_AspNetRoles WHERE Name = 'Employee';
INSERT INTO kumarcapstone_AspNetUsers (Id, UserName, NormalizedUserName, Email, NormalizedEmail, EmailConfirmed, PasswordHash, SecurityStamp, ConcurrencyStamp, PhoneNumberConfirmed, TwoFactorEnabled, LockoutEnabled, AccessFailedCount, IsActive, CreatedDate, EmployeeId, ThemePreference, EmailAlertsEnabled, InAppNotificationsEnabled) VALUES ('ac315656-1dd5-4c7a-8ff4-19e639459812', 'sarah.jackson1024@hrmanagement.com', 'SARAH.JACKSON1024@HRMANAGEMENT.COM', 'sarah.jackson1024@hrmanagement.com', 'SARAH.JACKSON1024@HRMANAGEMENT.COM', 1, @adminHash, NEWID(), NEWID(), 0, 0, 1, 0, 1, GETUTCDATE(), 1024, 'light', 1, 1);
INSERT INTO kumarcapstone_AspNetUserRoles (UserId, RoleId) SELECT 'ac315656-1dd5-4c7a-8ff4-19e639459812', Id FROM kumarcapstone_AspNetRoles WHERE Name = 'Employee';
INSERT INTO kumarcapstone_AspNetUsers (Id, UserName, NormalizedUserName, Email, NormalizedEmail, EmailConfirmed, PasswordHash, SecurityStamp, ConcurrencyStamp, PhoneNumberConfirmed, TwoFactorEnabled, LockoutEnabled, AccessFailedCount, IsActive, CreatedDate, EmployeeId, ThemePreference, EmailAlertsEnabled, InAppNotificationsEnabled) VALUES ('af84f70d-48fd-434d-b2ea-6a66c4be258b', 'david.white1025@hrmanagement.com', 'DAVID.WHITE1025@HRMANAGEMENT.COM', 'david.white1025@hrmanagement.com', 'DAVID.WHITE1025@HRMANAGEMENT.COM', 1, @adminHash, NEWID(), NEWID(), 0, 0, 1, 0, 1, GETUTCDATE(), 1025, 'light', 1, 1);
INSERT INTO kumarcapstone_AspNetUserRoles (UserId, RoleId) SELECT 'af84f70d-48fd-434d-b2ea-6a66c4be258b', Id FROM kumarcapstone_AspNetRoles WHERE Name = 'Employee';
INSERT INTO kumarcapstone_AspNetUsers (Id, UserName, NormalizedUserName, Email, NormalizedEmail, EmailConfirmed, PasswordHash, SecurityStamp, ConcurrencyStamp, PhoneNumberConfirmed, TwoFactorEnabled, LockoutEnabled, AccessFailedCount, IsActive, CreatedDate, EmployeeId, ThemePreference, EmailAlertsEnabled, InAppNotificationsEnabled) VALUES ('e6d34933-c0a8-4354-8574-efe22e8cbe52', 'john.jones1026@hrmanagement.com', 'JOHN.JONES1026@HRMANAGEMENT.COM', 'john.jones1026@hrmanagement.com', 'JOHN.JONES1026@HRMANAGEMENT.COM', 1, @adminHash, NEWID(), NEWID(), 0, 0, 1, 0, 1, GETUTCDATE(), 1026, 'light', 1, 1);
INSERT INTO kumarcapstone_AspNetUserRoles (UserId, RoleId) SELECT 'e6d34933-c0a8-4354-8574-efe22e8cbe52', Id FROM kumarcapstone_AspNetRoles WHERE Name = 'Employee';
INSERT INTO kumarcapstone_AspNetUsers (Id, UserName, NormalizedUserName, Email, NormalizedEmail, EmailConfirmed, PasswordHash, SecurityStamp, ConcurrencyStamp, PhoneNumberConfirmed, TwoFactorEnabled, LockoutEnabled, AccessFailedCount, IsActive, CreatedDate, EmployeeId, ThemePreference, EmailAlertsEnabled, InAppNotificationsEnabled) VALUES ('e3816f01-73c1-4840-83e7-67746c5559b5', 'michael.miller1027@hrmanagement.com', 'MICHAEL.MILLER1027@HRMANAGEMENT.COM', 'michael.miller1027@hrmanagement.com', 'MICHAEL.MILLER1027@HRMANAGEMENT.COM', 1, @adminHash, NEWID(), NEWID(), 0, 0, 1, 0, 1, GETUTCDATE(), 1027, 'light', 1, 1);
INSERT INTO kumarcapstone_AspNetUserRoles (UserId, RoleId) SELECT 'e3816f01-73c1-4840-83e7-67746c5559b5', Id FROM kumarcapstone_AspNetRoles WHERE Name = 'Employee';
INSERT INTO kumarcapstone_AspNetUsers (Id, UserName, NormalizedUserName, Email, NormalizedEmail, EmailConfirmed, PasswordHash, SecurityStamp, ConcurrencyStamp, PhoneNumberConfirmed, TwoFactorEnabled, LockoutEnabled, AccessFailedCount, IsActive, CreatedDate, EmployeeId, ThemePreference, EmailAlertsEnabled, InAppNotificationsEnabled) VALUES ('e8cc4ba0-cce7-4f7c-b60d-dff4fad97dbb', 'william.white1028@hrmanagement.com', 'WILLIAM.WHITE1028@HRMANAGEMENT.COM', 'william.white1028@hrmanagement.com', 'WILLIAM.WHITE1028@HRMANAGEMENT.COM', 1, @adminHash, NEWID(), NEWID(), 0, 0, 1, 0, 1, GETUTCDATE(), 1028, 'light', 1, 1);
INSERT INTO kumarcapstone_AspNetUserRoles (UserId, RoleId) SELECT 'e8cc4ba0-cce7-4f7c-b60d-dff4fad97dbb', Id FROM kumarcapstone_AspNetRoles WHERE Name = 'Employee';
INSERT INTO kumarcapstone_AspNetUsers (Id, UserName, NormalizedUserName, Email, NormalizedEmail, EmailConfirmed, PasswordHash, SecurityStamp, ConcurrencyStamp, PhoneNumberConfirmed, TwoFactorEnabled, LockoutEnabled, AccessFailedCount, IsActive, CreatedDate, EmployeeId, ThemePreference, EmailAlertsEnabled, InAppNotificationsEnabled) VALUES ('41d10fc2-16c1-48c4-b259-338125ec9b84', 'sarah.white1029@hrmanagement.com', 'SARAH.WHITE1029@HRMANAGEMENT.COM', 'sarah.white1029@hrmanagement.com', 'SARAH.WHITE1029@HRMANAGEMENT.COM', 1, @adminHash, NEWID(), NEWID(), 0, 0, 1, 0, 1, GETUTCDATE(), 1029, 'light', 1, 1);
INSERT INTO kumarcapstone_AspNetUserRoles (UserId, RoleId) SELECT '41d10fc2-16c1-48c4-b259-338125ec9b84', Id FROM kumarcapstone_AspNetRoles WHERE Name = 'Employee';
INSERT INTO kumarcapstone_AspNetUsers (Id, UserName, NormalizedUserName, Email, NormalizedEmail, EmailConfirmed, PasswordHash, SecurityStamp, ConcurrencyStamp, PhoneNumberConfirmed, TwoFactorEnabled, LockoutEnabled, AccessFailedCount, IsActive, CreatedDate, EmployeeId, ThemePreference, EmailAlertsEnabled, InAppNotificationsEnabled) VALUES ('fcecd570-2231-4a48-be0a-b7c6d2c98118', 'william.white1030@hrmanagement.com', 'WILLIAM.WHITE1030@HRMANAGEMENT.COM', 'william.white1030@hrmanagement.com', 'WILLIAM.WHITE1030@HRMANAGEMENT.COM', 1, @adminHash, NEWID(), NEWID(), 0, 0, 1, 0, 1, GETUTCDATE(), 1030, 'light', 1, 1);
INSERT INTO kumarcapstone_AspNetUserRoles (UserId, RoleId) SELECT 'fcecd570-2231-4a48-be0a-b7c6d2c98118', Id FROM kumarcapstone_AspNetRoles WHERE Name = 'Employee';
INSERT INTO kumarcapstone_AspNetUsers (Id, UserName, NormalizedUserName, Email, NormalizedEmail, EmailConfirmed, PasswordHash, SecurityStamp, ConcurrencyStamp, PhoneNumberConfirmed, TwoFactorEnabled, LockoutEnabled, AccessFailedCount, IsActive, CreatedDate, EmployeeId, ThemePreference, EmailAlertsEnabled, InAppNotificationsEnabled) VALUES ('cb5cc602-7ac7-4bb4-951a-c921cd1ecd50', 'david.anderson1031@hrmanagement.com', 'DAVID.ANDERSON1031@HRMANAGEMENT.COM', 'david.anderson1031@hrmanagement.com', 'DAVID.ANDERSON1031@HRMANAGEMENT.COM', 1, @adminHash, NEWID(), NEWID(), 0, 0, 1, 0, 1, GETUTCDATE(), 1031, 'light', 1, 1);
INSERT INTO kumarcapstone_AspNetUserRoles (UserId, RoleId) SELECT 'cb5cc602-7ac7-4bb4-951a-c921cd1ecd50', Id FROM kumarcapstone_AspNetRoles WHERE Name = 'Employee';
INSERT INTO kumarcapstone_AspNetUsers (Id, UserName, NormalizedUserName, Email, NormalizedEmail, EmailConfirmed, PasswordHash, SecurityStamp, ConcurrencyStamp, PhoneNumberConfirmed, TwoFactorEnabled, LockoutEnabled, AccessFailedCount, IsActive, CreatedDate, EmployeeId, ThemePreference, EmailAlertsEnabled, InAppNotificationsEnabled) VALUES ('fad7530a-8e68-4efb-9845-8ed125c8ce20', 'john.jones1032@hrmanagement.com', 'JOHN.JONES1032@HRMANAGEMENT.COM', 'john.jones1032@hrmanagement.com', 'JOHN.JONES1032@HRMANAGEMENT.COM', 1, @adminHash, NEWID(), NEWID(), 0, 0, 1, 0, 1, GETUTCDATE(), 1032, 'light', 1, 1);
INSERT INTO kumarcapstone_AspNetUserRoles (UserId, RoleId) SELECT 'fad7530a-8e68-4efb-9845-8ed125c8ce20', Id FROM kumarcapstone_AspNetRoles WHERE Name = 'Employee';
INSERT INTO kumarcapstone_AspNetUsers (Id, UserName, NormalizedUserName, Email, NormalizedEmail, EmailConfirmed, PasswordHash, SecurityStamp, ConcurrencyStamp, PhoneNumberConfirmed, TwoFactorEnabled, LockoutEnabled, AccessFailedCount, IsActive, CreatedDate, EmployeeId, ThemePreference, EmailAlertsEnabled, InAppNotificationsEnabled) VALUES ('1bbbbcec-b414-4564-bfcd-6a17f5182df7', 'olivia.taylor1033@hrmanagement.com', 'OLIVIA.TAYLOR1033@HRMANAGEMENT.COM', 'olivia.taylor1033@hrmanagement.com', 'OLIVIA.TAYLOR1033@HRMANAGEMENT.COM', 1, @adminHash, NEWID(), NEWID(), 0, 0, 1, 0, 1, GETUTCDATE(), 1033, 'light', 1, 1);
INSERT INTO kumarcapstone_AspNetUserRoles (UserId, RoleId) SELECT '1bbbbcec-b414-4564-bfcd-6a17f5182df7', Id FROM kumarcapstone_AspNetRoles WHERE Name = 'Employee';
INSERT INTO kumarcapstone_AspNetUsers (Id, UserName, NormalizedUserName, Email, NormalizedEmail, EmailConfirmed, PasswordHash, SecurityStamp, ConcurrencyStamp, PhoneNumberConfirmed, TwoFactorEnabled, LockoutEnabled, AccessFailedCount, IsActive, CreatedDate, EmployeeId, ThemePreference, EmailAlertsEnabled, InAppNotificationsEnabled) VALUES ('b3ffadd9-8fef-4c21-8868-9be0160a093b', 'david.thomas1034@hrmanagement.com', 'DAVID.THOMAS1034@HRMANAGEMENT.COM', 'david.thomas1034@hrmanagement.com', 'DAVID.THOMAS1034@HRMANAGEMENT.COM', 1, @adminHash, NEWID(), NEWID(), 0, 0, 1, 0, 1, GETUTCDATE(), 1034, 'light', 1, 1);
INSERT INTO kumarcapstone_AspNetUserRoles (UserId, RoleId) SELECT 'b3ffadd9-8fef-4c21-8868-9be0160a093b', Id FROM kumarcapstone_AspNetRoles WHERE Name = 'Employee';
INSERT INTO kumarcapstone_AspNetUsers (Id, UserName, NormalizedUserName, Email, NormalizedEmail, EmailConfirmed, PasswordHash, SecurityStamp, ConcurrencyStamp, PhoneNumberConfirmed, TwoFactorEnabled, LockoutEnabled, AccessFailedCount, IsActive, CreatedDate, EmployeeId, ThemePreference, EmailAlertsEnabled, InAppNotificationsEnabled) VALUES ('5f331786-dd77-42fe-9e84-85880109390c', 'emma.brown1035@hrmanagement.com', 'EMMA.BROWN1035@HRMANAGEMENT.COM', 'emma.brown1035@hrmanagement.com', 'EMMA.BROWN1035@HRMANAGEMENT.COM', 1, @adminHash, NEWID(), NEWID(), 0, 0, 1, 0, 1, GETUTCDATE(), 1035, 'light', 1, 1);
INSERT INTO kumarcapstone_AspNetUserRoles (UserId, RoleId) SELECT '5f331786-dd77-42fe-9e84-85880109390c', Id FROM kumarcapstone_AspNetRoles WHERE Name = 'Employee';
INSERT INTO kumarcapstone_AspNetUsers (Id, UserName, NormalizedUserName, Email, NormalizedEmail, EmailConfirmed, PasswordHash, SecurityStamp, ConcurrencyStamp, PhoneNumberConfirmed, TwoFactorEnabled, LockoutEnabled, AccessFailedCount, IsActive, CreatedDate, EmployeeId, ThemePreference, EmailAlertsEnabled, InAppNotificationsEnabled) VALUES ('87b49933-26ae-4c0f-82ee-d4a7e65c071c', 'sarah.taylor1036@hrmanagement.com', 'SARAH.TAYLOR1036@HRMANAGEMENT.COM', 'sarah.taylor1036@hrmanagement.com', 'SARAH.TAYLOR1036@HRMANAGEMENT.COM', 1, @adminHash, NEWID(), NEWID(), 0, 0, 1, 0, 1, GETUTCDATE(), 1036, 'light', 1, 1);
INSERT INTO kumarcapstone_AspNetUserRoles (UserId, RoleId) SELECT '87b49933-26ae-4c0f-82ee-d4a7e65c071c', Id FROM kumarcapstone_AspNetRoles WHERE Name = 'Employee';
INSERT INTO kumarcapstone_AspNetUsers (Id, UserName, NormalizedUserName, Email, NormalizedEmail, EmailConfirmed, PasswordHash, SecurityStamp, ConcurrencyStamp, PhoneNumberConfirmed, TwoFactorEnabled, LockoutEnabled, AccessFailedCount, IsActive, CreatedDate, EmployeeId, ThemePreference, EmailAlertsEnabled, InAppNotificationsEnabled) VALUES ('fd36ddda-8cc2-4e3d-abd7-e0941c25159c', 'michael.anderson1037@hrmanagement.com', 'MICHAEL.ANDERSON1037@HRMANAGEMENT.COM', 'michael.anderson1037@hrmanagement.com', 'MICHAEL.ANDERSON1037@HRMANAGEMENT.COM', 1, @adminHash, NEWID(), NEWID(), 0, 0, 1, 0, 1, GETUTCDATE(), 1037, 'light', 1, 1);
INSERT INTO kumarcapstone_AspNetUserRoles (UserId, RoleId) SELECT 'fd36ddda-8cc2-4e3d-abd7-e0941c25159c', Id FROM kumarcapstone_AspNetRoles WHERE Name = 'Employee';
INSERT INTO kumarcapstone_AspNetUsers (Id, UserName, NormalizedUserName, Email, NormalizedEmail, EmailConfirmed, PasswordHash, SecurityStamp, ConcurrencyStamp, PhoneNumberConfirmed, TwoFactorEnabled, LockoutEnabled, AccessFailedCount, IsActive, CreatedDate, EmployeeId, ThemePreference, EmailAlertsEnabled, InAppNotificationsEnabled) VALUES ('f2720ace-6105-42fe-942a-d20193c5c297', 'james.wilson1038@hrmanagement.com', 'JAMES.WILSON1038@HRMANAGEMENT.COM', 'james.wilson1038@hrmanagement.com', 'JAMES.WILSON1038@HRMANAGEMENT.COM', 1, @adminHash, NEWID(), NEWID(), 0, 0, 1, 0, 1, GETUTCDATE(), 1038, 'light', 1, 1);
INSERT INTO kumarcapstone_AspNetUserRoles (UserId, RoleId) SELECT 'f2720ace-6105-42fe-942a-d20193c5c297', Id FROM kumarcapstone_AspNetRoles WHERE Name = 'Employee';
INSERT INTO kumarcapstone_AspNetUsers (Id, UserName, NormalizedUserName, Email, NormalizedEmail, EmailConfirmed, PasswordHash, SecurityStamp, ConcurrencyStamp, PhoneNumberConfirmed, TwoFactorEnabled, LockoutEnabled, AccessFailedCount, IsActive, CreatedDate, EmployeeId, ThemePreference, EmailAlertsEnabled, InAppNotificationsEnabled) VALUES ('d863247a-3f15-4242-bf12-7701f6c7edc2', 'michael.thomas1039@hrmanagement.com', 'MICHAEL.THOMAS1039@HRMANAGEMENT.COM', 'michael.thomas1039@hrmanagement.com', 'MICHAEL.THOMAS1039@HRMANAGEMENT.COM', 1, @adminHash, NEWID(), NEWID(), 0, 0, 1, 0, 1, GETUTCDATE(), 1039, 'light', 1, 1);
INSERT INTO kumarcapstone_AspNetUserRoles (UserId, RoleId) SELECT 'd863247a-3f15-4242-bf12-7701f6c7edc2', Id FROM kumarcapstone_AspNetRoles WHERE Name = 'Employee';
INSERT INTO kumarcapstone_AspNetUsers (Id, UserName, NormalizedUserName, Email, NormalizedEmail, EmailConfirmed, PasswordHash, SecurityStamp, ConcurrencyStamp, PhoneNumberConfirmed, TwoFactorEnabled, LockoutEnabled, AccessFailedCount, IsActive, CreatedDate, EmployeeId, ThemePreference, EmailAlertsEnabled, InAppNotificationsEnabled) VALUES ('01cd8709-b860-4764-b93d-24113dd8cb13', 'michael.brown1040@hrmanagement.com', 'MICHAEL.BROWN1040@HRMANAGEMENT.COM', 'michael.brown1040@hrmanagement.com', 'MICHAEL.BROWN1040@HRMANAGEMENT.COM', 1, @adminHash, NEWID(), NEWID(), 0, 0, 1, 0, 1, GETUTCDATE(), 1040, 'light', 1, 1);
INSERT INTO kumarcapstone_AspNetUserRoles (UserId, RoleId) SELECT '01cd8709-b860-4764-b93d-24113dd8cb13', Id FROM kumarcapstone_AspNetRoles WHERE Name = 'Employee';
INSERT INTO kumarcapstone_AspNetUsers (Id, UserName, NormalizedUserName, Email, NormalizedEmail, EmailConfirmed, PasswordHash, SecurityStamp, ConcurrencyStamp, PhoneNumberConfirmed, TwoFactorEnabled, LockoutEnabled, AccessFailedCount, IsActive, CreatedDate, EmployeeId, ThemePreference, EmailAlertsEnabled, InAppNotificationsEnabled) VALUES ('b66c76e1-fa2d-4e1f-bf76-5d84b7282443', 'emma.wilson1041@hrmanagement.com', 'EMMA.WILSON1041@HRMANAGEMENT.COM', 'emma.wilson1041@hrmanagement.com', 'EMMA.WILSON1041@HRMANAGEMENT.COM', 1, @adminHash, NEWID(), NEWID(), 0, 0, 1, 0, 1, GETUTCDATE(), 1041, 'light', 1, 1);
INSERT INTO kumarcapstone_AspNetUserRoles (UserId, RoleId) SELECT 'b66c76e1-fa2d-4e1f-bf76-5d84b7282443', Id FROM kumarcapstone_AspNetRoles WHERE Name = 'Employee';
INSERT INTO kumarcapstone_AspNetUsers (Id, UserName, NormalizedUserName, Email, NormalizedEmail, EmailConfirmed, PasswordHash, SecurityStamp, ConcurrencyStamp, PhoneNumberConfirmed, TwoFactorEnabled, LockoutEnabled, AccessFailedCount, IsActive, CreatedDate, EmployeeId, ThemePreference, EmailAlertsEnabled, InAppNotificationsEnabled) VALUES ('58a1fa91-5f23-4a22-997c-ca3cfaa361a9', 'michael.jackson1042@hrmanagement.com', 'MICHAEL.JACKSON1042@HRMANAGEMENT.COM', 'michael.jackson1042@hrmanagement.com', 'MICHAEL.JACKSON1042@HRMANAGEMENT.COM', 1, @adminHash, NEWID(), NEWID(), 0, 0, 1, 0, 1, GETUTCDATE(), 1042, 'light', 1, 1);
INSERT INTO kumarcapstone_AspNetUserRoles (UserId, RoleId) SELECT '58a1fa91-5f23-4a22-997c-ca3cfaa361a9', Id FROM kumarcapstone_AspNetRoles WHERE Name = 'Employee';
INSERT INTO kumarcapstone_AspNetUsers (Id, UserName, NormalizedUserName, Email, NormalizedEmail, EmailConfirmed, PasswordHash, SecurityStamp, ConcurrencyStamp, PhoneNumberConfirmed, TwoFactorEnabled, LockoutEnabled, AccessFailedCount, IsActive, CreatedDate, EmployeeId, ThemePreference, EmailAlertsEnabled, InAppNotificationsEnabled) VALUES ('ccfe8bdb-0787-4442-80e0-bd3349660260', 'sophia.jones1043@hrmanagement.com', 'SOPHIA.JONES1043@HRMANAGEMENT.COM', 'sophia.jones1043@hrmanagement.com', 'SOPHIA.JONES1043@HRMANAGEMENT.COM', 1, @adminHash, NEWID(), NEWID(), 0, 0, 1, 0, 1, GETUTCDATE(), 1043, 'light', 1, 1);
INSERT INTO kumarcapstone_AspNetUserRoles (UserId, RoleId) SELECT 'ccfe8bdb-0787-4442-80e0-bd3349660260', Id FROM kumarcapstone_AspNetRoles WHERE Name = 'Employee';
INSERT INTO kumarcapstone_AspNetUsers (Id, UserName, NormalizedUserName, Email, NormalizedEmail, EmailConfirmed, PasswordHash, SecurityStamp, ConcurrencyStamp, PhoneNumberConfirmed, TwoFactorEnabled, LockoutEnabled, AccessFailedCount, IsActive, CreatedDate, EmployeeId, ThemePreference, EmailAlertsEnabled, InAppNotificationsEnabled) VALUES ('76ffe684-d748-42a6-a4db-f7b16a78c923', 'olivia.taylor1044@hrmanagement.com', 'OLIVIA.TAYLOR1044@HRMANAGEMENT.COM', 'olivia.taylor1044@hrmanagement.com', 'OLIVIA.TAYLOR1044@HRMANAGEMENT.COM', 1, @adminHash, NEWID(), NEWID(), 0, 0, 1, 0, 1, GETUTCDATE(), 1044, 'light', 1, 1);
INSERT INTO kumarcapstone_AspNetUserRoles (UserId, RoleId) SELECT '76ffe684-d748-42a6-a4db-f7b16a78c923', Id FROM kumarcapstone_AspNetRoles WHERE Name = 'Employee';
INSERT INTO kumarcapstone_AspNetUsers (Id, UserName, NormalizedUserName, Email, NormalizedEmail, EmailConfirmed, PasswordHash, SecurityStamp, ConcurrencyStamp, PhoneNumberConfirmed, TwoFactorEnabled, LockoutEnabled, AccessFailedCount, IsActive, CreatedDate, EmployeeId, ThemePreference, EmailAlertsEnabled, InAppNotificationsEnabled) VALUES ('8837a851-6f1d-40d3-b68f-49f4f2db233d', 'sophia.anderson1045@hrmanagement.com', 'SOPHIA.ANDERSON1045@HRMANAGEMENT.COM', 'sophia.anderson1045@hrmanagement.com', 'SOPHIA.ANDERSON1045@HRMANAGEMENT.COM', 1, @adminHash, NEWID(), NEWID(), 0, 0, 1, 0, 1, GETUTCDATE(), 1045, 'light', 1, 1);
INSERT INTO kumarcapstone_AspNetUserRoles (UserId, RoleId) SELECT '8837a851-6f1d-40d3-b68f-49f4f2db233d', Id FROM kumarcapstone_AspNetRoles WHERE Name = 'Employee';
INSERT INTO kumarcapstone_AspNetUsers (Id, UserName, NormalizedUserName, Email, NormalizedEmail, EmailConfirmed, PasswordHash, SecurityStamp, ConcurrencyStamp, PhoneNumberConfirmed, TwoFactorEnabled, LockoutEnabled, AccessFailedCount, IsActive, CreatedDate, EmployeeId, ThemePreference, EmailAlertsEnabled, InAppNotificationsEnabled) VALUES ('2e90be1a-1b19-449a-8f7f-c3cf81bcaeee', 'david.white1046@hrmanagement.com', 'DAVID.WHITE1046@HRMANAGEMENT.COM', 'david.white1046@hrmanagement.com', 'DAVID.WHITE1046@HRMANAGEMENT.COM', 1, @adminHash, NEWID(), NEWID(), 0, 0, 1, 0, 1, GETUTCDATE(), 1046, 'light', 1, 1);
INSERT INTO kumarcapstone_AspNetUserRoles (UserId, RoleId) SELECT '2e90be1a-1b19-449a-8f7f-c3cf81bcaeee', Id FROM kumarcapstone_AspNetRoles WHERE Name = 'Employee';
INSERT INTO kumarcapstone_AspNetUsers (Id, UserName, NormalizedUserName, Email, NormalizedEmail, EmailConfirmed, PasswordHash, SecurityStamp, ConcurrencyStamp, PhoneNumberConfirmed, TwoFactorEnabled, LockoutEnabled, AccessFailedCount, IsActive, CreatedDate, EmployeeId, ThemePreference, EmailAlertsEnabled, InAppNotificationsEnabled) VALUES ('f554bc7c-aedf-4515-8018-595bba984c73', 'david.brown1047@hrmanagement.com', 'DAVID.BROWN1047@HRMANAGEMENT.COM', 'david.brown1047@hrmanagement.com', 'DAVID.BROWN1047@HRMANAGEMENT.COM', 1, @adminHash, NEWID(), NEWID(), 0, 0, 1, 0, 1, GETUTCDATE(), 1047, 'light', 1, 1);
INSERT INTO kumarcapstone_AspNetUserRoles (UserId, RoleId) SELECT 'f554bc7c-aedf-4515-8018-595bba984c73', Id FROM kumarcapstone_AspNetRoles WHERE Name = 'Employee';
INSERT INTO kumarcapstone_AspNetUsers (Id, UserName, NormalizedUserName, Email, NormalizedEmail, EmailConfirmed, PasswordHash, SecurityStamp, ConcurrencyStamp, PhoneNumberConfirmed, TwoFactorEnabled, LockoutEnabled, AccessFailedCount, IsActive, CreatedDate, EmployeeId, ThemePreference, EmailAlertsEnabled, InAppNotificationsEnabled) VALUES ('91cdc1b7-b5a8-489f-ba89-10f1015a75e9', 'emma.jones1048@hrmanagement.com', 'EMMA.JONES1048@HRMANAGEMENT.COM', 'emma.jones1048@hrmanagement.com', 'EMMA.JONES1048@HRMANAGEMENT.COM', 1, @adminHash, NEWID(), NEWID(), 0, 0, 1, 0, 1, GETUTCDATE(), 1048, 'light', 1, 1);
INSERT INTO kumarcapstone_AspNetUserRoles (UserId, RoleId) SELECT '91cdc1b7-b5a8-489f-ba89-10f1015a75e9', Id FROM kumarcapstone_AspNetRoles WHERE Name = 'Employee';
INSERT INTO kumarcapstone_AspNetUsers (Id, UserName, NormalizedUserName, Email, NormalizedEmail, EmailConfirmed, PasswordHash, SecurityStamp, ConcurrencyStamp, PhoneNumberConfirmed, TwoFactorEnabled, LockoutEnabled, AccessFailedCount, IsActive, CreatedDate, EmployeeId, ThemePreference, EmailAlertsEnabled, InAppNotificationsEnabled) VALUES ('ebb7d3a0-e461-44c2-89a3-f4042fb83621', 'james.white1049@hrmanagement.com', 'JAMES.WHITE1049@HRMANAGEMENT.COM', 'james.white1049@hrmanagement.com', 'JAMES.WHITE1049@HRMANAGEMENT.COM', 1, @adminHash, NEWID(), NEWID(), 0, 0, 1, 0, 1, GETUTCDATE(), 1049, 'light', 1, 1);
INSERT INTO kumarcapstone_AspNetUserRoles (UserId, RoleId) SELECT 'ebb7d3a0-e461-44c2-89a3-f4042fb83621', Id FROM kumarcapstone_AspNetRoles WHERE Name = 'Employee';
INSERT INTO kumarcapstone_AspNetUsers (Id, UserName, NormalizedUserName, Email, NormalizedEmail, EmailConfirmed, PasswordHash, SecurityStamp, ConcurrencyStamp, PhoneNumberConfirmed, TwoFactorEnabled, LockoutEnabled, AccessFailedCount, IsActive, CreatedDate, EmployeeId, ThemePreference, EmailAlertsEnabled, InAppNotificationsEnabled) VALUES ('84bb4a6e-1081-43fc-8451-c92ed183a145', 'emma.wilson1050@hrmanagement.com', 'EMMA.WILSON1050@HRMANAGEMENT.COM', 'emma.wilson1050@hrmanagement.com', 'EMMA.WILSON1050@HRMANAGEMENT.COM', 1, @adminHash, NEWID(), NEWID(), 0, 0, 1, 0, 1, GETUTCDATE(), 1050, 'light', 1, 1);
INSERT INTO kumarcapstone_AspNetUserRoles (UserId, RoleId) SELECT '84bb4a6e-1081-43fc-8451-c92ed183a145', Id FROM kumarcapstone_AspNetRoles WHERE Name = 'Employee';
INSERT INTO kumarcapstone_AspNetUsers (Id, UserName, NormalizedUserName, Email, NormalizedEmail, EmailConfirmed, PasswordHash, SecurityStamp, ConcurrencyStamp, PhoneNumberConfirmed, TwoFactorEnabled, LockoutEnabled, AccessFailedCount, IsActive, CreatedDate, EmployeeId, ThemePreference, EmailAlertsEnabled, InAppNotificationsEnabled) VALUES ('e4b0682d-f90b-4436-a458-e8df6163e54a', 'olivia.wilson1051@hrmanagement.com', 'OLIVIA.WILSON1051@HRMANAGEMENT.COM', 'olivia.wilson1051@hrmanagement.com', 'OLIVIA.WILSON1051@HRMANAGEMENT.COM', 1, @adminHash, NEWID(), NEWID(), 0, 0, 1, 0, 1, GETUTCDATE(), 1051, 'light', 1, 1);
INSERT INTO kumarcapstone_AspNetUserRoles (UserId, RoleId) SELECT 'e4b0682d-f90b-4436-a458-e8df6163e54a', Id FROM kumarcapstone_AspNetRoles WHERE Name = 'Employee';
INSERT INTO kumarcapstone_AspNetUsers (Id, UserName, NormalizedUserName, Email, NormalizedEmail, EmailConfirmed, PasswordHash, SecurityStamp, ConcurrencyStamp, PhoneNumberConfirmed, TwoFactorEnabled, LockoutEnabled, AccessFailedCount, IsActive, CreatedDate, EmployeeId, ThemePreference, EmailAlertsEnabled, InAppNotificationsEnabled) VALUES ('9835abd9-4292-4fb9-8e0f-7dee520e83bf', 'sophia.jackson1052@hrmanagement.com', 'SOPHIA.JACKSON1052@HRMANAGEMENT.COM', 'sophia.jackson1052@hrmanagement.com', 'SOPHIA.JACKSON1052@HRMANAGEMENT.COM', 1, @adminHash, NEWID(), NEWID(), 0, 0, 1, 0, 1, GETUTCDATE(), 1052, 'light', 1, 1);
INSERT INTO kumarcapstone_AspNetUserRoles (UserId, RoleId) SELECT '9835abd9-4292-4fb9-8e0f-7dee520e83bf', Id FROM kumarcapstone_AspNetRoles WHERE Name = 'Employee';
INSERT INTO kumarcapstone_AspNetUsers (Id, UserName, NormalizedUserName, Email, NormalizedEmail, EmailConfirmed, PasswordHash, SecurityStamp, ConcurrencyStamp, PhoneNumberConfirmed, TwoFactorEnabled, LockoutEnabled, AccessFailedCount, IsActive, CreatedDate, EmployeeId, ThemePreference, EmailAlertsEnabled, InAppNotificationsEnabled) VALUES ('337ee429-97bf-4498-9004-ba331856ceb4', 'michael.white1053@hrmanagement.com', 'MICHAEL.WHITE1053@HRMANAGEMENT.COM', 'michael.white1053@hrmanagement.com', 'MICHAEL.WHITE1053@HRMANAGEMENT.COM', 1, @adminHash, NEWID(), NEWID(), 0, 0, 1, 0, 1, GETUTCDATE(), 1053, 'light', 1, 1);
INSERT INTO kumarcapstone_AspNetUserRoles (UserId, RoleId) SELECT '337ee429-97bf-4498-9004-ba331856ceb4', Id FROM kumarcapstone_AspNetRoles WHERE Name = 'Employee';
INSERT INTO kumarcapstone_AspNetUsers (Id, UserName, NormalizedUserName, Email, NormalizedEmail, EmailConfirmed, PasswordHash, SecurityStamp, ConcurrencyStamp, PhoneNumberConfirmed, TwoFactorEnabled, LockoutEnabled, AccessFailedCount, IsActive, CreatedDate, EmployeeId, ThemePreference, EmailAlertsEnabled, InAppNotificationsEnabled) VALUES ('35653583-e071-4d78-9e4d-81352429cb52', 'sophia.anderson1054@hrmanagement.com', 'SOPHIA.ANDERSON1054@HRMANAGEMENT.COM', 'sophia.anderson1054@hrmanagement.com', 'SOPHIA.ANDERSON1054@HRMANAGEMENT.COM', 1, @adminHash, NEWID(), NEWID(), 0, 0, 1, 0, 1, GETUTCDATE(), 1054, 'light', 1, 1);
INSERT INTO kumarcapstone_AspNetUserRoles (UserId, RoleId) SELECT '35653583-e071-4d78-9e4d-81352429cb52', Id FROM kumarcapstone_AspNetRoles WHERE Name = 'Employee';
INSERT INTO kumarcapstone_AspNetUsers (Id, UserName, NormalizedUserName, Email, NormalizedEmail, EmailConfirmed, PasswordHash, SecurityStamp, ConcurrencyStamp, PhoneNumberConfirmed, TwoFactorEnabled, LockoutEnabled, AccessFailedCount, IsActive, CreatedDate, EmployeeId, ThemePreference, EmailAlertsEnabled, InAppNotificationsEnabled) VALUES ('b46f3027-f2f3-4d9a-a340-4b0f446e47fb', 'michael.miller1055@hrmanagement.com', 'MICHAEL.MILLER1055@HRMANAGEMENT.COM', 'michael.miller1055@hrmanagement.com', 'MICHAEL.MILLER1055@HRMANAGEMENT.COM', 1, @adminHash, NEWID(), NEWID(), 0, 0, 1, 0, 1, GETUTCDATE(), 1055, 'light', 1, 1);
INSERT INTO kumarcapstone_AspNetUserRoles (UserId, RoleId) SELECT 'b46f3027-f2f3-4d9a-a340-4b0f446e47fb', Id FROM kumarcapstone_AspNetRoles WHERE Name = 'Employee';
INSERT INTO kumarcapstone_AspNetUsers (Id, UserName, NormalizedUserName, Email, NormalizedEmail, EmailConfirmed, PasswordHash, SecurityStamp, ConcurrencyStamp, PhoneNumberConfirmed, TwoFactorEnabled, LockoutEnabled, AccessFailedCount, IsActive, CreatedDate, EmployeeId, ThemePreference, EmailAlertsEnabled, InAppNotificationsEnabled) VALUES ('651f76e0-321f-40c0-8ab0-c04c8601b2c4', 'william.anderson1056@hrmanagement.com', 'WILLIAM.ANDERSON1056@HRMANAGEMENT.COM', 'william.anderson1056@hrmanagement.com', 'WILLIAM.ANDERSON1056@HRMANAGEMENT.COM', 1, @adminHash, NEWID(), NEWID(), 0, 0, 1, 0, 1, GETUTCDATE(), 1056, 'light', 1, 1);
INSERT INTO kumarcapstone_AspNetUserRoles (UserId, RoleId) SELECT '651f76e0-321f-40c0-8ab0-c04c8601b2c4', Id FROM kumarcapstone_AspNetRoles WHERE Name = 'Employee';
INSERT INTO kumarcapstone_AspNetUsers (Id, UserName, NormalizedUserName, Email, NormalizedEmail, EmailConfirmed, PasswordHash, SecurityStamp, ConcurrencyStamp, PhoneNumberConfirmed, TwoFactorEnabled, LockoutEnabled, AccessFailedCount, IsActive, CreatedDate, EmployeeId, ThemePreference, EmailAlertsEnabled, InAppNotificationsEnabled) VALUES ('53b92fcd-8190-41c3-8a40-15784814982a', 'michael.wilson1057@hrmanagement.com', 'MICHAEL.WILSON1057@HRMANAGEMENT.COM', 'michael.wilson1057@hrmanagement.com', 'MICHAEL.WILSON1057@HRMANAGEMENT.COM', 1, @adminHash, NEWID(), NEWID(), 0, 0, 1, 0, 1, GETUTCDATE(), 1057, 'light', 1, 1);
INSERT INTO kumarcapstone_AspNetUserRoles (UserId, RoleId) SELECT '53b92fcd-8190-41c3-8a40-15784814982a', Id FROM kumarcapstone_AspNetRoles WHERE Name = 'Employee';
INSERT INTO kumarcapstone_AspNetUsers (Id, UserName, NormalizedUserName, Email, NormalizedEmail, EmailConfirmed, PasswordHash, SecurityStamp, ConcurrencyStamp, PhoneNumberConfirmed, TwoFactorEnabled, LockoutEnabled, AccessFailedCount, IsActive, CreatedDate, EmployeeId, ThemePreference, EmailAlertsEnabled, InAppNotificationsEnabled) VALUES ('22c84a83-deac-49be-8589-8541fc8e6866', 'michael.taylor1058@hrmanagement.com', 'MICHAEL.TAYLOR1058@HRMANAGEMENT.COM', 'michael.taylor1058@hrmanagement.com', 'MICHAEL.TAYLOR1058@HRMANAGEMENT.COM', 1, @adminHash, NEWID(), NEWID(), 0, 0, 1, 0, 1, GETUTCDATE(), 1058, 'light', 1, 1);
INSERT INTO kumarcapstone_AspNetUserRoles (UserId, RoleId) SELECT '22c84a83-deac-49be-8589-8541fc8e6866', Id FROM kumarcapstone_AspNetRoles WHERE Name = 'Employee';
INSERT INTO kumarcapstone_AspNetUsers (Id, UserName, NormalizedUserName, Email, NormalizedEmail, EmailConfirmed, PasswordHash, SecurityStamp, ConcurrencyStamp, PhoneNumberConfirmed, TwoFactorEnabled, LockoutEnabled, AccessFailedCount, IsActive, CreatedDate, EmployeeId, ThemePreference, EmailAlertsEnabled, InAppNotificationsEnabled) VALUES ('24171f52-b942-439a-b57e-a504c7df86e4', 'sophia.brown1059@hrmanagement.com', 'SOPHIA.BROWN1059@HRMANAGEMENT.COM', 'sophia.brown1059@hrmanagement.com', 'SOPHIA.BROWN1059@HRMANAGEMENT.COM', 1, @adminHash, NEWID(), NEWID(), 0, 0, 1, 0, 1, GETUTCDATE(), 1059, 'light', 1, 1);
INSERT INTO kumarcapstone_AspNetUserRoles (UserId, RoleId) SELECT '24171f52-b942-439a-b57e-a504c7df86e4', Id FROM kumarcapstone_AspNetRoles WHERE Name = 'Employee';
INSERT INTO kumarcapstone_AspNetUsers (Id, UserName, NormalizedUserName, Email, NormalizedEmail, EmailConfirmed, PasswordHash, SecurityStamp, ConcurrencyStamp, PhoneNumberConfirmed, TwoFactorEnabled, LockoutEnabled, AccessFailedCount, IsActive, CreatedDate, EmployeeId, ThemePreference, EmailAlertsEnabled, InAppNotificationsEnabled) VALUES ('1509bf68-42be-4827-baff-9a453c94a65a', 'michael.taylor1060@hrmanagement.com', 'MICHAEL.TAYLOR1060@HRMANAGEMENT.COM', 'michael.taylor1060@hrmanagement.com', 'MICHAEL.TAYLOR1060@HRMANAGEMENT.COM', 1, @adminHash, NEWID(), NEWID(), 0, 0, 1, 0, 1, GETUTCDATE(), 1060, 'light', 1, 1);
INSERT INTO kumarcapstone_AspNetUserRoles (UserId, RoleId) SELECT '1509bf68-42be-4827-baff-9a453c94a65a', Id FROM kumarcapstone_AspNetRoles WHERE Name = 'Employee';
INSERT INTO kumarcapstone_AspNetUsers (Id, UserName, NormalizedUserName, Email, NormalizedEmail, EmailConfirmed, PasswordHash, SecurityStamp, ConcurrencyStamp, PhoneNumberConfirmed, TwoFactorEnabled, LockoutEnabled, AccessFailedCount, IsActive, CreatedDate, EmployeeId, ThemePreference, EmailAlertsEnabled, InAppNotificationsEnabled) VALUES ('3cd86edb-c765-47d2-8bff-ebdde8c13ace', 'sarah.smith1061@hrmanagement.com', 'SARAH.SMITH1061@HRMANAGEMENT.COM', 'sarah.smith1061@hrmanagement.com', 'SARAH.SMITH1061@HRMANAGEMENT.COM', 1, @adminHash, NEWID(), NEWID(), 0, 0, 1, 0, 1, GETUTCDATE(), 1061, 'light', 1, 1);
INSERT INTO kumarcapstone_AspNetUserRoles (UserId, RoleId) SELECT '3cd86edb-c765-47d2-8bff-ebdde8c13ace', Id FROM kumarcapstone_AspNetRoles WHERE Name = 'Employee';
INSERT INTO kumarcapstone_AspNetUsers (Id, UserName, NormalizedUserName, Email, NormalizedEmail, EmailConfirmed, PasswordHash, SecurityStamp, ConcurrencyStamp, PhoneNumberConfirmed, TwoFactorEnabled, LockoutEnabled, AccessFailedCount, IsActive, CreatedDate, EmployeeId, ThemePreference, EmailAlertsEnabled, InAppNotificationsEnabled) VALUES ('03395956-6433-4c8a-9e29-b2a5634d6b91', 'daniel.miller1062@hrmanagement.com', 'DANIEL.MILLER1062@HRMANAGEMENT.COM', 'daniel.miller1062@hrmanagement.com', 'DANIEL.MILLER1062@HRMANAGEMENT.COM', 1, @adminHash, NEWID(), NEWID(), 0, 0, 1, 0, 1, GETUTCDATE(), 1062, 'light', 1, 1);
INSERT INTO kumarcapstone_AspNetUserRoles (UserId, RoleId) SELECT '03395956-6433-4c8a-9e29-b2a5634d6b91', Id FROM kumarcapstone_AspNetRoles WHERE Name = 'Employee';
INSERT INTO kumarcapstone_AspNetUsers (Id, UserName, NormalizedUserName, Email, NormalizedEmail, EmailConfirmed, PasswordHash, SecurityStamp, ConcurrencyStamp, PhoneNumberConfirmed, TwoFactorEnabled, LockoutEnabled, AccessFailedCount, IsActive, CreatedDate, EmployeeId, ThemePreference, EmailAlertsEnabled, InAppNotificationsEnabled) VALUES ('8f985744-231f-4b04-8733-52ab0acdddd0', 'michael.taylor1063@hrmanagement.com', 'MICHAEL.TAYLOR1063@HRMANAGEMENT.COM', 'michael.taylor1063@hrmanagement.com', 'MICHAEL.TAYLOR1063@HRMANAGEMENT.COM', 1, @adminHash, NEWID(), NEWID(), 0, 0, 1, 0, 1, GETUTCDATE(), 1063, 'light', 1, 1);
INSERT INTO kumarcapstone_AspNetUserRoles (UserId, RoleId) SELECT '8f985744-231f-4b04-8733-52ab0acdddd0', Id FROM kumarcapstone_AspNetRoles WHERE Name = 'Employee';
INSERT INTO kumarcapstone_AspNetUsers (Id, UserName, NormalizedUserName, Email, NormalizedEmail, EmailConfirmed, PasswordHash, SecurityStamp, ConcurrencyStamp, PhoneNumberConfirmed, TwoFactorEnabled, LockoutEnabled, AccessFailedCount, IsActive, CreatedDate, EmployeeId, ThemePreference, EmailAlertsEnabled, InAppNotificationsEnabled) VALUES ('93532bb5-4d02-4bce-aba0-4d2528222612', 'sophia.jones1064@hrmanagement.com', 'SOPHIA.JONES1064@HRMANAGEMENT.COM', 'sophia.jones1064@hrmanagement.com', 'SOPHIA.JONES1064@HRMANAGEMENT.COM', 1, @adminHash, NEWID(), NEWID(), 0, 0, 1, 0, 1, GETUTCDATE(), 1064, 'light', 1, 1);
INSERT INTO kumarcapstone_AspNetUserRoles (UserId, RoleId) SELECT '93532bb5-4d02-4bce-aba0-4d2528222612', Id FROM kumarcapstone_AspNetRoles WHERE Name = 'Employee';
INSERT INTO kumarcapstone_AspNetUsers (Id, UserName, NormalizedUserName, Email, NormalizedEmail, EmailConfirmed, PasswordHash, SecurityStamp, ConcurrencyStamp, PhoneNumberConfirmed, TwoFactorEnabled, LockoutEnabled, AccessFailedCount, IsActive, CreatedDate, EmployeeId, ThemePreference, EmailAlertsEnabled, InAppNotificationsEnabled) VALUES ('67436729-df9e-4319-9edd-4ca71477c943', 'emma.brown1065@hrmanagement.com', 'EMMA.BROWN1065@HRMANAGEMENT.COM', 'emma.brown1065@hrmanagement.com', 'EMMA.BROWN1065@HRMANAGEMENT.COM', 1, @adminHash, NEWID(), NEWID(), 0, 0, 1, 0, 1, GETUTCDATE(), 1065, 'light', 1, 1);
INSERT INTO kumarcapstone_AspNetUserRoles (UserId, RoleId) SELECT '67436729-df9e-4319-9edd-4ca71477c943', Id FROM kumarcapstone_AspNetRoles WHERE Name = 'Employee';
INSERT INTO kumarcapstone_AspNetUsers (Id, UserName, NormalizedUserName, Email, NormalizedEmail, EmailConfirmed, PasswordHash, SecurityStamp, ConcurrencyStamp, PhoneNumberConfirmed, TwoFactorEnabled, LockoutEnabled, AccessFailedCount, IsActive, CreatedDate, EmployeeId, ThemePreference, EmailAlertsEnabled, InAppNotificationsEnabled) VALUES ('a035c0f3-3891-4050-9675-595649340b8f', 'william.jackson1066@hrmanagement.com', 'WILLIAM.JACKSON1066@HRMANAGEMENT.COM', 'william.jackson1066@hrmanagement.com', 'WILLIAM.JACKSON1066@HRMANAGEMENT.COM', 1, @adminHash, NEWID(), NEWID(), 0, 0, 1, 0, 1, GETUTCDATE(), 1066, 'light', 1, 1);
INSERT INTO kumarcapstone_AspNetUserRoles (UserId, RoleId) SELECT 'a035c0f3-3891-4050-9675-595649340b8f', Id FROM kumarcapstone_AspNetRoles WHERE Name = 'Employee';
INSERT INTO kumarcapstone_AspNetUsers (Id, UserName, NormalizedUserName, Email, NormalizedEmail, EmailConfirmed, PasswordHash, SecurityStamp, ConcurrencyStamp, PhoneNumberConfirmed, TwoFactorEnabled, LockoutEnabled, AccessFailedCount, IsActive, CreatedDate, EmployeeId, ThemePreference, EmailAlertsEnabled, InAppNotificationsEnabled) VALUES ('07cb9f3b-96cc-4168-bad0-86f3ee131e4f', 'david.thomas1067@hrmanagement.com', 'DAVID.THOMAS1067@HRMANAGEMENT.COM', 'david.thomas1067@hrmanagement.com', 'DAVID.THOMAS1067@HRMANAGEMENT.COM', 1, @adminHash, NEWID(), NEWID(), 0, 0, 1, 0, 1, GETUTCDATE(), 1067, 'light', 1, 1);
INSERT INTO kumarcapstone_AspNetUserRoles (UserId, RoleId) SELECT '07cb9f3b-96cc-4168-bad0-86f3ee131e4f', Id FROM kumarcapstone_AspNetRoles WHERE Name = 'Employee';
INSERT INTO kumarcapstone_AspNetUsers (Id, UserName, NormalizedUserName, Email, NormalizedEmail, EmailConfirmed, PasswordHash, SecurityStamp, ConcurrencyStamp, PhoneNumberConfirmed, TwoFactorEnabled, LockoutEnabled, AccessFailedCount, IsActive, CreatedDate, EmployeeId, ThemePreference, EmailAlertsEnabled, InAppNotificationsEnabled) VALUES ('d0758c07-5d42-4797-a0bb-e8fcd1d069da', 'john.anderson1068@hrmanagement.com', 'JOHN.ANDERSON1068@HRMANAGEMENT.COM', 'john.anderson1068@hrmanagement.com', 'JOHN.ANDERSON1068@HRMANAGEMENT.COM', 1, @adminHash, NEWID(), NEWID(), 0, 0, 1, 0, 1, GETUTCDATE(), 1068, 'light', 1, 1);
INSERT INTO kumarcapstone_AspNetUserRoles (UserId, RoleId) SELECT 'd0758c07-5d42-4797-a0bb-e8fcd1d069da', Id FROM kumarcapstone_AspNetRoles WHERE Name = 'Employee';
INSERT INTO kumarcapstone_AspNetUsers (Id, UserName, NormalizedUserName, Email, NormalizedEmail, EmailConfirmed, PasswordHash, SecurityStamp, ConcurrencyStamp, PhoneNumberConfirmed, TwoFactorEnabled, LockoutEnabled, AccessFailedCount, IsActive, CreatedDate, EmployeeId, ThemePreference, EmailAlertsEnabled, InAppNotificationsEnabled) VALUES ('5e55a9eb-c21e-4f6e-80cf-1063ea63f7a3', 'olivia.smith1069@hrmanagement.com', 'OLIVIA.SMITH1069@HRMANAGEMENT.COM', 'olivia.smith1069@hrmanagement.com', 'OLIVIA.SMITH1069@HRMANAGEMENT.COM', 1, @adminHash, NEWID(), NEWID(), 0, 0, 1, 0, 1, GETUTCDATE(), 1069, 'light', 1, 1);
INSERT INTO kumarcapstone_AspNetUserRoles (UserId, RoleId) SELECT '5e55a9eb-c21e-4f6e-80cf-1063ea63f7a3', Id FROM kumarcapstone_AspNetRoles WHERE Name = 'Employee';
INSERT INTO kumarcapstone_AspNetUsers (Id, UserName, NormalizedUserName, Email, NormalizedEmail, EmailConfirmed, PasswordHash, SecurityStamp, ConcurrencyStamp, PhoneNumberConfirmed, TwoFactorEnabled, LockoutEnabled, AccessFailedCount, IsActive, CreatedDate, EmployeeId, ThemePreference, EmailAlertsEnabled, InAppNotificationsEnabled) VALUES ('71f60726-5134-4b22-975f-e12aa212a3e1', 'emma.miller1070@hrmanagement.com', 'EMMA.MILLER1070@HRMANAGEMENT.COM', 'emma.miller1070@hrmanagement.com', 'EMMA.MILLER1070@HRMANAGEMENT.COM', 1, @adminHash, NEWID(), NEWID(), 0, 0, 1, 0, 1, GETUTCDATE(), 1070, 'light', 1, 1);
INSERT INTO kumarcapstone_AspNetUserRoles (UserId, RoleId) SELECT '71f60726-5134-4b22-975f-e12aa212a3e1', Id FROM kumarcapstone_AspNetRoles WHERE Name = 'Employee';
INSERT INTO kumarcapstone_AspNetUsers (Id, UserName, NormalizedUserName, Email, NormalizedEmail, EmailConfirmed, PasswordHash, SecurityStamp, ConcurrencyStamp, PhoneNumberConfirmed, TwoFactorEnabled, LockoutEnabled, AccessFailedCount, IsActive, CreatedDate, EmployeeId, ThemePreference, EmailAlertsEnabled, InAppNotificationsEnabled) VALUES ('c6561c08-f17c-477a-abaf-f9fbeb50d8f1', 'john.white1071@hrmanagement.com', 'JOHN.WHITE1071@HRMANAGEMENT.COM', 'john.white1071@hrmanagement.com', 'JOHN.WHITE1071@HRMANAGEMENT.COM', 1, @adminHash, NEWID(), NEWID(), 0, 0, 1, 0, 1, GETUTCDATE(), 1071, 'light', 1, 1);
INSERT INTO kumarcapstone_AspNetUserRoles (UserId, RoleId) SELECT 'c6561c08-f17c-477a-abaf-f9fbeb50d8f1', Id FROM kumarcapstone_AspNetRoles WHERE Name = 'Employee';
INSERT INTO kumarcapstone_AspNetUsers (Id, UserName, NormalizedUserName, Email, NormalizedEmail, EmailConfirmed, PasswordHash, SecurityStamp, ConcurrencyStamp, PhoneNumberConfirmed, TwoFactorEnabled, LockoutEnabled, AccessFailedCount, IsActive, CreatedDate, EmployeeId, ThemePreference, EmailAlertsEnabled, InAppNotificationsEnabled) VALUES ('1760b0d7-0551-4a0b-8f34-9cb60c568f95', 'daniel.jackson1072@hrmanagement.com', 'DANIEL.JACKSON1072@HRMANAGEMENT.COM', 'daniel.jackson1072@hrmanagement.com', 'DANIEL.JACKSON1072@HRMANAGEMENT.COM', 1, @adminHash, NEWID(), NEWID(), 0, 0, 1, 0, 1, GETUTCDATE(), 1072, 'light', 1, 1);
INSERT INTO kumarcapstone_AspNetUserRoles (UserId, RoleId) SELECT '1760b0d7-0551-4a0b-8f34-9cb60c568f95', Id FROM kumarcapstone_AspNetRoles WHERE Name = 'Employee';
INSERT INTO kumarcapstone_AspNetUsers (Id, UserName, NormalizedUserName, Email, NormalizedEmail, EmailConfirmed, PasswordHash, SecurityStamp, ConcurrencyStamp, PhoneNumberConfirmed, TwoFactorEnabled, LockoutEnabled, AccessFailedCount, IsActive, CreatedDate, EmployeeId, ThemePreference, EmailAlertsEnabled, InAppNotificationsEnabled) VALUES ('75a0ff97-47d7-418f-95d3-755b19fbec28', 'william.jackson1073@hrmanagement.com', 'WILLIAM.JACKSON1073@HRMANAGEMENT.COM', 'william.jackson1073@hrmanagement.com', 'WILLIAM.JACKSON1073@HRMANAGEMENT.COM', 1, @adminHash, NEWID(), NEWID(), 0, 0, 1, 0, 1, GETUTCDATE(), 1073, 'light', 1, 1);
INSERT INTO kumarcapstone_AspNetUserRoles (UserId, RoleId) SELECT '75a0ff97-47d7-418f-95d3-755b19fbec28', Id FROM kumarcapstone_AspNetRoles WHERE Name = 'Employee';
INSERT INTO kumarcapstone_AspNetUsers (Id, UserName, NormalizedUserName, Email, NormalizedEmail, EmailConfirmed, PasswordHash, SecurityStamp, ConcurrencyStamp, PhoneNumberConfirmed, TwoFactorEnabled, LockoutEnabled, AccessFailedCount, IsActive, CreatedDate, EmployeeId, ThemePreference, EmailAlertsEnabled, InAppNotificationsEnabled) VALUES ('c156389e-2dd8-4dd1-803a-80bdc61ea367', 'michael.smith1074@hrmanagement.com', 'MICHAEL.SMITH1074@HRMANAGEMENT.COM', 'michael.smith1074@hrmanagement.com', 'MICHAEL.SMITH1074@HRMANAGEMENT.COM', 1, @adminHash, NEWID(), NEWID(), 0, 0, 1, 0, 1, GETUTCDATE(), 1074, 'light', 1, 1);
INSERT INTO kumarcapstone_AspNetUserRoles (UserId, RoleId) SELECT 'c156389e-2dd8-4dd1-803a-80bdc61ea367', Id FROM kumarcapstone_AspNetRoles WHERE Name = 'Employee';
INSERT INTO kumarcapstone_AspNetUsers (Id, UserName, NormalizedUserName, Email, NormalizedEmail, EmailConfirmed, PasswordHash, SecurityStamp, ConcurrencyStamp, PhoneNumberConfirmed, TwoFactorEnabled, LockoutEnabled, AccessFailedCount, IsActive, CreatedDate, EmployeeId, ThemePreference, EmailAlertsEnabled, InAppNotificationsEnabled) VALUES ('1d69b887-078a-451e-9cb2-ed84d3cb7686', 'emma.thomas1075@hrmanagement.com', 'EMMA.THOMAS1075@HRMANAGEMENT.COM', 'emma.thomas1075@hrmanagement.com', 'EMMA.THOMAS1075@HRMANAGEMENT.COM', 1, @adminHash, NEWID(), NEWID(), 0, 0, 1, 0, 1, GETUTCDATE(), 1075, 'light', 1, 1);
INSERT INTO kumarcapstone_AspNetUserRoles (UserId, RoleId) SELECT '1d69b887-078a-451e-9cb2-ed84d3cb7686', Id FROM kumarcapstone_AspNetRoles WHERE Name = 'Employee';
INSERT INTO kumarcapstone_AspNetUsers (Id, UserName, NormalizedUserName, Email, NormalizedEmail, EmailConfirmed, PasswordHash, SecurityStamp, ConcurrencyStamp, PhoneNumberConfirmed, TwoFactorEnabled, LockoutEnabled, AccessFailedCount, IsActive, CreatedDate, EmployeeId, ThemePreference, EmailAlertsEnabled, InAppNotificationsEnabled) VALUES ('07cbefec-1025-41c0-a5b5-30e3e2b17fb1', 'michael.jackson1076@hrmanagement.com', 'MICHAEL.JACKSON1076@HRMANAGEMENT.COM', 'michael.jackson1076@hrmanagement.com', 'MICHAEL.JACKSON1076@HRMANAGEMENT.COM', 1, @adminHash, NEWID(), NEWID(), 0, 0, 1, 0, 1, GETUTCDATE(), 1076, 'light', 1, 1);
INSERT INTO kumarcapstone_AspNetUserRoles (UserId, RoleId) SELECT '07cbefec-1025-41c0-a5b5-30e3e2b17fb1', Id FROM kumarcapstone_AspNetRoles WHERE Name = 'Employee';
INSERT INTO kumarcapstone_AspNetUsers (Id, UserName, NormalizedUserName, Email, NormalizedEmail, EmailConfirmed, PasswordHash, SecurityStamp, ConcurrencyStamp, PhoneNumberConfirmed, TwoFactorEnabled, LockoutEnabled, AccessFailedCount, IsActive, CreatedDate, EmployeeId, ThemePreference, EmailAlertsEnabled, InAppNotificationsEnabled) VALUES ('e70a7b08-986e-42ed-b106-5aa6f9ff459d', 'sophia.taylor1077@hrmanagement.com', 'SOPHIA.TAYLOR1077@HRMANAGEMENT.COM', 'sophia.taylor1077@hrmanagement.com', 'SOPHIA.TAYLOR1077@HRMANAGEMENT.COM', 1, @adminHash, NEWID(), NEWID(), 0, 0, 1, 0, 1, GETUTCDATE(), 1077, 'light', 1, 1);
INSERT INTO kumarcapstone_AspNetUserRoles (UserId, RoleId) SELECT 'e70a7b08-986e-42ed-b106-5aa6f9ff459d', Id FROM kumarcapstone_AspNetRoles WHERE Name = 'Employee';
INSERT INTO kumarcapstone_AspNetUsers (Id, UserName, NormalizedUserName, Email, NormalizedEmail, EmailConfirmed, PasswordHash, SecurityStamp, ConcurrencyStamp, PhoneNumberConfirmed, TwoFactorEnabled, LockoutEnabled, AccessFailedCount, IsActive, CreatedDate, EmployeeId, ThemePreference, EmailAlertsEnabled, InAppNotificationsEnabled) VALUES ('90dbe15b-a0ea-4f1d-b7ff-ea4011aa56e0', 'sophia.wilson1078@hrmanagement.com', 'SOPHIA.WILSON1078@HRMANAGEMENT.COM', 'sophia.wilson1078@hrmanagement.com', 'SOPHIA.WILSON1078@HRMANAGEMENT.COM', 1, @adminHash, NEWID(), NEWID(), 0, 0, 1, 0, 1, GETUTCDATE(), 1078, 'light', 1, 1);
INSERT INTO kumarcapstone_AspNetUserRoles (UserId, RoleId) SELECT '90dbe15b-a0ea-4f1d-b7ff-ea4011aa56e0', Id FROM kumarcapstone_AspNetRoles WHERE Name = 'Employee';
INSERT INTO kumarcapstone_AspNetUsers (Id, UserName, NormalizedUserName, Email, NormalizedEmail, EmailConfirmed, PasswordHash, SecurityStamp, ConcurrencyStamp, PhoneNumberConfirmed, TwoFactorEnabled, LockoutEnabled, AccessFailedCount, IsActive, CreatedDate, EmployeeId, ThemePreference, EmailAlertsEnabled, InAppNotificationsEnabled) VALUES ('996929b2-8585-47fd-b8c1-67390e1850d9', 'michael.smith1079@hrmanagement.com', 'MICHAEL.SMITH1079@HRMANAGEMENT.COM', 'michael.smith1079@hrmanagement.com', 'MICHAEL.SMITH1079@HRMANAGEMENT.COM', 1, @adminHash, NEWID(), NEWID(), 0, 0, 1, 0, 1, GETUTCDATE(), 1079, 'light', 1, 1);
INSERT INTO kumarcapstone_AspNetUserRoles (UserId, RoleId) SELECT '996929b2-8585-47fd-b8c1-67390e1850d9', Id FROM kumarcapstone_AspNetRoles WHERE Name = 'Employee';
INSERT INTO kumarcapstone_AspNetUsers (Id, UserName, NormalizedUserName, Email, NormalizedEmail, EmailConfirmed, PasswordHash, SecurityStamp, ConcurrencyStamp, PhoneNumberConfirmed, TwoFactorEnabled, LockoutEnabled, AccessFailedCount, IsActive, CreatedDate, EmployeeId, ThemePreference, EmailAlertsEnabled, InAppNotificationsEnabled) VALUES ('83335370-f0f8-4a69-97f2-d353d8765626', 'daniel.wilson1080@hrmanagement.com', 'DANIEL.WILSON1080@HRMANAGEMENT.COM', 'daniel.wilson1080@hrmanagement.com', 'DANIEL.WILSON1080@HRMANAGEMENT.COM', 1, @adminHash, NEWID(), NEWID(), 0, 0, 1, 0, 1, GETUTCDATE(), 1080, 'light', 1, 1);
INSERT INTO kumarcapstone_AspNetUserRoles (UserId, RoleId) SELECT '83335370-f0f8-4a69-97f2-d353d8765626', Id FROM kumarcapstone_AspNetRoles WHERE Name = 'Employee';
INSERT INTO kumarcapstone_AspNetUsers (Id, UserName, NormalizedUserName, Email, NormalizedEmail, EmailConfirmed, PasswordHash, SecurityStamp, ConcurrencyStamp, PhoneNumberConfirmed, TwoFactorEnabled, LockoutEnabled, AccessFailedCount, IsActive, CreatedDate, EmployeeId, ThemePreference, EmailAlertsEnabled, InAppNotificationsEnabled) VALUES ('9866f5ca-0082-4f1a-a2d9-8ea25d105ca6', 'sophia.thomas1081@hrmanagement.com', 'SOPHIA.THOMAS1081@HRMANAGEMENT.COM', 'sophia.thomas1081@hrmanagement.com', 'SOPHIA.THOMAS1081@HRMANAGEMENT.COM', 1, @adminHash, NEWID(), NEWID(), 0, 0, 1, 0, 1, GETUTCDATE(), 1081, 'light', 1, 1);
INSERT INTO kumarcapstone_AspNetUserRoles (UserId, RoleId) SELECT '9866f5ca-0082-4f1a-a2d9-8ea25d105ca6', Id FROM kumarcapstone_AspNetRoles WHERE Name = 'Employee';
INSERT INTO kumarcapstone_AspNetUsers (Id, UserName, NormalizedUserName, Email, NormalizedEmail, EmailConfirmed, PasswordHash, SecurityStamp, ConcurrencyStamp, PhoneNumberConfirmed, TwoFactorEnabled, LockoutEnabled, AccessFailedCount, IsActive, CreatedDate, EmployeeId, ThemePreference, EmailAlertsEnabled, InAppNotificationsEnabled) VALUES ('8d65cdd9-7354-4473-b6ed-fb2f9cca2ad7', 'james.white1082@hrmanagement.com', 'JAMES.WHITE1082@HRMANAGEMENT.COM', 'james.white1082@hrmanagement.com', 'JAMES.WHITE1082@HRMANAGEMENT.COM', 1, @adminHash, NEWID(), NEWID(), 0, 0, 1, 0, 1, GETUTCDATE(), 1082, 'light', 1, 1);
INSERT INTO kumarcapstone_AspNetUserRoles (UserId, RoleId) SELECT '8d65cdd9-7354-4473-b6ed-fb2f9cca2ad7', Id FROM kumarcapstone_AspNetRoles WHERE Name = 'Employee';
INSERT INTO kumarcapstone_AspNetUsers (Id, UserName, NormalizedUserName, Email, NormalizedEmail, EmailConfirmed, PasswordHash, SecurityStamp, ConcurrencyStamp, PhoneNumberConfirmed, TwoFactorEnabled, LockoutEnabled, AccessFailedCount, IsActive, CreatedDate, EmployeeId, ThemePreference, EmailAlertsEnabled, InAppNotificationsEnabled) VALUES ('cf808bad-46c8-4cd9-818f-74103d561775', 'michael.taylor1083@hrmanagement.com', 'MICHAEL.TAYLOR1083@HRMANAGEMENT.COM', 'michael.taylor1083@hrmanagement.com', 'MICHAEL.TAYLOR1083@HRMANAGEMENT.COM', 1, @adminHash, NEWID(), NEWID(), 0, 0, 1, 0, 1, GETUTCDATE(), 1083, 'light', 1, 1);
INSERT INTO kumarcapstone_AspNetUserRoles (UserId, RoleId) SELECT 'cf808bad-46c8-4cd9-818f-74103d561775', Id FROM kumarcapstone_AspNetRoles WHERE Name = 'Employee';
INSERT INTO kumarcapstone_AspNetUsers (Id, UserName, NormalizedUserName, Email, NormalizedEmail, EmailConfirmed, PasswordHash, SecurityStamp, ConcurrencyStamp, PhoneNumberConfirmed, TwoFactorEnabled, LockoutEnabled, AccessFailedCount, IsActive, CreatedDate, EmployeeId, ThemePreference, EmailAlertsEnabled, InAppNotificationsEnabled) VALUES ('a3c07b71-f64c-4971-8066-6fedf5f1ad3f', 'william.anderson1084@hrmanagement.com', 'WILLIAM.ANDERSON1084@HRMANAGEMENT.COM', 'william.anderson1084@hrmanagement.com', 'WILLIAM.ANDERSON1084@HRMANAGEMENT.COM', 1, @adminHash, NEWID(), NEWID(), 0, 0, 1, 0, 1, GETUTCDATE(), 1084, 'light', 1, 1);
INSERT INTO kumarcapstone_AspNetUserRoles (UserId, RoleId) SELECT 'a3c07b71-f64c-4971-8066-6fedf5f1ad3f', Id FROM kumarcapstone_AspNetRoles WHERE Name = 'Employee';
INSERT INTO kumarcapstone_AspNetUsers (Id, UserName, NormalizedUserName, Email, NormalizedEmail, EmailConfirmed, PasswordHash, SecurityStamp, ConcurrencyStamp, PhoneNumberConfirmed, TwoFactorEnabled, LockoutEnabled, AccessFailedCount, IsActive, CreatedDate, EmployeeId, ThemePreference, EmailAlertsEnabled, InAppNotificationsEnabled) VALUES ('520f755c-a889-40b6-8557-4149f3eda30e', 'olivia.jackson1085@hrmanagement.com', 'OLIVIA.JACKSON1085@HRMANAGEMENT.COM', 'olivia.jackson1085@hrmanagement.com', 'OLIVIA.JACKSON1085@HRMANAGEMENT.COM', 1, @adminHash, NEWID(), NEWID(), 0, 0, 1, 0, 1, GETUTCDATE(), 1085, 'light', 1, 1);
INSERT INTO kumarcapstone_AspNetUserRoles (UserId, RoleId) SELECT '520f755c-a889-40b6-8557-4149f3eda30e', Id FROM kumarcapstone_AspNetRoles WHERE Name = 'Employee';
INSERT INTO kumarcapstone_AspNetUsers (Id, UserName, NormalizedUserName, Email, NormalizedEmail, EmailConfirmed, PasswordHash, SecurityStamp, ConcurrencyStamp, PhoneNumberConfirmed, TwoFactorEnabled, LockoutEnabled, AccessFailedCount, IsActive, CreatedDate, EmployeeId, ThemePreference, EmailAlertsEnabled, InAppNotificationsEnabled) VALUES ('2376cef7-c63c-4e57-88f2-62faae474a19', 'sophia.anderson1086@hrmanagement.com', 'SOPHIA.ANDERSON1086@HRMANAGEMENT.COM', 'sophia.anderson1086@hrmanagement.com', 'SOPHIA.ANDERSON1086@HRMANAGEMENT.COM', 1, @adminHash, NEWID(), NEWID(), 0, 0, 1, 0, 1, GETUTCDATE(), 1086, 'light', 1, 1);
INSERT INTO kumarcapstone_AspNetUserRoles (UserId, RoleId) SELECT '2376cef7-c63c-4e57-88f2-62faae474a19', Id FROM kumarcapstone_AspNetRoles WHERE Name = 'Employee';
INSERT INTO kumarcapstone_AspNetUsers (Id, UserName, NormalizedUserName, Email, NormalizedEmail, EmailConfirmed, PasswordHash, SecurityStamp, ConcurrencyStamp, PhoneNumberConfirmed, TwoFactorEnabled, LockoutEnabled, AccessFailedCount, IsActive, CreatedDate, EmployeeId, ThemePreference, EmailAlertsEnabled, InAppNotificationsEnabled) VALUES ('b64859e9-ede6-4e1f-a49d-8b4d3a4c3d10', 'michael.smith1087@hrmanagement.com', 'MICHAEL.SMITH1087@HRMANAGEMENT.COM', 'michael.smith1087@hrmanagement.com', 'MICHAEL.SMITH1087@HRMANAGEMENT.COM', 1, @adminHash, NEWID(), NEWID(), 0, 0, 1, 0, 1, GETUTCDATE(), 1087, 'light', 1, 1);
INSERT INTO kumarcapstone_AspNetUserRoles (UserId, RoleId) SELECT 'b64859e9-ede6-4e1f-a49d-8b4d3a4c3d10', Id FROM kumarcapstone_AspNetRoles WHERE Name = 'Employee';
INSERT INTO kumarcapstone_AspNetUsers (Id, UserName, NormalizedUserName, Email, NormalizedEmail, EmailConfirmed, PasswordHash, SecurityStamp, ConcurrencyStamp, PhoneNumberConfirmed, TwoFactorEnabled, LockoutEnabled, AccessFailedCount, IsActive, CreatedDate, EmployeeId, ThemePreference, EmailAlertsEnabled, InAppNotificationsEnabled) VALUES ('29740d5b-6300-4dd3-af66-c8d153bc2f37', 'olivia.thomas1088@hrmanagement.com', 'OLIVIA.THOMAS1088@HRMANAGEMENT.COM', 'olivia.thomas1088@hrmanagement.com', 'OLIVIA.THOMAS1088@HRMANAGEMENT.COM', 1, @adminHash, NEWID(), NEWID(), 0, 0, 1, 0, 1, GETUTCDATE(), 1088, 'light', 1, 1);
INSERT INTO kumarcapstone_AspNetUserRoles (UserId, RoleId) SELECT '29740d5b-6300-4dd3-af66-c8d153bc2f37', Id FROM kumarcapstone_AspNetRoles WHERE Name = 'Employee';
INSERT INTO kumarcapstone_AspNetUsers (Id, UserName, NormalizedUserName, Email, NormalizedEmail, EmailConfirmed, PasswordHash, SecurityStamp, ConcurrencyStamp, PhoneNumberConfirmed, TwoFactorEnabled, LockoutEnabled, AccessFailedCount, IsActive, CreatedDate, EmployeeId, ThemePreference, EmailAlertsEnabled, InAppNotificationsEnabled) VALUES ('caa0aa1b-04b0-46cc-b0ca-0e09b52bee83', 'sophia.smith1089@hrmanagement.com', 'SOPHIA.SMITH1089@HRMANAGEMENT.COM', 'sophia.smith1089@hrmanagement.com', 'SOPHIA.SMITH1089@HRMANAGEMENT.COM', 1, @adminHash, NEWID(), NEWID(), 0, 0, 1, 0, 1, GETUTCDATE(), 1089, 'light', 1, 1);
INSERT INTO kumarcapstone_AspNetUserRoles (UserId, RoleId) SELECT 'caa0aa1b-04b0-46cc-b0ca-0e09b52bee83', Id FROM kumarcapstone_AspNetRoles WHERE Name = 'Employee';
INSERT INTO kumarcapstone_AspNetUsers (Id, UserName, NormalizedUserName, Email, NormalizedEmail, EmailConfirmed, PasswordHash, SecurityStamp, ConcurrencyStamp, PhoneNumberConfirmed, TwoFactorEnabled, LockoutEnabled, AccessFailedCount, IsActive, CreatedDate, EmployeeId, ThemePreference, EmailAlertsEnabled, InAppNotificationsEnabled) VALUES ('b4d46148-2326-4d53-8e6f-727bd6d11c32', 'william.wilson1090@hrmanagement.com', 'WILLIAM.WILSON1090@HRMANAGEMENT.COM', 'william.wilson1090@hrmanagement.com', 'WILLIAM.WILSON1090@HRMANAGEMENT.COM', 1, @adminHash, NEWID(), NEWID(), 0, 0, 1, 0, 1, GETUTCDATE(), 1090, 'light', 1, 1);
INSERT INTO kumarcapstone_AspNetUserRoles (UserId, RoleId) SELECT 'b4d46148-2326-4d53-8e6f-727bd6d11c32', Id FROM kumarcapstone_AspNetRoles WHERE Name = 'Employee';
INSERT INTO kumarcapstone_AspNetUsers (Id, UserName, NormalizedUserName, Email, NormalizedEmail, EmailConfirmed, PasswordHash, SecurityStamp, ConcurrencyStamp, PhoneNumberConfirmed, TwoFactorEnabled, LockoutEnabled, AccessFailedCount, IsActive, CreatedDate, EmployeeId, ThemePreference, EmailAlertsEnabled, InAppNotificationsEnabled) VALUES ('2528dd44-6ab2-424c-abf8-ae40b0de582a', 'william.thomas1091@hrmanagement.com', 'WILLIAM.THOMAS1091@HRMANAGEMENT.COM', 'william.thomas1091@hrmanagement.com', 'WILLIAM.THOMAS1091@HRMANAGEMENT.COM', 1, @adminHash, NEWID(), NEWID(), 0, 0, 1, 0, 1, GETUTCDATE(), 1091, 'light', 1, 1);
INSERT INTO kumarcapstone_AspNetUserRoles (UserId, RoleId) SELECT '2528dd44-6ab2-424c-abf8-ae40b0de582a', Id FROM kumarcapstone_AspNetRoles WHERE Name = 'Employee';
INSERT INTO kumarcapstone_AspNetUsers (Id, UserName, NormalizedUserName, Email, NormalizedEmail, EmailConfirmed, PasswordHash, SecurityStamp, ConcurrencyStamp, PhoneNumberConfirmed, TwoFactorEnabled, LockoutEnabled, AccessFailedCount, IsActive, CreatedDate, EmployeeId, ThemePreference, EmailAlertsEnabled, InAppNotificationsEnabled) VALUES ('5bd994e4-8fc6-44e6-be0f-4298105f7954', 'william.anderson1092@hrmanagement.com', 'WILLIAM.ANDERSON1092@HRMANAGEMENT.COM', 'william.anderson1092@hrmanagement.com', 'WILLIAM.ANDERSON1092@HRMANAGEMENT.COM', 1, @adminHash, NEWID(), NEWID(), 0, 0, 1, 0, 1, GETUTCDATE(), 1092, 'light', 1, 1);
INSERT INTO kumarcapstone_AspNetUserRoles (UserId, RoleId) SELECT '5bd994e4-8fc6-44e6-be0f-4298105f7954', Id FROM kumarcapstone_AspNetRoles WHERE Name = 'Employee';
INSERT INTO kumarcapstone_AspNetUsers (Id, UserName, NormalizedUserName, Email, NormalizedEmail, EmailConfirmed, PasswordHash, SecurityStamp, ConcurrencyStamp, PhoneNumberConfirmed, TwoFactorEnabled, LockoutEnabled, AccessFailedCount, IsActive, CreatedDate, EmployeeId, ThemePreference, EmailAlertsEnabled, InAppNotificationsEnabled) VALUES ('630cd220-7733-4354-8fb0-15113ae2f202', 'michael.wilson1093@hrmanagement.com', 'MICHAEL.WILSON1093@HRMANAGEMENT.COM', 'michael.wilson1093@hrmanagement.com', 'MICHAEL.WILSON1093@HRMANAGEMENT.COM', 1, @adminHash, NEWID(), NEWID(), 0, 0, 1, 0, 1, GETUTCDATE(), 1093, 'light', 1, 1);
INSERT INTO kumarcapstone_AspNetUserRoles (UserId, RoleId) SELECT '630cd220-7733-4354-8fb0-15113ae2f202', Id FROM kumarcapstone_AspNetRoles WHERE Name = 'Employee';
INSERT INTO kumarcapstone_AspNetUsers (Id, UserName, NormalizedUserName, Email, NormalizedEmail, EmailConfirmed, PasswordHash, SecurityStamp, ConcurrencyStamp, PhoneNumberConfirmed, TwoFactorEnabled, LockoutEnabled, AccessFailedCount, IsActive, CreatedDate, EmployeeId, ThemePreference, EmailAlertsEnabled, InAppNotificationsEnabled) VALUES ('611b825f-51d2-4dd5-860f-a7414f1b7c70', 'james.taylor1094@hrmanagement.com', 'JAMES.TAYLOR1094@HRMANAGEMENT.COM', 'james.taylor1094@hrmanagement.com', 'JAMES.TAYLOR1094@HRMANAGEMENT.COM', 1, @adminHash, NEWID(), NEWID(), 0, 0, 1, 0, 1, GETUTCDATE(), 1094, 'light', 1, 1);
INSERT INTO kumarcapstone_AspNetUserRoles (UserId, RoleId) SELECT '611b825f-51d2-4dd5-860f-a7414f1b7c70', Id FROM kumarcapstone_AspNetRoles WHERE Name = 'Employee';
INSERT INTO kumarcapstone_AspNetUsers (Id, UserName, NormalizedUserName, Email, NormalizedEmail, EmailConfirmed, PasswordHash, SecurityStamp, ConcurrencyStamp, PhoneNumberConfirmed, TwoFactorEnabled, LockoutEnabled, AccessFailedCount, IsActive, CreatedDate, EmployeeId, ThemePreference, EmailAlertsEnabled, InAppNotificationsEnabled) VALUES ('6a300ca4-6d84-44bd-a37b-07a206bd5719', 'olivia.miller1095@hrmanagement.com', 'OLIVIA.MILLER1095@HRMANAGEMENT.COM', 'olivia.miller1095@hrmanagement.com', 'OLIVIA.MILLER1095@HRMANAGEMENT.COM', 1, @adminHash, NEWID(), NEWID(), 0, 0, 1, 0, 1, GETUTCDATE(), 1095, 'light', 1, 1);
INSERT INTO kumarcapstone_AspNetUserRoles (UserId, RoleId) SELECT '6a300ca4-6d84-44bd-a37b-07a206bd5719', Id FROM kumarcapstone_AspNetRoles WHERE Name = 'Employee';
INSERT INTO kumarcapstone_AspNetUsers (Id, UserName, NormalizedUserName, Email, NormalizedEmail, EmailConfirmed, PasswordHash, SecurityStamp, ConcurrencyStamp, PhoneNumberConfirmed, TwoFactorEnabled, LockoutEnabled, AccessFailedCount, IsActive, CreatedDate, EmployeeId, ThemePreference, EmailAlertsEnabled, InAppNotificationsEnabled) VALUES ('1e33bcdf-7dc9-4163-9a98-cca9521ab057', 'john.brown1096@hrmanagement.com', 'JOHN.BROWN1096@HRMANAGEMENT.COM', 'john.brown1096@hrmanagement.com', 'JOHN.BROWN1096@HRMANAGEMENT.COM', 1, @adminHash, NEWID(), NEWID(), 0, 0, 1, 0, 1, GETUTCDATE(), 1096, 'light', 1, 1);
INSERT INTO kumarcapstone_AspNetUserRoles (UserId, RoleId) SELECT '1e33bcdf-7dc9-4163-9a98-cca9521ab057', Id FROM kumarcapstone_AspNetRoles WHERE Name = 'Employee';
INSERT INTO kumarcapstone_AspNetUsers (Id, UserName, NormalizedUserName, Email, NormalizedEmail, EmailConfirmed, PasswordHash, SecurityStamp, ConcurrencyStamp, PhoneNumberConfirmed, TwoFactorEnabled, LockoutEnabled, AccessFailedCount, IsActive, CreatedDate, EmployeeId, ThemePreference, EmailAlertsEnabled, InAppNotificationsEnabled) VALUES ('04ee2c36-c3df-4511-840b-ad024dfe4469', 'david.jackson1097@hrmanagement.com', 'DAVID.JACKSON1097@HRMANAGEMENT.COM', 'david.jackson1097@hrmanagement.com', 'DAVID.JACKSON1097@HRMANAGEMENT.COM', 1, @adminHash, NEWID(), NEWID(), 0, 0, 1, 0, 1, GETUTCDATE(), 1097, 'light', 1, 1);
INSERT INTO kumarcapstone_AspNetUserRoles (UserId, RoleId) SELECT '04ee2c36-c3df-4511-840b-ad024dfe4469', Id FROM kumarcapstone_AspNetRoles WHERE Name = 'Employee';
INSERT INTO kumarcapstone_AspNetUsers (Id, UserName, NormalizedUserName, Email, NormalizedEmail, EmailConfirmed, PasswordHash, SecurityStamp, ConcurrencyStamp, PhoneNumberConfirmed, TwoFactorEnabled, LockoutEnabled, AccessFailedCount, IsActive, CreatedDate, EmployeeId, ThemePreference, EmailAlertsEnabled, InAppNotificationsEnabled) VALUES ('76c6251d-7236-49b2-b029-401c0b5fb89e', 'william.jones1098@hrmanagement.com', 'WILLIAM.JONES1098@HRMANAGEMENT.COM', 'william.jones1098@hrmanagement.com', 'WILLIAM.JONES1098@HRMANAGEMENT.COM', 1, @adminHash, NEWID(), NEWID(), 0, 0, 1, 0, 1, GETUTCDATE(), 1098, 'light', 1, 1);
INSERT INTO kumarcapstone_AspNetUserRoles (UserId, RoleId) SELECT '76c6251d-7236-49b2-b029-401c0b5fb89e', Id FROM kumarcapstone_AspNetRoles WHERE Name = 'Employee';
INSERT INTO kumarcapstone_AspNetUsers (Id, UserName, NormalizedUserName, Email, NormalizedEmail, EmailConfirmed, PasswordHash, SecurityStamp, ConcurrencyStamp, PhoneNumberConfirmed, TwoFactorEnabled, LockoutEnabled, AccessFailedCount, IsActive, CreatedDate, EmployeeId, ThemePreference, EmailAlertsEnabled, InAppNotificationsEnabled) VALUES ('f7204a36-58f8-45d4-95d2-72fc6736599e', 'michael.brown1099@hrmanagement.com', 'MICHAEL.BROWN1099@HRMANAGEMENT.COM', 'michael.brown1099@hrmanagement.com', 'MICHAEL.BROWN1099@HRMANAGEMENT.COM', 1, @adminHash, NEWID(), NEWID(), 0, 0, 1, 0, 1, GETUTCDATE(), 1099, 'light', 1, 1);
INSERT INTO kumarcapstone_AspNetUserRoles (UserId, RoleId) SELECT 'f7204a36-58f8-45d4-95d2-72fc6736599e', Id FROM kumarcapstone_AspNetRoles WHERE Name = 'Employee';
INSERT INTO kumarcapstone_AspNetUsers (Id, UserName, NormalizedUserName, Email, NormalizedEmail, EmailConfirmed, PasswordHash, SecurityStamp, ConcurrencyStamp, PhoneNumberConfirmed, TwoFactorEnabled, LockoutEnabled, AccessFailedCount, IsActive, CreatedDate, EmployeeId, ThemePreference, EmailAlertsEnabled, InAppNotificationsEnabled) VALUES ('6d221e87-f437-4f26-a9c3-cdb1eb946074', 'sophia.wilson1100@hrmanagement.com', 'SOPHIA.WILSON1100@HRMANAGEMENT.COM', 'sophia.wilson1100@hrmanagement.com', 'SOPHIA.WILSON1100@HRMANAGEMENT.COM', 1, @adminHash, NEWID(), NEWID(), 0, 0, 1, 0, 1, GETUTCDATE(), 1100, 'light', 1, 1);
INSERT INTO kumarcapstone_AspNetUserRoles (UserId, RoleId) SELECT '6d221e87-f437-4f26-a9c3-cdb1eb946074', Id FROM kumarcapstone_AspNetRoles WHERE Name = 'Employee';


PRINT 'Inserting LeaveTypes and Balances...'
IF NOT EXISTS (SELECT 1 FROM kumarcapstone_LeaveTypes) BEGIN
  SET IDENTITY_INSERT kumarcapstone_LeaveTypes ON;
  INSERT INTO kumarcapstone_LeaveTypes (Id, Name, DefaultAllocationDays, CreatedDate, IsDeleted) VALUES (101, 'Casual Leave', 12, GETUTCDATE(), 0);
  INSERT INTO kumarcapstone_LeaveTypes (Id, Name, DefaultAllocationDays, CreatedDate, IsDeleted) VALUES (102, 'Sick Leave', 12, GETUTCDATE(), 0);
  SET IDENTITY_INSERT kumarcapstone_LeaveTypes OFF;
END

DECLARE @leaveType1 INT = (SELECT TOP 1 Id FROM kumarcapstone_LeaveTypes WHERE Name = 'Casual Leave');
IF @leaveType1 IS NULL SET @leaveType1 = 101;
INSERT INTO kumarcapstone_LeaveBalances (EmployeeId, LeaveTypeId, AllocatedDays, UsedDays, PendingDays, Year, CreatedDate, IsDeleted) VALUES (1001, @leaveType1, 12, 0, 12, 2026, GETUTCDATE(), 0);
INSERT INTO kumarcapstone_LeaveBalances (EmployeeId, LeaveTypeId, AllocatedDays, UsedDays, PendingDays, Year, CreatedDate, IsDeleted) VALUES (1002, @leaveType1, 12, 0, 12, 2026, GETUTCDATE(), 0);
INSERT INTO kumarcapstone_LeaveBalances (EmployeeId, LeaveTypeId, AllocatedDays, UsedDays, PendingDays, Year, CreatedDate, IsDeleted) VALUES (1003, @leaveType1, 12, 0, 12, 2026, GETUTCDATE(), 0);
INSERT INTO kumarcapstone_LeaveBalances (EmployeeId, LeaveTypeId, AllocatedDays, UsedDays, PendingDays, Year, CreatedDate, IsDeleted) VALUES (1004, @leaveType1, 12, 0, 12, 2026, GETUTCDATE(), 0);
INSERT INTO kumarcapstone_LeaveBalances (EmployeeId, LeaveTypeId, AllocatedDays, UsedDays, PendingDays, Year, CreatedDate, IsDeleted) VALUES (1005, @leaveType1, 12, 0, 12, 2026, GETUTCDATE(), 0);
INSERT INTO kumarcapstone_LeaveBalances (EmployeeId, LeaveTypeId, AllocatedDays, UsedDays, PendingDays, Year, CreatedDate, IsDeleted) VALUES (1006, @leaveType1, 12, 0, 12, 2026, GETUTCDATE(), 0);
INSERT INTO kumarcapstone_LeaveBalances (EmployeeId, LeaveTypeId, AllocatedDays, UsedDays, PendingDays, Year, CreatedDate, IsDeleted) VALUES (1007, @leaveType1, 12, 0, 12, 2026, GETUTCDATE(), 0);
INSERT INTO kumarcapstone_LeaveBalances (EmployeeId, LeaveTypeId, AllocatedDays, UsedDays, PendingDays, Year, CreatedDate, IsDeleted) VALUES (1008, @leaveType1, 12, 0, 12, 2026, GETUTCDATE(), 0);
INSERT INTO kumarcapstone_LeaveBalances (EmployeeId, LeaveTypeId, AllocatedDays, UsedDays, PendingDays, Year, CreatedDate, IsDeleted) VALUES (1009, @leaveType1, 12, 0, 12, 2026, GETUTCDATE(), 0);
INSERT INTO kumarcapstone_LeaveBalances (EmployeeId, LeaveTypeId, AllocatedDays, UsedDays, PendingDays, Year, CreatedDate, IsDeleted) VALUES (1010, @leaveType1, 12, 0, 12, 2026, GETUTCDATE(), 0);
INSERT INTO kumarcapstone_LeaveBalances (EmployeeId, LeaveTypeId, AllocatedDays, UsedDays, PendingDays, Year, CreatedDate, IsDeleted) VALUES (1011, @leaveType1, 12, 0, 12, 2026, GETUTCDATE(), 0);
INSERT INTO kumarcapstone_LeaveBalances (EmployeeId, LeaveTypeId, AllocatedDays, UsedDays, PendingDays, Year, CreatedDate, IsDeleted) VALUES (1012, @leaveType1, 12, 0, 12, 2026, GETUTCDATE(), 0);
INSERT INTO kumarcapstone_LeaveBalances (EmployeeId, LeaveTypeId, AllocatedDays, UsedDays, PendingDays, Year, CreatedDate, IsDeleted) VALUES (1013, @leaveType1, 12, 0, 12, 2026, GETUTCDATE(), 0);
INSERT INTO kumarcapstone_LeaveBalances (EmployeeId, LeaveTypeId, AllocatedDays, UsedDays, PendingDays, Year, CreatedDate, IsDeleted) VALUES (1014, @leaveType1, 12, 0, 12, 2026, GETUTCDATE(), 0);
INSERT INTO kumarcapstone_LeaveBalances (EmployeeId, LeaveTypeId, AllocatedDays, UsedDays, PendingDays, Year, CreatedDate, IsDeleted) VALUES (1015, @leaveType1, 12, 0, 12, 2026, GETUTCDATE(), 0);
INSERT INTO kumarcapstone_LeaveBalances (EmployeeId, LeaveTypeId, AllocatedDays, UsedDays, PendingDays, Year, CreatedDate, IsDeleted) VALUES (1016, @leaveType1, 12, 0, 12, 2026, GETUTCDATE(), 0);
INSERT INTO kumarcapstone_LeaveBalances (EmployeeId, LeaveTypeId, AllocatedDays, UsedDays, PendingDays, Year, CreatedDate, IsDeleted) VALUES (1017, @leaveType1, 12, 0, 12, 2026, GETUTCDATE(), 0);
INSERT INTO kumarcapstone_LeaveBalances (EmployeeId, LeaveTypeId, AllocatedDays, UsedDays, PendingDays, Year, CreatedDate, IsDeleted) VALUES (1018, @leaveType1, 12, 0, 12, 2026, GETUTCDATE(), 0);
INSERT INTO kumarcapstone_LeaveBalances (EmployeeId, LeaveTypeId, AllocatedDays, UsedDays, PendingDays, Year, CreatedDate, IsDeleted) VALUES (1019, @leaveType1, 12, 0, 12, 2026, GETUTCDATE(), 0);
INSERT INTO kumarcapstone_LeaveBalances (EmployeeId, LeaveTypeId, AllocatedDays, UsedDays, PendingDays, Year, CreatedDate, IsDeleted) VALUES (1020, @leaveType1, 12, 0, 12, 2026, GETUTCDATE(), 0);
INSERT INTO kumarcapstone_LeaveBalances (EmployeeId, LeaveTypeId, AllocatedDays, UsedDays, PendingDays, Year, CreatedDate, IsDeleted) VALUES (1021, @leaveType1, 12, 0, 12, 2026, GETUTCDATE(), 0);
INSERT INTO kumarcapstone_LeaveBalances (EmployeeId, LeaveTypeId, AllocatedDays, UsedDays, PendingDays, Year, CreatedDate, IsDeleted) VALUES (1022, @leaveType1, 12, 0, 12, 2026, GETUTCDATE(), 0);
INSERT INTO kumarcapstone_LeaveBalances (EmployeeId, LeaveTypeId, AllocatedDays, UsedDays, PendingDays, Year, CreatedDate, IsDeleted) VALUES (1023, @leaveType1, 12, 0, 12, 2026, GETUTCDATE(), 0);
INSERT INTO kumarcapstone_LeaveBalances (EmployeeId, LeaveTypeId, AllocatedDays, UsedDays, PendingDays, Year, CreatedDate, IsDeleted) VALUES (1024, @leaveType1, 12, 0, 12, 2026, GETUTCDATE(), 0);
INSERT INTO kumarcapstone_LeaveBalances (EmployeeId, LeaveTypeId, AllocatedDays, UsedDays, PendingDays, Year, CreatedDate, IsDeleted) VALUES (1025, @leaveType1, 12, 0, 12, 2026, GETUTCDATE(), 0);
INSERT INTO kumarcapstone_LeaveBalances (EmployeeId, LeaveTypeId, AllocatedDays, UsedDays, PendingDays, Year, CreatedDate, IsDeleted) VALUES (1026, @leaveType1, 12, 0, 12, 2026, GETUTCDATE(), 0);
INSERT INTO kumarcapstone_LeaveBalances (EmployeeId, LeaveTypeId, AllocatedDays, UsedDays, PendingDays, Year, CreatedDate, IsDeleted) VALUES (1027, @leaveType1, 12, 0, 12, 2026, GETUTCDATE(), 0);
INSERT INTO kumarcapstone_LeaveBalances (EmployeeId, LeaveTypeId, AllocatedDays, UsedDays, PendingDays, Year, CreatedDate, IsDeleted) VALUES (1028, @leaveType1, 12, 0, 12, 2026, GETUTCDATE(), 0);
INSERT INTO kumarcapstone_LeaveBalances (EmployeeId, LeaveTypeId, AllocatedDays, UsedDays, PendingDays, Year, CreatedDate, IsDeleted) VALUES (1029, @leaveType1, 12, 0, 12, 2026, GETUTCDATE(), 0);
INSERT INTO kumarcapstone_LeaveBalances (EmployeeId, LeaveTypeId, AllocatedDays, UsedDays, PendingDays, Year, CreatedDate, IsDeleted) VALUES (1030, @leaveType1, 12, 0, 12, 2026, GETUTCDATE(), 0);
INSERT INTO kumarcapstone_LeaveBalances (EmployeeId, LeaveTypeId, AllocatedDays, UsedDays, PendingDays, Year, CreatedDate, IsDeleted) VALUES (1031, @leaveType1, 12, 0, 12, 2026, GETUTCDATE(), 0);
INSERT INTO kumarcapstone_LeaveBalances (EmployeeId, LeaveTypeId, AllocatedDays, UsedDays, PendingDays, Year, CreatedDate, IsDeleted) VALUES (1032, @leaveType1, 12, 0, 12, 2026, GETUTCDATE(), 0);
INSERT INTO kumarcapstone_LeaveBalances (EmployeeId, LeaveTypeId, AllocatedDays, UsedDays, PendingDays, Year, CreatedDate, IsDeleted) VALUES (1033, @leaveType1, 12, 0, 12, 2026, GETUTCDATE(), 0);
INSERT INTO kumarcapstone_LeaveBalances (EmployeeId, LeaveTypeId, AllocatedDays, UsedDays, PendingDays, Year, CreatedDate, IsDeleted) VALUES (1034, @leaveType1, 12, 0, 12, 2026, GETUTCDATE(), 0);
INSERT INTO kumarcapstone_LeaveBalances (EmployeeId, LeaveTypeId, AllocatedDays, UsedDays, PendingDays, Year, CreatedDate, IsDeleted) VALUES (1035, @leaveType1, 12, 0, 12, 2026, GETUTCDATE(), 0);
INSERT INTO kumarcapstone_LeaveBalances (EmployeeId, LeaveTypeId, AllocatedDays, UsedDays, PendingDays, Year, CreatedDate, IsDeleted) VALUES (1036, @leaveType1, 12, 0, 12, 2026, GETUTCDATE(), 0);
INSERT INTO kumarcapstone_LeaveBalances (EmployeeId, LeaveTypeId, AllocatedDays, UsedDays, PendingDays, Year, CreatedDate, IsDeleted) VALUES (1037, @leaveType1, 12, 0, 12, 2026, GETUTCDATE(), 0);
INSERT INTO kumarcapstone_LeaveBalances (EmployeeId, LeaveTypeId, AllocatedDays, UsedDays, PendingDays, Year, CreatedDate, IsDeleted) VALUES (1038, @leaveType1, 12, 0, 12, 2026, GETUTCDATE(), 0);
INSERT INTO kumarcapstone_LeaveBalances (EmployeeId, LeaveTypeId, AllocatedDays, UsedDays, PendingDays, Year, CreatedDate, IsDeleted) VALUES (1039, @leaveType1, 12, 0, 12, 2026, GETUTCDATE(), 0);
INSERT INTO kumarcapstone_LeaveBalances (EmployeeId, LeaveTypeId, AllocatedDays, UsedDays, PendingDays, Year, CreatedDate, IsDeleted) VALUES (1040, @leaveType1, 12, 0, 12, 2026, GETUTCDATE(), 0);
INSERT INTO kumarcapstone_LeaveBalances (EmployeeId, LeaveTypeId, AllocatedDays, UsedDays, PendingDays, Year, CreatedDate, IsDeleted) VALUES (1041, @leaveType1, 12, 0, 12, 2026, GETUTCDATE(), 0);
INSERT INTO kumarcapstone_LeaveBalances (EmployeeId, LeaveTypeId, AllocatedDays, UsedDays, PendingDays, Year, CreatedDate, IsDeleted) VALUES (1042, @leaveType1, 12, 0, 12, 2026, GETUTCDATE(), 0);
INSERT INTO kumarcapstone_LeaveBalances (EmployeeId, LeaveTypeId, AllocatedDays, UsedDays, PendingDays, Year, CreatedDate, IsDeleted) VALUES (1043, @leaveType1, 12, 0, 12, 2026, GETUTCDATE(), 0);
INSERT INTO kumarcapstone_LeaveBalances (EmployeeId, LeaveTypeId, AllocatedDays, UsedDays, PendingDays, Year, CreatedDate, IsDeleted) VALUES (1044, @leaveType1, 12, 0, 12, 2026, GETUTCDATE(), 0);
INSERT INTO kumarcapstone_LeaveBalances (EmployeeId, LeaveTypeId, AllocatedDays, UsedDays, PendingDays, Year, CreatedDate, IsDeleted) VALUES (1045, @leaveType1, 12, 0, 12, 2026, GETUTCDATE(), 0);
INSERT INTO kumarcapstone_LeaveBalances (EmployeeId, LeaveTypeId, AllocatedDays, UsedDays, PendingDays, Year, CreatedDate, IsDeleted) VALUES (1046, @leaveType1, 12, 0, 12, 2026, GETUTCDATE(), 0);
INSERT INTO kumarcapstone_LeaveBalances (EmployeeId, LeaveTypeId, AllocatedDays, UsedDays, PendingDays, Year, CreatedDate, IsDeleted) VALUES (1047, @leaveType1, 12, 0, 12, 2026, GETUTCDATE(), 0);
INSERT INTO kumarcapstone_LeaveBalances (EmployeeId, LeaveTypeId, AllocatedDays, UsedDays, PendingDays, Year, CreatedDate, IsDeleted) VALUES (1048, @leaveType1, 12, 0, 12, 2026, GETUTCDATE(), 0);
INSERT INTO kumarcapstone_LeaveBalances (EmployeeId, LeaveTypeId, AllocatedDays, UsedDays, PendingDays, Year, CreatedDate, IsDeleted) VALUES (1049, @leaveType1, 12, 0, 12, 2026, GETUTCDATE(), 0);
INSERT INTO kumarcapstone_LeaveBalances (EmployeeId, LeaveTypeId, AllocatedDays, UsedDays, PendingDays, Year, CreatedDate, IsDeleted) VALUES (1050, @leaveType1, 12, 0, 12, 2026, GETUTCDATE(), 0);
INSERT INTO kumarcapstone_LeaveBalances (EmployeeId, LeaveTypeId, AllocatedDays, UsedDays, PendingDays, Year, CreatedDate, IsDeleted) VALUES (1051, @leaveType1, 12, 0, 12, 2026, GETUTCDATE(), 0);
INSERT INTO kumarcapstone_LeaveBalances (EmployeeId, LeaveTypeId, AllocatedDays, UsedDays, PendingDays, Year, CreatedDate, IsDeleted) VALUES (1052, @leaveType1, 12, 0, 12, 2026, GETUTCDATE(), 0);
INSERT INTO kumarcapstone_LeaveBalances (EmployeeId, LeaveTypeId, AllocatedDays, UsedDays, PendingDays, Year, CreatedDate, IsDeleted) VALUES (1053, @leaveType1, 12, 0, 12, 2026, GETUTCDATE(), 0);
INSERT INTO kumarcapstone_LeaveBalances (EmployeeId, LeaveTypeId, AllocatedDays, UsedDays, PendingDays, Year, CreatedDate, IsDeleted) VALUES (1054, @leaveType1, 12, 0, 12, 2026, GETUTCDATE(), 0);
INSERT INTO kumarcapstone_LeaveBalances (EmployeeId, LeaveTypeId, AllocatedDays, UsedDays, PendingDays, Year, CreatedDate, IsDeleted) VALUES (1055, @leaveType1, 12, 0, 12, 2026, GETUTCDATE(), 0);
INSERT INTO kumarcapstone_LeaveBalances (EmployeeId, LeaveTypeId, AllocatedDays, UsedDays, PendingDays, Year, CreatedDate, IsDeleted) VALUES (1056, @leaveType1, 12, 0, 12, 2026, GETUTCDATE(), 0);
INSERT INTO kumarcapstone_LeaveBalances (EmployeeId, LeaveTypeId, AllocatedDays, UsedDays, PendingDays, Year, CreatedDate, IsDeleted) VALUES (1057, @leaveType1, 12, 0, 12, 2026, GETUTCDATE(), 0);
INSERT INTO kumarcapstone_LeaveBalances (EmployeeId, LeaveTypeId, AllocatedDays, UsedDays, PendingDays, Year, CreatedDate, IsDeleted) VALUES (1058, @leaveType1, 12, 0, 12, 2026, GETUTCDATE(), 0);
INSERT INTO kumarcapstone_LeaveBalances (EmployeeId, LeaveTypeId, AllocatedDays, UsedDays, PendingDays, Year, CreatedDate, IsDeleted) VALUES (1059, @leaveType1, 12, 0, 12, 2026, GETUTCDATE(), 0);
INSERT INTO kumarcapstone_LeaveBalances (EmployeeId, LeaveTypeId, AllocatedDays, UsedDays, PendingDays, Year, CreatedDate, IsDeleted) VALUES (1060, @leaveType1, 12, 0, 12, 2026, GETUTCDATE(), 0);
INSERT INTO kumarcapstone_LeaveBalances (EmployeeId, LeaveTypeId, AllocatedDays, UsedDays, PendingDays, Year, CreatedDate, IsDeleted) VALUES (1061, @leaveType1, 12, 0, 12, 2026, GETUTCDATE(), 0);
INSERT INTO kumarcapstone_LeaveBalances (EmployeeId, LeaveTypeId, AllocatedDays, UsedDays, PendingDays, Year, CreatedDate, IsDeleted) VALUES (1062, @leaveType1, 12, 0, 12, 2026, GETUTCDATE(), 0);
INSERT INTO kumarcapstone_LeaveBalances (EmployeeId, LeaveTypeId, AllocatedDays, UsedDays, PendingDays, Year, CreatedDate, IsDeleted) VALUES (1063, @leaveType1, 12, 0, 12, 2026, GETUTCDATE(), 0);
INSERT INTO kumarcapstone_LeaveBalances (EmployeeId, LeaveTypeId, AllocatedDays, UsedDays, PendingDays, Year, CreatedDate, IsDeleted) VALUES (1064, @leaveType1, 12, 0, 12, 2026, GETUTCDATE(), 0);
INSERT INTO kumarcapstone_LeaveBalances (EmployeeId, LeaveTypeId, AllocatedDays, UsedDays, PendingDays, Year, CreatedDate, IsDeleted) VALUES (1065, @leaveType1, 12, 0, 12, 2026, GETUTCDATE(), 0);
INSERT INTO kumarcapstone_LeaveBalances (EmployeeId, LeaveTypeId, AllocatedDays, UsedDays, PendingDays, Year, CreatedDate, IsDeleted) VALUES (1066, @leaveType1, 12, 0, 12, 2026, GETUTCDATE(), 0);
INSERT INTO kumarcapstone_LeaveBalances (EmployeeId, LeaveTypeId, AllocatedDays, UsedDays, PendingDays, Year, CreatedDate, IsDeleted) VALUES (1067, @leaveType1, 12, 0, 12, 2026, GETUTCDATE(), 0);
INSERT INTO kumarcapstone_LeaveBalances (EmployeeId, LeaveTypeId, AllocatedDays, UsedDays, PendingDays, Year, CreatedDate, IsDeleted) VALUES (1068, @leaveType1, 12, 0, 12, 2026, GETUTCDATE(), 0);
INSERT INTO kumarcapstone_LeaveBalances (EmployeeId, LeaveTypeId, AllocatedDays, UsedDays, PendingDays, Year, CreatedDate, IsDeleted) VALUES (1069, @leaveType1, 12, 0, 12, 2026, GETUTCDATE(), 0);
INSERT INTO kumarcapstone_LeaveBalances (EmployeeId, LeaveTypeId, AllocatedDays, UsedDays, PendingDays, Year, CreatedDate, IsDeleted) VALUES (1070, @leaveType1, 12, 0, 12, 2026, GETUTCDATE(), 0);
INSERT INTO kumarcapstone_LeaveBalances (EmployeeId, LeaveTypeId, AllocatedDays, UsedDays, PendingDays, Year, CreatedDate, IsDeleted) VALUES (1071, @leaveType1, 12, 0, 12, 2026, GETUTCDATE(), 0);
INSERT INTO kumarcapstone_LeaveBalances (EmployeeId, LeaveTypeId, AllocatedDays, UsedDays, PendingDays, Year, CreatedDate, IsDeleted) VALUES (1072, @leaveType1, 12, 0, 12, 2026, GETUTCDATE(), 0);
INSERT INTO kumarcapstone_LeaveBalances (EmployeeId, LeaveTypeId, AllocatedDays, UsedDays, PendingDays, Year, CreatedDate, IsDeleted) VALUES (1073, @leaveType1, 12, 0, 12, 2026, GETUTCDATE(), 0);
INSERT INTO kumarcapstone_LeaveBalances (EmployeeId, LeaveTypeId, AllocatedDays, UsedDays, PendingDays, Year, CreatedDate, IsDeleted) VALUES (1074, @leaveType1, 12, 0, 12, 2026, GETUTCDATE(), 0);
INSERT INTO kumarcapstone_LeaveBalances (EmployeeId, LeaveTypeId, AllocatedDays, UsedDays, PendingDays, Year, CreatedDate, IsDeleted) VALUES (1075, @leaveType1, 12, 0, 12, 2026, GETUTCDATE(), 0);
INSERT INTO kumarcapstone_LeaveBalances (EmployeeId, LeaveTypeId, AllocatedDays, UsedDays, PendingDays, Year, CreatedDate, IsDeleted) VALUES (1076, @leaveType1, 12, 0, 12, 2026, GETUTCDATE(), 0);
INSERT INTO kumarcapstone_LeaveBalances (EmployeeId, LeaveTypeId, AllocatedDays, UsedDays, PendingDays, Year, CreatedDate, IsDeleted) VALUES (1077, @leaveType1, 12, 0, 12, 2026, GETUTCDATE(), 0);
INSERT INTO kumarcapstone_LeaveBalances (EmployeeId, LeaveTypeId, AllocatedDays, UsedDays, PendingDays, Year, CreatedDate, IsDeleted) VALUES (1078, @leaveType1, 12, 0, 12, 2026, GETUTCDATE(), 0);
INSERT INTO kumarcapstone_LeaveBalances (EmployeeId, LeaveTypeId, AllocatedDays, UsedDays, PendingDays, Year, CreatedDate, IsDeleted) VALUES (1079, @leaveType1, 12, 0, 12, 2026, GETUTCDATE(), 0);
INSERT INTO kumarcapstone_LeaveBalances (EmployeeId, LeaveTypeId, AllocatedDays, UsedDays, PendingDays, Year, CreatedDate, IsDeleted) VALUES (1080, @leaveType1, 12, 0, 12, 2026, GETUTCDATE(), 0);
INSERT INTO kumarcapstone_LeaveBalances (EmployeeId, LeaveTypeId, AllocatedDays, UsedDays, PendingDays, Year, CreatedDate, IsDeleted) VALUES (1081, @leaveType1, 12, 0, 12, 2026, GETUTCDATE(), 0);
INSERT INTO kumarcapstone_LeaveBalances (EmployeeId, LeaveTypeId, AllocatedDays, UsedDays, PendingDays, Year, CreatedDate, IsDeleted) VALUES (1082, @leaveType1, 12, 0, 12, 2026, GETUTCDATE(), 0);
INSERT INTO kumarcapstone_LeaveBalances (EmployeeId, LeaveTypeId, AllocatedDays, UsedDays, PendingDays, Year, CreatedDate, IsDeleted) VALUES (1083, @leaveType1, 12, 0, 12, 2026, GETUTCDATE(), 0);
INSERT INTO kumarcapstone_LeaveBalances (EmployeeId, LeaveTypeId, AllocatedDays, UsedDays, PendingDays, Year, CreatedDate, IsDeleted) VALUES (1084, @leaveType1, 12, 0, 12, 2026, GETUTCDATE(), 0);
INSERT INTO kumarcapstone_LeaveBalances (EmployeeId, LeaveTypeId, AllocatedDays, UsedDays, PendingDays, Year, CreatedDate, IsDeleted) VALUES (1085, @leaveType1, 12, 0, 12, 2026, GETUTCDATE(), 0);
INSERT INTO kumarcapstone_LeaveBalances (EmployeeId, LeaveTypeId, AllocatedDays, UsedDays, PendingDays, Year, CreatedDate, IsDeleted) VALUES (1086, @leaveType1, 12, 0, 12, 2026, GETUTCDATE(), 0);
INSERT INTO kumarcapstone_LeaveBalances (EmployeeId, LeaveTypeId, AllocatedDays, UsedDays, PendingDays, Year, CreatedDate, IsDeleted) VALUES (1087, @leaveType1, 12, 0, 12, 2026, GETUTCDATE(), 0);
INSERT INTO kumarcapstone_LeaveBalances (EmployeeId, LeaveTypeId, AllocatedDays, UsedDays, PendingDays, Year, CreatedDate, IsDeleted) VALUES (1088, @leaveType1, 12, 0, 12, 2026, GETUTCDATE(), 0);
INSERT INTO kumarcapstone_LeaveBalances (EmployeeId, LeaveTypeId, AllocatedDays, UsedDays, PendingDays, Year, CreatedDate, IsDeleted) VALUES (1089, @leaveType1, 12, 0, 12, 2026, GETUTCDATE(), 0);
INSERT INTO kumarcapstone_LeaveBalances (EmployeeId, LeaveTypeId, AllocatedDays, UsedDays, PendingDays, Year, CreatedDate, IsDeleted) VALUES (1090, @leaveType1, 12, 0, 12, 2026, GETUTCDATE(), 0);
INSERT INTO kumarcapstone_LeaveBalances (EmployeeId, LeaveTypeId, AllocatedDays, UsedDays, PendingDays, Year, CreatedDate, IsDeleted) VALUES (1091, @leaveType1, 12, 0, 12, 2026, GETUTCDATE(), 0);
INSERT INTO kumarcapstone_LeaveBalances (EmployeeId, LeaveTypeId, AllocatedDays, UsedDays, PendingDays, Year, CreatedDate, IsDeleted) VALUES (1092, @leaveType1, 12, 0, 12, 2026, GETUTCDATE(), 0);
INSERT INTO kumarcapstone_LeaveBalances (EmployeeId, LeaveTypeId, AllocatedDays, UsedDays, PendingDays, Year, CreatedDate, IsDeleted) VALUES (1093, @leaveType1, 12, 0, 12, 2026, GETUTCDATE(), 0);
INSERT INTO kumarcapstone_LeaveBalances (EmployeeId, LeaveTypeId, AllocatedDays, UsedDays, PendingDays, Year, CreatedDate, IsDeleted) VALUES (1094, @leaveType1, 12, 0, 12, 2026, GETUTCDATE(), 0);
INSERT INTO kumarcapstone_LeaveBalances (EmployeeId, LeaveTypeId, AllocatedDays, UsedDays, PendingDays, Year, CreatedDate, IsDeleted) VALUES (1095, @leaveType1, 12, 0, 12, 2026, GETUTCDATE(), 0);
INSERT INTO kumarcapstone_LeaveBalances (EmployeeId, LeaveTypeId, AllocatedDays, UsedDays, PendingDays, Year, CreatedDate, IsDeleted) VALUES (1096, @leaveType1, 12, 0, 12, 2026, GETUTCDATE(), 0);
INSERT INTO kumarcapstone_LeaveBalances (EmployeeId, LeaveTypeId, AllocatedDays, UsedDays, PendingDays, Year, CreatedDate, IsDeleted) VALUES (1097, @leaveType1, 12, 0, 12, 2026, GETUTCDATE(), 0);
INSERT INTO kumarcapstone_LeaveBalances (EmployeeId, LeaveTypeId, AllocatedDays, UsedDays, PendingDays, Year, CreatedDate, IsDeleted) VALUES (1098, @leaveType1, 12, 0, 12, 2026, GETUTCDATE(), 0);
INSERT INTO kumarcapstone_LeaveBalances (EmployeeId, LeaveTypeId, AllocatedDays, UsedDays, PendingDays, Year, CreatedDate, IsDeleted) VALUES (1099, @leaveType1, 12, 0, 12, 2026, GETUTCDATE(), 0);
INSERT INTO kumarcapstone_LeaveBalances (EmployeeId, LeaveTypeId, AllocatedDays, UsedDays, PendingDays, Year, CreatedDate, IsDeleted) VALUES (1100, @leaveType1, 12, 0, 12, 2026, GETUTCDATE(), 0);


PRINT 'Inserting Leave Requests...'
SET IDENTITY_INSERT kumarcapstone_LeaveRequests ON;
INSERT INTO kumarcapstone_LeaveRequests (Id, EmployeeId, LeaveTypeId, StartDate, EndDate, TotalDays, Reason, Status, CreatedDate, IsDeleted) VALUES (1001, 1079, @leaveType1, '2026-07-01T00:00:00', '2026-07-02T00:00:00', 2, 'Personal reasons', 'Rejected', GETUTCDATE(), 0);
INSERT INTO kumarcapstone_LeaveRequests (Id, EmployeeId, LeaveTypeId, StartDate, EndDate, TotalDays, Reason, Status, CreatedDate, IsDeleted) VALUES (1002, 1071, @leaveType1, '2026-07-01T00:00:00', '2026-07-02T00:00:00', 2, 'Personal reasons', 'Pending', GETUTCDATE(), 0);
INSERT INTO kumarcapstone_LeaveRequests (Id, EmployeeId, LeaveTypeId, StartDate, EndDate, TotalDays, Reason, Status, CreatedDate, IsDeleted) VALUES (1003, 1035, @leaveType1, '2026-07-01T00:00:00', '2026-07-02T00:00:00', 2, 'Personal reasons', 'Approved', GETUTCDATE(), 0);
INSERT INTO kumarcapstone_LeaveRequests (Id, EmployeeId, LeaveTypeId, StartDate, EndDate, TotalDays, Reason, Status, CreatedDate, IsDeleted) VALUES (1004, 1073, @leaveType1, '2026-07-01T00:00:00', '2026-07-02T00:00:00', 2, 'Personal reasons', 'Pending', GETUTCDATE(), 0);
INSERT INTO kumarcapstone_LeaveRequests (Id, EmployeeId, LeaveTypeId, StartDate, EndDate, TotalDays, Reason, Status, CreatedDate, IsDeleted) VALUES (1005, 1014, @leaveType1, '2026-07-01T00:00:00', '2026-07-02T00:00:00', 2, 'Personal reasons', 'Approved', GETUTCDATE(), 0);
INSERT INTO kumarcapstone_LeaveRequests (Id, EmployeeId, LeaveTypeId, StartDate, EndDate, TotalDays, Reason, Status, CreatedDate, IsDeleted) VALUES (1006, 1031, @leaveType1, '2026-07-01T00:00:00', '2026-07-02T00:00:00', 2, 'Personal reasons', 'Rejected', GETUTCDATE(), 0);
INSERT INTO kumarcapstone_LeaveRequests (Id, EmployeeId, LeaveTypeId, StartDate, EndDate, TotalDays, Reason, Status, CreatedDate, IsDeleted) VALUES (1007, 1037, @leaveType1, '2026-07-01T00:00:00', '2026-07-02T00:00:00', 2, 'Personal reasons', 'Pending', GETUTCDATE(), 0);
INSERT INTO kumarcapstone_LeaveRequests (Id, EmployeeId, LeaveTypeId, StartDate, EndDate, TotalDays, Reason, Status, CreatedDate, IsDeleted) VALUES (1008, 1047, @leaveType1, '2026-07-01T00:00:00', '2026-07-02T00:00:00', 2, 'Personal reasons', 'Approved', GETUTCDATE(), 0);
INSERT INTO kumarcapstone_LeaveRequests (Id, EmployeeId, LeaveTypeId, StartDate, EndDate, TotalDays, Reason, Status, CreatedDate, IsDeleted) VALUES (1009, 1013, @leaveType1, '2026-07-01T00:00:00', '2026-07-02T00:00:00', 2, 'Personal reasons', 'Approved', GETUTCDATE(), 0);
INSERT INTO kumarcapstone_LeaveRequests (Id, EmployeeId, LeaveTypeId, StartDate, EndDate, TotalDays, Reason, Status, CreatedDate, IsDeleted) VALUES (1010, 1024, @leaveType1, '2026-07-01T00:00:00', '2026-07-02T00:00:00', 2, 'Personal reasons', 'Rejected', GETUTCDATE(), 0);
INSERT INTO kumarcapstone_LeaveRequests (Id, EmployeeId, LeaveTypeId, StartDate, EndDate, TotalDays, Reason, Status, CreatedDate, IsDeleted) VALUES (1011, 1011, @leaveType1, '2026-07-01T00:00:00', '2026-07-02T00:00:00', 2, 'Personal reasons', 'Pending', GETUTCDATE(), 0);
INSERT INTO kumarcapstone_LeaveRequests (Id, EmployeeId, LeaveTypeId, StartDate, EndDate, TotalDays, Reason, Status, CreatedDate, IsDeleted) VALUES (1012, 1013, @leaveType1, '2026-07-01T00:00:00', '2026-07-02T00:00:00', 2, 'Personal reasons', 'Rejected', GETUTCDATE(), 0);
INSERT INTO kumarcapstone_LeaveRequests (Id, EmployeeId, LeaveTypeId, StartDate, EndDate, TotalDays, Reason, Status, CreatedDate, IsDeleted) VALUES (1013, 1001, @leaveType1, '2026-07-01T00:00:00', '2026-07-02T00:00:00', 2, 'Personal reasons', 'Rejected', GETUTCDATE(), 0);
INSERT INTO kumarcapstone_LeaveRequests (Id, EmployeeId, LeaveTypeId, StartDate, EndDate, TotalDays, Reason, Status, CreatedDate, IsDeleted) VALUES (1014, 1037, @leaveType1, '2026-07-01T00:00:00', '2026-07-02T00:00:00', 2, 'Personal reasons', 'Rejected', GETUTCDATE(), 0);
INSERT INTO kumarcapstone_LeaveRequests (Id, EmployeeId, LeaveTypeId, StartDate, EndDate, TotalDays, Reason, Status, CreatedDate, IsDeleted) VALUES (1015, 1022, @leaveType1, '2026-07-01T00:00:00', '2026-07-02T00:00:00', 2, 'Personal reasons', 'Rejected', GETUTCDATE(), 0);
INSERT INTO kumarcapstone_LeaveRequests (Id, EmployeeId, LeaveTypeId, StartDate, EndDate, TotalDays, Reason, Status, CreatedDate, IsDeleted) VALUES (1016, 1014, @leaveType1, '2026-07-01T00:00:00', '2026-07-02T00:00:00', 2, 'Personal reasons', 'Pending', GETUTCDATE(), 0);
INSERT INTO kumarcapstone_LeaveRequests (Id, EmployeeId, LeaveTypeId, StartDate, EndDate, TotalDays, Reason, Status, CreatedDate, IsDeleted) VALUES (1017, 1045, @leaveType1, '2026-07-01T00:00:00', '2026-07-02T00:00:00', 2, 'Personal reasons', 'Approved', GETUTCDATE(), 0);
INSERT INTO kumarcapstone_LeaveRequests (Id, EmployeeId, LeaveTypeId, StartDate, EndDate, TotalDays, Reason, Status, CreatedDate, IsDeleted) VALUES (1018, 1009, @leaveType1, '2026-07-01T00:00:00', '2026-07-02T00:00:00', 2, 'Personal reasons', 'Rejected', GETUTCDATE(), 0);
INSERT INTO kumarcapstone_LeaveRequests (Id, EmployeeId, LeaveTypeId, StartDate, EndDate, TotalDays, Reason, Status, CreatedDate, IsDeleted) VALUES (1019, 1069, @leaveType1, '2026-07-01T00:00:00', '2026-07-02T00:00:00', 2, 'Personal reasons', 'Pending', GETUTCDATE(), 0);
INSERT INTO kumarcapstone_LeaveRequests (Id, EmployeeId, LeaveTypeId, StartDate, EndDate, TotalDays, Reason, Status, CreatedDate, IsDeleted) VALUES (1020, 1076, @leaveType1, '2026-07-01T00:00:00', '2026-07-02T00:00:00', 2, 'Personal reasons', 'Rejected', GETUTCDATE(), 0);
INSERT INTO kumarcapstone_LeaveRequests (Id, EmployeeId, LeaveTypeId, StartDate, EndDate, TotalDays, Reason, Status, CreatedDate, IsDeleted) VALUES (1021, 1001, @leaveType1, '2026-07-01T00:00:00', '2026-07-02T00:00:00', 2, 'Personal reasons', 'Approved', GETUTCDATE(), 0);
INSERT INTO kumarcapstone_LeaveRequests (Id, EmployeeId, LeaveTypeId, StartDate, EndDate, TotalDays, Reason, Status, CreatedDate, IsDeleted) VALUES (1022, 1009, @leaveType1, '2026-07-01T00:00:00', '2026-07-02T00:00:00', 2, 'Personal reasons', 'Pending', GETUTCDATE(), 0);
INSERT INTO kumarcapstone_LeaveRequests (Id, EmployeeId, LeaveTypeId, StartDate, EndDate, TotalDays, Reason, Status, CreatedDate, IsDeleted) VALUES (1023, 1006, @leaveType1, '2026-07-01T00:00:00', '2026-07-02T00:00:00', 2, 'Personal reasons', 'Pending', GETUTCDATE(), 0);
INSERT INTO kumarcapstone_LeaveRequests (Id, EmployeeId, LeaveTypeId, StartDate, EndDate, TotalDays, Reason, Status, CreatedDate, IsDeleted) VALUES (1024, 1056, @leaveType1, '2026-07-01T00:00:00', '2026-07-02T00:00:00', 2, 'Personal reasons', 'Approved', GETUTCDATE(), 0);
INSERT INTO kumarcapstone_LeaveRequests (Id, EmployeeId, LeaveTypeId, StartDate, EndDate, TotalDays, Reason, Status, CreatedDate, IsDeleted) VALUES (1025, 1072, @leaveType1, '2026-07-01T00:00:00', '2026-07-02T00:00:00', 2, 'Personal reasons', 'Rejected', GETUTCDATE(), 0);
INSERT INTO kumarcapstone_LeaveRequests (Id, EmployeeId, LeaveTypeId, StartDate, EndDate, TotalDays, Reason, Status, CreatedDate, IsDeleted) VALUES (1026, 1096, @leaveType1, '2026-07-01T00:00:00', '2026-07-02T00:00:00', 2, 'Personal reasons', 'Rejected', GETUTCDATE(), 0);
INSERT INTO kumarcapstone_LeaveRequests (Id, EmployeeId, LeaveTypeId, StartDate, EndDate, TotalDays, Reason, Status, CreatedDate, IsDeleted) VALUES (1027, 1063, @leaveType1, '2026-07-01T00:00:00', '2026-07-02T00:00:00', 2, 'Personal reasons', 'Rejected', GETUTCDATE(), 0);
INSERT INTO kumarcapstone_LeaveRequests (Id, EmployeeId, LeaveTypeId, StartDate, EndDate, TotalDays, Reason, Status, CreatedDate, IsDeleted) VALUES (1028, 1048, @leaveType1, '2026-07-01T00:00:00', '2026-07-02T00:00:00', 2, 'Personal reasons', 'Rejected', GETUTCDATE(), 0);
INSERT INTO kumarcapstone_LeaveRequests (Id, EmployeeId, LeaveTypeId, StartDate, EndDate, TotalDays, Reason, Status, CreatedDate, IsDeleted) VALUES (1029, 1097, @leaveType1, '2026-07-01T00:00:00', '2026-07-02T00:00:00', 2, 'Personal reasons', 'Pending', GETUTCDATE(), 0);
INSERT INTO kumarcapstone_LeaveRequests (Id, EmployeeId, LeaveTypeId, StartDate, EndDate, TotalDays, Reason, Status, CreatedDate, IsDeleted) VALUES (1030, 1030, @leaveType1, '2026-07-01T00:00:00', '2026-07-02T00:00:00', 2, 'Personal reasons', 'Pending', GETUTCDATE(), 0);
INSERT INTO kumarcapstone_LeaveRequests (Id, EmployeeId, LeaveTypeId, StartDate, EndDate, TotalDays, Reason, Status, CreatedDate, IsDeleted) VALUES (1031, 1070, @leaveType1, '2026-07-01T00:00:00', '2026-07-02T00:00:00', 2, 'Personal reasons', 'Rejected', GETUTCDATE(), 0);
INSERT INTO kumarcapstone_LeaveRequests (Id, EmployeeId, LeaveTypeId, StartDate, EndDate, TotalDays, Reason, Status, CreatedDate, IsDeleted) VALUES (1032, 1037, @leaveType1, '2026-07-01T00:00:00', '2026-07-02T00:00:00', 2, 'Personal reasons', 'Pending', GETUTCDATE(), 0);
INSERT INTO kumarcapstone_LeaveRequests (Id, EmployeeId, LeaveTypeId, StartDate, EndDate, TotalDays, Reason, Status, CreatedDate, IsDeleted) VALUES (1033, 1028, @leaveType1, '2026-07-01T00:00:00', '2026-07-02T00:00:00', 2, 'Personal reasons', 'Rejected', GETUTCDATE(), 0);
INSERT INTO kumarcapstone_LeaveRequests (Id, EmployeeId, LeaveTypeId, StartDate, EndDate, TotalDays, Reason, Status, CreatedDate, IsDeleted) VALUES (1034, 1079, @leaveType1, '2026-07-01T00:00:00', '2026-07-02T00:00:00', 2, 'Personal reasons', 'Pending', GETUTCDATE(), 0);
INSERT INTO kumarcapstone_LeaveRequests (Id, EmployeeId, LeaveTypeId, StartDate, EndDate, TotalDays, Reason, Status, CreatedDate, IsDeleted) VALUES (1035, 1027, @leaveType1, '2026-07-01T00:00:00', '2026-07-02T00:00:00', 2, 'Personal reasons', 'Pending', GETUTCDATE(), 0);
INSERT INTO kumarcapstone_LeaveRequests (Id, EmployeeId, LeaveTypeId, StartDate, EndDate, TotalDays, Reason, Status, CreatedDate, IsDeleted) VALUES (1036, 1059, @leaveType1, '2026-07-01T00:00:00', '2026-07-02T00:00:00', 2, 'Personal reasons', 'Approved', GETUTCDATE(), 0);
INSERT INTO kumarcapstone_LeaveRequests (Id, EmployeeId, LeaveTypeId, StartDate, EndDate, TotalDays, Reason, Status, CreatedDate, IsDeleted) VALUES (1037, 1041, @leaveType1, '2026-07-01T00:00:00', '2026-07-02T00:00:00', 2, 'Personal reasons', 'Approved', GETUTCDATE(), 0);
INSERT INTO kumarcapstone_LeaveRequests (Id, EmployeeId, LeaveTypeId, StartDate, EndDate, TotalDays, Reason, Status, CreatedDate, IsDeleted) VALUES (1038, 1058, @leaveType1, '2026-07-01T00:00:00', '2026-07-02T00:00:00', 2, 'Personal reasons', 'Rejected', GETUTCDATE(), 0);
INSERT INTO kumarcapstone_LeaveRequests (Id, EmployeeId, LeaveTypeId, StartDate, EndDate, TotalDays, Reason, Status, CreatedDate, IsDeleted) VALUES (1039, 1019, @leaveType1, '2026-07-01T00:00:00', '2026-07-02T00:00:00', 2, 'Personal reasons', 'Rejected', GETUTCDATE(), 0);
INSERT INTO kumarcapstone_LeaveRequests (Id, EmployeeId, LeaveTypeId, StartDate, EndDate, TotalDays, Reason, Status, CreatedDate, IsDeleted) VALUES (1040, 1032, @leaveType1, '2026-07-01T00:00:00', '2026-07-02T00:00:00', 2, 'Personal reasons', 'Rejected', GETUTCDATE(), 0);
INSERT INTO kumarcapstone_LeaveRequests (Id, EmployeeId, LeaveTypeId, StartDate, EndDate, TotalDays, Reason, Status, CreatedDate, IsDeleted) VALUES (1041, 1083, @leaveType1, '2026-07-01T00:00:00', '2026-07-02T00:00:00', 2, 'Personal reasons', 'Approved', GETUTCDATE(), 0);
INSERT INTO kumarcapstone_LeaveRequests (Id, EmployeeId, LeaveTypeId, StartDate, EndDate, TotalDays, Reason, Status, CreatedDate, IsDeleted) VALUES (1042, 1021, @leaveType1, '2026-07-01T00:00:00', '2026-07-02T00:00:00', 2, 'Personal reasons', 'Pending', GETUTCDATE(), 0);
INSERT INTO kumarcapstone_LeaveRequests (Id, EmployeeId, LeaveTypeId, StartDate, EndDate, TotalDays, Reason, Status, CreatedDate, IsDeleted) VALUES (1043, 1012, @leaveType1, '2026-07-01T00:00:00', '2026-07-02T00:00:00', 2, 'Personal reasons', 'Approved', GETUTCDATE(), 0);
INSERT INTO kumarcapstone_LeaveRequests (Id, EmployeeId, LeaveTypeId, StartDate, EndDate, TotalDays, Reason, Status, CreatedDate, IsDeleted) VALUES (1044, 1006, @leaveType1, '2026-07-01T00:00:00', '2026-07-02T00:00:00', 2, 'Personal reasons', 'Pending', GETUTCDATE(), 0);
INSERT INTO kumarcapstone_LeaveRequests (Id, EmployeeId, LeaveTypeId, StartDate, EndDate, TotalDays, Reason, Status, CreatedDate, IsDeleted) VALUES (1045, 1002, @leaveType1, '2026-07-01T00:00:00', '2026-07-02T00:00:00', 2, 'Personal reasons', 'Rejected', GETUTCDATE(), 0);
INSERT INTO kumarcapstone_LeaveRequests (Id, EmployeeId, LeaveTypeId, StartDate, EndDate, TotalDays, Reason, Status, CreatedDate, IsDeleted) VALUES (1046, 1033, @leaveType1, '2026-07-01T00:00:00', '2026-07-02T00:00:00', 2, 'Personal reasons', 'Rejected', GETUTCDATE(), 0);
INSERT INTO kumarcapstone_LeaveRequests (Id, EmployeeId, LeaveTypeId, StartDate, EndDate, TotalDays, Reason, Status, CreatedDate, IsDeleted) VALUES (1047, 1014, @leaveType1, '2026-07-01T00:00:00', '2026-07-02T00:00:00', 2, 'Personal reasons', 'Pending', GETUTCDATE(), 0);
INSERT INTO kumarcapstone_LeaveRequests (Id, EmployeeId, LeaveTypeId, StartDate, EndDate, TotalDays, Reason, Status, CreatedDate, IsDeleted) VALUES (1048, 1097, @leaveType1, '2026-07-01T00:00:00', '2026-07-02T00:00:00', 2, 'Personal reasons', 'Rejected', GETUTCDATE(), 0);
INSERT INTO kumarcapstone_LeaveRequests (Id, EmployeeId, LeaveTypeId, StartDate, EndDate, TotalDays, Reason, Status, CreatedDate, IsDeleted) VALUES (1049, 1096, @leaveType1, '2026-07-01T00:00:00', '2026-07-02T00:00:00', 2, 'Personal reasons', 'Pending', GETUTCDATE(), 0);
INSERT INTO kumarcapstone_LeaveRequests (Id, EmployeeId, LeaveTypeId, StartDate, EndDate, TotalDays, Reason, Status, CreatedDate, IsDeleted) VALUES (1050, 1069, @leaveType1, '2026-07-01T00:00:00', '2026-07-02T00:00:00', 2, 'Personal reasons', 'Rejected', GETUTCDATE(), 0);
INSERT INTO kumarcapstone_LeaveRequests (Id, EmployeeId, LeaveTypeId, StartDate, EndDate, TotalDays, Reason, Status, CreatedDate, IsDeleted) VALUES (1051, 1025, @leaveType1, '2026-07-01T00:00:00', '2026-07-02T00:00:00', 2, 'Personal reasons', 'Approved', GETUTCDATE(), 0);
INSERT INTO kumarcapstone_LeaveRequests (Id, EmployeeId, LeaveTypeId, StartDate, EndDate, TotalDays, Reason, Status, CreatedDate, IsDeleted) VALUES (1052, 1079, @leaveType1, '2026-07-01T00:00:00', '2026-07-02T00:00:00', 2, 'Personal reasons', 'Pending', GETUTCDATE(), 0);
INSERT INTO kumarcapstone_LeaveRequests (Id, EmployeeId, LeaveTypeId, StartDate, EndDate, TotalDays, Reason, Status, CreatedDate, IsDeleted) VALUES (1053, 1036, @leaveType1, '2026-07-01T00:00:00', '2026-07-02T00:00:00', 2, 'Personal reasons', 'Rejected', GETUTCDATE(), 0);
INSERT INTO kumarcapstone_LeaveRequests (Id, EmployeeId, LeaveTypeId, StartDate, EndDate, TotalDays, Reason, Status, CreatedDate, IsDeleted) VALUES (1054, 1046, @leaveType1, '2026-07-01T00:00:00', '2026-07-02T00:00:00', 2, 'Personal reasons', 'Rejected', GETUTCDATE(), 0);
INSERT INTO kumarcapstone_LeaveRequests (Id, EmployeeId, LeaveTypeId, StartDate, EndDate, TotalDays, Reason, Status, CreatedDate, IsDeleted) VALUES (1055, 1069, @leaveType1, '2026-07-01T00:00:00', '2026-07-02T00:00:00', 2, 'Personal reasons', 'Approved', GETUTCDATE(), 0);
INSERT INTO kumarcapstone_LeaveRequests (Id, EmployeeId, LeaveTypeId, StartDate, EndDate, TotalDays, Reason, Status, CreatedDate, IsDeleted) VALUES (1056, 1081, @leaveType1, '2026-07-01T00:00:00', '2026-07-02T00:00:00', 2, 'Personal reasons', 'Approved', GETUTCDATE(), 0);
INSERT INTO kumarcapstone_LeaveRequests (Id, EmployeeId, LeaveTypeId, StartDate, EndDate, TotalDays, Reason, Status, CreatedDate, IsDeleted) VALUES (1057, 1045, @leaveType1, '2026-07-01T00:00:00', '2026-07-02T00:00:00', 2, 'Personal reasons', 'Rejected', GETUTCDATE(), 0);
INSERT INTO kumarcapstone_LeaveRequests (Id, EmployeeId, LeaveTypeId, StartDate, EndDate, TotalDays, Reason, Status, CreatedDate, IsDeleted) VALUES (1058, 1062, @leaveType1, '2026-07-01T00:00:00', '2026-07-02T00:00:00', 2, 'Personal reasons', 'Pending', GETUTCDATE(), 0);
INSERT INTO kumarcapstone_LeaveRequests (Id, EmployeeId, LeaveTypeId, StartDate, EndDate, TotalDays, Reason, Status, CreatedDate, IsDeleted) VALUES (1059, 1016, @leaveType1, '2026-07-01T00:00:00', '2026-07-02T00:00:00', 2, 'Personal reasons', 'Pending', GETUTCDATE(), 0);
INSERT INTO kumarcapstone_LeaveRequests (Id, EmployeeId, LeaveTypeId, StartDate, EndDate, TotalDays, Reason, Status, CreatedDate, IsDeleted) VALUES (1060, 1053, @leaveType1, '2026-07-01T00:00:00', '2026-07-02T00:00:00', 2, 'Personal reasons', 'Pending', GETUTCDATE(), 0);
INSERT INTO kumarcapstone_LeaveRequests (Id, EmployeeId, LeaveTypeId, StartDate, EndDate, TotalDays, Reason, Status, CreatedDate, IsDeleted) VALUES (1061, 1038, @leaveType1, '2026-07-01T00:00:00', '2026-07-02T00:00:00', 2, 'Personal reasons', 'Approved', GETUTCDATE(), 0);
INSERT INTO kumarcapstone_LeaveRequests (Id, EmployeeId, LeaveTypeId, StartDate, EndDate, TotalDays, Reason, Status, CreatedDate, IsDeleted) VALUES (1062, 1007, @leaveType1, '2026-07-01T00:00:00', '2026-07-02T00:00:00', 2, 'Personal reasons', 'Approved', GETUTCDATE(), 0);
INSERT INTO kumarcapstone_LeaveRequests (Id, EmployeeId, LeaveTypeId, StartDate, EndDate, TotalDays, Reason, Status, CreatedDate, IsDeleted) VALUES (1063, 1091, @leaveType1, '2026-07-01T00:00:00', '2026-07-02T00:00:00', 2, 'Personal reasons', 'Approved', GETUTCDATE(), 0);
INSERT INTO kumarcapstone_LeaveRequests (Id, EmployeeId, LeaveTypeId, StartDate, EndDate, TotalDays, Reason, Status, CreatedDate, IsDeleted) VALUES (1064, 1073, @leaveType1, '2026-07-01T00:00:00', '2026-07-02T00:00:00', 2, 'Personal reasons', 'Rejected', GETUTCDATE(), 0);
INSERT INTO kumarcapstone_LeaveRequests (Id, EmployeeId, LeaveTypeId, StartDate, EndDate, TotalDays, Reason, Status, CreatedDate, IsDeleted) VALUES (1065, 1001, @leaveType1, '2026-07-01T00:00:00', '2026-07-02T00:00:00', 2, 'Personal reasons', 'Pending', GETUTCDATE(), 0);
INSERT INTO kumarcapstone_LeaveRequests (Id, EmployeeId, LeaveTypeId, StartDate, EndDate, TotalDays, Reason, Status, CreatedDate, IsDeleted) VALUES (1066, 1066, @leaveType1, '2026-07-01T00:00:00', '2026-07-02T00:00:00', 2, 'Personal reasons', 'Rejected', GETUTCDATE(), 0);
INSERT INTO kumarcapstone_LeaveRequests (Id, EmployeeId, LeaveTypeId, StartDate, EndDate, TotalDays, Reason, Status, CreatedDate, IsDeleted) VALUES (1067, 1094, @leaveType1, '2026-07-01T00:00:00', '2026-07-02T00:00:00', 2, 'Personal reasons', 'Rejected', GETUTCDATE(), 0);
INSERT INTO kumarcapstone_LeaveRequests (Id, EmployeeId, LeaveTypeId, StartDate, EndDate, TotalDays, Reason, Status, CreatedDate, IsDeleted) VALUES (1068, 1060, @leaveType1, '2026-07-01T00:00:00', '2026-07-02T00:00:00', 2, 'Personal reasons', 'Approved', GETUTCDATE(), 0);
INSERT INTO kumarcapstone_LeaveRequests (Id, EmployeeId, LeaveTypeId, StartDate, EndDate, TotalDays, Reason, Status, CreatedDate, IsDeleted) VALUES (1069, 1022, @leaveType1, '2026-07-01T00:00:00', '2026-07-02T00:00:00', 2, 'Personal reasons', 'Pending', GETUTCDATE(), 0);
INSERT INTO kumarcapstone_LeaveRequests (Id, EmployeeId, LeaveTypeId, StartDate, EndDate, TotalDays, Reason, Status, CreatedDate, IsDeleted) VALUES (1070, 1062, @leaveType1, '2026-07-01T00:00:00', '2026-07-02T00:00:00', 2, 'Personal reasons', 'Rejected', GETUTCDATE(), 0);
INSERT INTO kumarcapstone_LeaveRequests (Id, EmployeeId, LeaveTypeId, StartDate, EndDate, TotalDays, Reason, Status, CreatedDate, IsDeleted) VALUES (1071, 1055, @leaveType1, '2026-07-01T00:00:00', '2026-07-02T00:00:00', 2, 'Personal reasons', 'Approved', GETUTCDATE(), 0);
INSERT INTO kumarcapstone_LeaveRequests (Id, EmployeeId, LeaveTypeId, StartDate, EndDate, TotalDays, Reason, Status, CreatedDate, IsDeleted) VALUES (1072, 1076, @leaveType1, '2026-07-01T00:00:00', '2026-07-02T00:00:00', 2, 'Personal reasons', 'Pending', GETUTCDATE(), 0);
INSERT INTO kumarcapstone_LeaveRequests (Id, EmployeeId, LeaveTypeId, StartDate, EndDate, TotalDays, Reason, Status, CreatedDate, IsDeleted) VALUES (1073, 1058, @leaveType1, '2026-07-01T00:00:00', '2026-07-02T00:00:00', 2, 'Personal reasons', 'Approved', GETUTCDATE(), 0);
INSERT INTO kumarcapstone_LeaveRequests (Id, EmployeeId, LeaveTypeId, StartDate, EndDate, TotalDays, Reason, Status, CreatedDate, IsDeleted) VALUES (1074, 1095, @leaveType1, '2026-07-01T00:00:00', '2026-07-02T00:00:00', 2, 'Personal reasons', 'Rejected', GETUTCDATE(), 0);
INSERT INTO kumarcapstone_LeaveRequests (Id, EmployeeId, LeaveTypeId, StartDate, EndDate, TotalDays, Reason, Status, CreatedDate, IsDeleted) VALUES (1075, 1084, @leaveType1, '2026-07-01T00:00:00', '2026-07-02T00:00:00', 2, 'Personal reasons', 'Rejected', GETUTCDATE(), 0);
INSERT INTO kumarcapstone_LeaveRequests (Id, EmployeeId, LeaveTypeId, StartDate, EndDate, TotalDays, Reason, Status, CreatedDate, IsDeleted) VALUES (1076, 1021, @leaveType1, '2026-07-01T00:00:00', '2026-07-02T00:00:00', 2, 'Personal reasons', 'Approved', GETUTCDATE(), 0);
INSERT INTO kumarcapstone_LeaveRequests (Id, EmployeeId, LeaveTypeId, StartDate, EndDate, TotalDays, Reason, Status, CreatedDate, IsDeleted) VALUES (1077, 1064, @leaveType1, '2026-07-01T00:00:00', '2026-07-02T00:00:00', 2, 'Personal reasons', 'Approved', GETUTCDATE(), 0);
INSERT INTO kumarcapstone_LeaveRequests (Id, EmployeeId, LeaveTypeId, StartDate, EndDate, TotalDays, Reason, Status, CreatedDate, IsDeleted) VALUES (1078, 1043, @leaveType1, '2026-07-01T00:00:00', '2026-07-02T00:00:00', 2, 'Personal reasons', 'Rejected', GETUTCDATE(), 0);
INSERT INTO kumarcapstone_LeaveRequests (Id, EmployeeId, LeaveTypeId, StartDate, EndDate, TotalDays, Reason, Status, CreatedDate, IsDeleted) VALUES (1079, 1045, @leaveType1, '2026-07-01T00:00:00', '2026-07-02T00:00:00', 2, 'Personal reasons', 'Rejected', GETUTCDATE(), 0);
INSERT INTO kumarcapstone_LeaveRequests (Id, EmployeeId, LeaveTypeId, StartDate, EndDate, TotalDays, Reason, Status, CreatedDate, IsDeleted) VALUES (1080, 1058, @leaveType1, '2026-07-01T00:00:00', '2026-07-02T00:00:00', 2, 'Personal reasons', 'Rejected', GETUTCDATE(), 0);
INSERT INTO kumarcapstone_LeaveRequests (Id, EmployeeId, LeaveTypeId, StartDate, EndDate, TotalDays, Reason, Status, CreatedDate, IsDeleted) VALUES (1081, 1045, @leaveType1, '2026-07-01T00:00:00', '2026-07-02T00:00:00', 2, 'Personal reasons', 'Rejected', GETUTCDATE(), 0);
INSERT INTO kumarcapstone_LeaveRequests (Id, EmployeeId, LeaveTypeId, StartDate, EndDate, TotalDays, Reason, Status, CreatedDate, IsDeleted) VALUES (1082, 1039, @leaveType1, '2026-07-01T00:00:00', '2026-07-02T00:00:00', 2, 'Personal reasons', 'Approved', GETUTCDATE(), 0);
INSERT INTO kumarcapstone_LeaveRequests (Id, EmployeeId, LeaveTypeId, StartDate, EndDate, TotalDays, Reason, Status, CreatedDate, IsDeleted) VALUES (1083, 1030, @leaveType1, '2026-07-01T00:00:00', '2026-07-02T00:00:00', 2, 'Personal reasons', 'Approved', GETUTCDATE(), 0);
INSERT INTO kumarcapstone_LeaveRequests (Id, EmployeeId, LeaveTypeId, StartDate, EndDate, TotalDays, Reason, Status, CreatedDate, IsDeleted) VALUES (1084, 1014, @leaveType1, '2026-07-01T00:00:00', '2026-07-02T00:00:00', 2, 'Personal reasons', 'Rejected', GETUTCDATE(), 0);
INSERT INTO kumarcapstone_LeaveRequests (Id, EmployeeId, LeaveTypeId, StartDate, EndDate, TotalDays, Reason, Status, CreatedDate, IsDeleted) VALUES (1085, 1088, @leaveType1, '2026-07-01T00:00:00', '2026-07-02T00:00:00', 2, 'Personal reasons', 'Pending', GETUTCDATE(), 0);
INSERT INTO kumarcapstone_LeaveRequests (Id, EmployeeId, LeaveTypeId, StartDate, EndDate, TotalDays, Reason, Status, CreatedDate, IsDeleted) VALUES (1086, 1007, @leaveType1, '2026-07-01T00:00:00', '2026-07-02T00:00:00', 2, 'Personal reasons', 'Approved', GETUTCDATE(), 0);
INSERT INTO kumarcapstone_LeaveRequests (Id, EmployeeId, LeaveTypeId, StartDate, EndDate, TotalDays, Reason, Status, CreatedDate, IsDeleted) VALUES (1087, 1090, @leaveType1, '2026-07-01T00:00:00', '2026-07-02T00:00:00', 2, 'Personal reasons', 'Pending', GETUTCDATE(), 0);
INSERT INTO kumarcapstone_LeaveRequests (Id, EmployeeId, LeaveTypeId, StartDate, EndDate, TotalDays, Reason, Status, CreatedDate, IsDeleted) VALUES (1088, 1007, @leaveType1, '2026-07-01T00:00:00', '2026-07-02T00:00:00', 2, 'Personal reasons', 'Approved', GETUTCDATE(), 0);
INSERT INTO kumarcapstone_LeaveRequests (Id, EmployeeId, LeaveTypeId, StartDate, EndDate, TotalDays, Reason, Status, CreatedDate, IsDeleted) VALUES (1089, 1043, @leaveType1, '2026-07-01T00:00:00', '2026-07-02T00:00:00', 2, 'Personal reasons', 'Approved', GETUTCDATE(), 0);
INSERT INTO kumarcapstone_LeaveRequests (Id, EmployeeId, LeaveTypeId, StartDate, EndDate, TotalDays, Reason, Status, CreatedDate, IsDeleted) VALUES (1090, 1057, @leaveType1, '2026-07-01T00:00:00', '2026-07-02T00:00:00', 2, 'Personal reasons', 'Pending', GETUTCDATE(), 0);
INSERT INTO kumarcapstone_LeaveRequests (Id, EmployeeId, LeaveTypeId, StartDate, EndDate, TotalDays, Reason, Status, CreatedDate, IsDeleted) VALUES (1091, 1047, @leaveType1, '2026-07-01T00:00:00', '2026-07-02T00:00:00', 2, 'Personal reasons', 'Approved', GETUTCDATE(), 0);
INSERT INTO kumarcapstone_LeaveRequests (Id, EmployeeId, LeaveTypeId, StartDate, EndDate, TotalDays, Reason, Status, CreatedDate, IsDeleted) VALUES (1092, 1037, @leaveType1, '2026-07-01T00:00:00', '2026-07-02T00:00:00', 2, 'Personal reasons', 'Rejected', GETUTCDATE(), 0);
INSERT INTO kumarcapstone_LeaveRequests (Id, EmployeeId, LeaveTypeId, StartDate, EndDate, TotalDays, Reason, Status, CreatedDate, IsDeleted) VALUES (1093, 1019, @leaveType1, '2026-07-01T00:00:00', '2026-07-02T00:00:00', 2, 'Personal reasons', 'Pending', GETUTCDATE(), 0);
INSERT INTO kumarcapstone_LeaveRequests (Id, EmployeeId, LeaveTypeId, StartDate, EndDate, TotalDays, Reason, Status, CreatedDate, IsDeleted) VALUES (1094, 1086, @leaveType1, '2026-07-01T00:00:00', '2026-07-02T00:00:00', 2, 'Personal reasons', 'Rejected', GETUTCDATE(), 0);
INSERT INTO kumarcapstone_LeaveRequests (Id, EmployeeId, LeaveTypeId, StartDate, EndDate, TotalDays, Reason, Status, CreatedDate, IsDeleted) VALUES (1095, 1096, @leaveType1, '2026-07-01T00:00:00', '2026-07-02T00:00:00', 2, 'Personal reasons', 'Rejected', GETUTCDATE(), 0);
INSERT INTO kumarcapstone_LeaveRequests (Id, EmployeeId, LeaveTypeId, StartDate, EndDate, TotalDays, Reason, Status, CreatedDate, IsDeleted) VALUES (1096, 1067, @leaveType1, '2026-07-01T00:00:00', '2026-07-02T00:00:00', 2, 'Personal reasons', 'Pending', GETUTCDATE(), 0);
INSERT INTO kumarcapstone_LeaveRequests (Id, EmployeeId, LeaveTypeId, StartDate, EndDate, TotalDays, Reason, Status, CreatedDate, IsDeleted) VALUES (1097, 1097, @leaveType1, '2026-07-01T00:00:00', '2026-07-02T00:00:00', 2, 'Personal reasons', 'Approved', GETUTCDATE(), 0);
INSERT INTO kumarcapstone_LeaveRequests (Id, EmployeeId, LeaveTypeId, StartDate, EndDate, TotalDays, Reason, Status, CreatedDate, IsDeleted) VALUES (1098, 1012, @leaveType1, '2026-07-01T00:00:00', '2026-07-02T00:00:00', 2, 'Personal reasons', 'Rejected', GETUTCDATE(), 0);
INSERT INTO kumarcapstone_LeaveRequests (Id, EmployeeId, LeaveTypeId, StartDate, EndDate, TotalDays, Reason, Status, CreatedDate, IsDeleted) VALUES (1099, 1058, @leaveType1, '2026-07-01T00:00:00', '2026-07-02T00:00:00', 2, 'Personal reasons', 'Rejected', GETUTCDATE(), 0);
INSERT INTO kumarcapstone_LeaveRequests (Id, EmployeeId, LeaveTypeId, StartDate, EndDate, TotalDays, Reason, Status, CreatedDate, IsDeleted) VALUES (1100, 1051, @leaveType1, '2026-07-01T00:00:00', '2026-07-02T00:00:00', 2, 'Personal reasons', 'Pending', GETUTCDATE(), 0);
INSERT INTO kumarcapstone_LeaveRequests (Id, EmployeeId, LeaveTypeId, StartDate, EndDate, TotalDays, Reason, Status, CreatedDate, IsDeleted) VALUES (1101, 1091, @leaveType1, '2026-07-01T00:00:00', '2026-07-02T00:00:00', 2, 'Personal reasons', 'Approved', GETUTCDATE(), 0);
INSERT INTO kumarcapstone_LeaveRequests (Id, EmployeeId, LeaveTypeId, StartDate, EndDate, TotalDays, Reason, Status, CreatedDate, IsDeleted) VALUES (1102, 1087, @leaveType1, '2026-07-01T00:00:00', '2026-07-02T00:00:00', 2, 'Personal reasons', 'Pending', GETUTCDATE(), 0);
INSERT INTO kumarcapstone_LeaveRequests (Id, EmployeeId, LeaveTypeId, StartDate, EndDate, TotalDays, Reason, Status, CreatedDate, IsDeleted) VALUES (1103, 1009, @leaveType1, '2026-07-01T00:00:00', '2026-07-02T00:00:00', 2, 'Personal reasons', 'Pending', GETUTCDATE(), 0);
INSERT INTO kumarcapstone_LeaveRequests (Id, EmployeeId, LeaveTypeId, StartDate, EndDate, TotalDays, Reason, Status, CreatedDate, IsDeleted) VALUES (1104, 1002, @leaveType1, '2026-07-01T00:00:00', '2026-07-02T00:00:00', 2, 'Personal reasons', 'Pending', GETUTCDATE(), 0);
INSERT INTO kumarcapstone_LeaveRequests (Id, EmployeeId, LeaveTypeId, StartDate, EndDate, TotalDays, Reason, Status, CreatedDate, IsDeleted) VALUES (1105, 1084, @leaveType1, '2026-07-01T00:00:00', '2026-07-02T00:00:00', 2, 'Personal reasons', 'Rejected', GETUTCDATE(), 0);
INSERT INTO kumarcapstone_LeaveRequests (Id, EmployeeId, LeaveTypeId, StartDate, EndDate, TotalDays, Reason, Status, CreatedDate, IsDeleted) VALUES (1106, 1051, @leaveType1, '2026-07-01T00:00:00', '2026-07-02T00:00:00', 2, 'Personal reasons', 'Approved', GETUTCDATE(), 0);
INSERT INTO kumarcapstone_LeaveRequests (Id, EmployeeId, LeaveTypeId, StartDate, EndDate, TotalDays, Reason, Status, CreatedDate, IsDeleted) VALUES (1107, 1054, @leaveType1, '2026-07-01T00:00:00', '2026-07-02T00:00:00', 2, 'Personal reasons', 'Pending', GETUTCDATE(), 0);
INSERT INTO kumarcapstone_LeaveRequests (Id, EmployeeId, LeaveTypeId, StartDate, EndDate, TotalDays, Reason, Status, CreatedDate, IsDeleted) VALUES (1108, 1020, @leaveType1, '2026-07-01T00:00:00', '2026-07-02T00:00:00', 2, 'Personal reasons', 'Pending', GETUTCDATE(), 0);
INSERT INTO kumarcapstone_LeaveRequests (Id, EmployeeId, LeaveTypeId, StartDate, EndDate, TotalDays, Reason, Status, CreatedDate, IsDeleted) VALUES (1109, 1066, @leaveType1, '2026-07-01T00:00:00', '2026-07-02T00:00:00', 2, 'Personal reasons', 'Rejected', GETUTCDATE(), 0);
INSERT INTO kumarcapstone_LeaveRequests (Id, EmployeeId, LeaveTypeId, StartDate, EndDate, TotalDays, Reason, Status, CreatedDate, IsDeleted) VALUES (1110, 1034, @leaveType1, '2026-07-01T00:00:00', '2026-07-02T00:00:00', 2, 'Personal reasons', 'Rejected', GETUTCDATE(), 0);
INSERT INTO kumarcapstone_LeaveRequests (Id, EmployeeId, LeaveTypeId, StartDate, EndDate, TotalDays, Reason, Status, CreatedDate, IsDeleted) VALUES (1111, 1043, @leaveType1, '2026-07-01T00:00:00', '2026-07-02T00:00:00', 2, 'Personal reasons', 'Approved', GETUTCDATE(), 0);
INSERT INTO kumarcapstone_LeaveRequests (Id, EmployeeId, LeaveTypeId, StartDate, EndDate, TotalDays, Reason, Status, CreatedDate, IsDeleted) VALUES (1112, 1040, @leaveType1, '2026-07-01T00:00:00', '2026-07-02T00:00:00', 2, 'Personal reasons', 'Rejected', GETUTCDATE(), 0);
INSERT INTO kumarcapstone_LeaveRequests (Id, EmployeeId, LeaveTypeId, StartDate, EndDate, TotalDays, Reason, Status, CreatedDate, IsDeleted) VALUES (1113, 1058, @leaveType1, '2026-07-01T00:00:00', '2026-07-02T00:00:00', 2, 'Personal reasons', 'Rejected', GETUTCDATE(), 0);
INSERT INTO kumarcapstone_LeaveRequests (Id, EmployeeId, LeaveTypeId, StartDate, EndDate, TotalDays, Reason, Status, CreatedDate, IsDeleted) VALUES (1114, 1058, @leaveType1, '2026-07-01T00:00:00', '2026-07-02T00:00:00', 2, 'Personal reasons', 'Approved', GETUTCDATE(), 0);
INSERT INTO kumarcapstone_LeaveRequests (Id, EmployeeId, LeaveTypeId, StartDate, EndDate, TotalDays, Reason, Status, CreatedDate, IsDeleted) VALUES (1115, 1011, @leaveType1, '2026-07-01T00:00:00', '2026-07-02T00:00:00', 2, 'Personal reasons', 'Rejected', GETUTCDATE(), 0);
INSERT INTO kumarcapstone_LeaveRequests (Id, EmployeeId, LeaveTypeId, StartDate, EndDate, TotalDays, Reason, Status, CreatedDate, IsDeleted) VALUES (1116, 1085, @leaveType1, '2026-07-01T00:00:00', '2026-07-02T00:00:00', 2, 'Personal reasons', 'Pending', GETUTCDATE(), 0);
INSERT INTO kumarcapstone_LeaveRequests (Id, EmployeeId, LeaveTypeId, StartDate, EndDate, TotalDays, Reason, Status, CreatedDate, IsDeleted) VALUES (1117, 1085, @leaveType1, '2026-07-01T00:00:00', '2026-07-02T00:00:00', 2, 'Personal reasons', 'Rejected', GETUTCDATE(), 0);
INSERT INTO kumarcapstone_LeaveRequests (Id, EmployeeId, LeaveTypeId, StartDate, EndDate, TotalDays, Reason, Status, CreatedDate, IsDeleted) VALUES (1118, 1092, @leaveType1, '2026-07-01T00:00:00', '2026-07-02T00:00:00', 2, 'Personal reasons', 'Pending', GETUTCDATE(), 0);
INSERT INTO kumarcapstone_LeaveRequests (Id, EmployeeId, LeaveTypeId, StartDate, EndDate, TotalDays, Reason, Status, CreatedDate, IsDeleted) VALUES (1119, 1002, @leaveType1, '2026-07-01T00:00:00', '2026-07-02T00:00:00', 2, 'Personal reasons', 'Approved', GETUTCDATE(), 0);
INSERT INTO kumarcapstone_LeaveRequests (Id, EmployeeId, LeaveTypeId, StartDate, EndDate, TotalDays, Reason, Status, CreatedDate, IsDeleted) VALUES (1120, 1025, @leaveType1, '2026-07-01T00:00:00', '2026-07-02T00:00:00', 2, 'Personal reasons', 'Approved', GETUTCDATE(), 0);
INSERT INTO kumarcapstone_LeaveRequests (Id, EmployeeId, LeaveTypeId, StartDate, EndDate, TotalDays, Reason, Status, CreatedDate, IsDeleted) VALUES (1121, 1057, @leaveType1, '2026-07-01T00:00:00', '2026-07-02T00:00:00', 2, 'Personal reasons', 'Pending', GETUTCDATE(), 0);
INSERT INTO kumarcapstone_LeaveRequests (Id, EmployeeId, LeaveTypeId, StartDate, EndDate, TotalDays, Reason, Status, CreatedDate, IsDeleted) VALUES (1122, 1004, @leaveType1, '2026-07-01T00:00:00', '2026-07-02T00:00:00', 2, 'Personal reasons', 'Rejected', GETUTCDATE(), 0);
INSERT INTO kumarcapstone_LeaveRequests (Id, EmployeeId, LeaveTypeId, StartDate, EndDate, TotalDays, Reason, Status, CreatedDate, IsDeleted) VALUES (1123, 1030, @leaveType1, '2026-07-01T00:00:00', '2026-07-02T00:00:00', 2, 'Personal reasons', 'Rejected', GETUTCDATE(), 0);
INSERT INTO kumarcapstone_LeaveRequests (Id, EmployeeId, LeaveTypeId, StartDate, EndDate, TotalDays, Reason, Status, CreatedDate, IsDeleted) VALUES (1124, 1095, @leaveType1, '2026-07-01T00:00:00', '2026-07-02T00:00:00', 2, 'Personal reasons', 'Pending', GETUTCDATE(), 0);
INSERT INTO kumarcapstone_LeaveRequests (Id, EmployeeId, LeaveTypeId, StartDate, EndDate, TotalDays, Reason, Status, CreatedDate, IsDeleted) VALUES (1125, 1080, @leaveType1, '2026-07-01T00:00:00', '2026-07-02T00:00:00', 2, 'Personal reasons', 'Rejected', GETUTCDATE(), 0);
INSERT INTO kumarcapstone_LeaveRequests (Id, EmployeeId, LeaveTypeId, StartDate, EndDate, TotalDays, Reason, Status, CreatedDate, IsDeleted) VALUES (1126, 1014, @leaveType1, '2026-07-01T00:00:00', '2026-07-02T00:00:00', 2, 'Personal reasons', 'Approved', GETUTCDATE(), 0);
INSERT INTO kumarcapstone_LeaveRequests (Id, EmployeeId, LeaveTypeId, StartDate, EndDate, TotalDays, Reason, Status, CreatedDate, IsDeleted) VALUES (1127, 1088, @leaveType1, '2026-07-01T00:00:00', '2026-07-02T00:00:00', 2, 'Personal reasons', 'Approved', GETUTCDATE(), 0);
INSERT INTO kumarcapstone_LeaveRequests (Id, EmployeeId, LeaveTypeId, StartDate, EndDate, TotalDays, Reason, Status, CreatedDate, IsDeleted) VALUES (1128, 1028, @leaveType1, '2026-07-01T00:00:00', '2026-07-02T00:00:00', 2, 'Personal reasons', 'Pending', GETUTCDATE(), 0);
INSERT INTO kumarcapstone_LeaveRequests (Id, EmployeeId, LeaveTypeId, StartDate, EndDate, TotalDays, Reason, Status, CreatedDate, IsDeleted) VALUES (1129, 1087, @leaveType1, '2026-07-01T00:00:00', '2026-07-02T00:00:00', 2, 'Personal reasons', 'Pending', GETUTCDATE(), 0);
INSERT INTO kumarcapstone_LeaveRequests (Id, EmployeeId, LeaveTypeId, StartDate, EndDate, TotalDays, Reason, Status, CreatedDate, IsDeleted) VALUES (1130, 1051, @leaveType1, '2026-07-01T00:00:00', '2026-07-02T00:00:00', 2, 'Personal reasons', 'Pending', GETUTCDATE(), 0);
INSERT INTO kumarcapstone_LeaveRequests (Id, EmployeeId, LeaveTypeId, StartDate, EndDate, TotalDays, Reason, Status, CreatedDate, IsDeleted) VALUES (1131, 1069, @leaveType1, '2026-07-01T00:00:00', '2026-07-02T00:00:00', 2, 'Personal reasons', 'Rejected', GETUTCDATE(), 0);
INSERT INTO kumarcapstone_LeaveRequests (Id, EmployeeId, LeaveTypeId, StartDate, EndDate, TotalDays, Reason, Status, CreatedDate, IsDeleted) VALUES (1132, 1012, @leaveType1, '2026-07-01T00:00:00', '2026-07-02T00:00:00', 2, 'Personal reasons', 'Rejected', GETUTCDATE(), 0);
INSERT INTO kumarcapstone_LeaveRequests (Id, EmployeeId, LeaveTypeId, StartDate, EndDate, TotalDays, Reason, Status, CreatedDate, IsDeleted) VALUES (1133, 1053, @leaveType1, '2026-07-01T00:00:00', '2026-07-02T00:00:00', 2, 'Personal reasons', 'Rejected', GETUTCDATE(), 0);
INSERT INTO kumarcapstone_LeaveRequests (Id, EmployeeId, LeaveTypeId, StartDate, EndDate, TotalDays, Reason, Status, CreatedDate, IsDeleted) VALUES (1134, 1035, @leaveType1, '2026-07-01T00:00:00', '2026-07-02T00:00:00', 2, 'Personal reasons', 'Approved', GETUTCDATE(), 0);
INSERT INTO kumarcapstone_LeaveRequests (Id, EmployeeId, LeaveTypeId, StartDate, EndDate, TotalDays, Reason, Status, CreatedDate, IsDeleted) VALUES (1135, 1056, @leaveType1, '2026-07-01T00:00:00', '2026-07-02T00:00:00', 2, 'Personal reasons', 'Rejected', GETUTCDATE(), 0);
INSERT INTO kumarcapstone_LeaveRequests (Id, EmployeeId, LeaveTypeId, StartDate, EndDate, TotalDays, Reason, Status, CreatedDate, IsDeleted) VALUES (1136, 1053, @leaveType1, '2026-07-01T00:00:00', '2026-07-02T00:00:00', 2, 'Personal reasons', 'Approved', GETUTCDATE(), 0);
INSERT INTO kumarcapstone_LeaveRequests (Id, EmployeeId, LeaveTypeId, StartDate, EndDate, TotalDays, Reason, Status, CreatedDate, IsDeleted) VALUES (1137, 1093, @leaveType1, '2026-07-01T00:00:00', '2026-07-02T00:00:00', 2, 'Personal reasons', 'Approved', GETUTCDATE(), 0);
INSERT INTO kumarcapstone_LeaveRequests (Id, EmployeeId, LeaveTypeId, StartDate, EndDate, TotalDays, Reason, Status, CreatedDate, IsDeleted) VALUES (1138, 1061, @leaveType1, '2026-07-01T00:00:00', '2026-07-02T00:00:00', 2, 'Personal reasons', 'Approved', GETUTCDATE(), 0);
INSERT INTO kumarcapstone_LeaveRequests (Id, EmployeeId, LeaveTypeId, StartDate, EndDate, TotalDays, Reason, Status, CreatedDate, IsDeleted) VALUES (1139, 1043, @leaveType1, '2026-07-01T00:00:00', '2026-07-02T00:00:00', 2, 'Personal reasons', 'Pending', GETUTCDATE(), 0);
INSERT INTO kumarcapstone_LeaveRequests (Id, EmployeeId, LeaveTypeId, StartDate, EndDate, TotalDays, Reason, Status, CreatedDate, IsDeleted) VALUES (1140, 1058, @leaveType1, '2026-07-01T00:00:00', '2026-07-02T00:00:00', 2, 'Personal reasons', 'Rejected', GETUTCDATE(), 0);
INSERT INTO kumarcapstone_LeaveRequests (Id, EmployeeId, LeaveTypeId, StartDate, EndDate, TotalDays, Reason, Status, CreatedDate, IsDeleted) VALUES (1141, 1082, @leaveType1, '2026-07-01T00:00:00', '2026-07-02T00:00:00', 2, 'Personal reasons', 'Pending', GETUTCDATE(), 0);
INSERT INTO kumarcapstone_LeaveRequests (Id, EmployeeId, LeaveTypeId, StartDate, EndDate, TotalDays, Reason, Status, CreatedDate, IsDeleted) VALUES (1142, 1022, @leaveType1, '2026-07-01T00:00:00', '2026-07-02T00:00:00', 2, 'Personal reasons', 'Rejected', GETUTCDATE(), 0);
INSERT INTO kumarcapstone_LeaveRequests (Id, EmployeeId, LeaveTypeId, StartDate, EndDate, TotalDays, Reason, Status, CreatedDate, IsDeleted) VALUES (1143, 1045, @leaveType1, '2026-07-01T00:00:00', '2026-07-02T00:00:00', 2, 'Personal reasons', 'Pending', GETUTCDATE(), 0);
INSERT INTO kumarcapstone_LeaveRequests (Id, EmployeeId, LeaveTypeId, StartDate, EndDate, TotalDays, Reason, Status, CreatedDate, IsDeleted) VALUES (1144, 1085, @leaveType1, '2026-07-01T00:00:00', '2026-07-02T00:00:00', 2, 'Personal reasons', 'Rejected', GETUTCDATE(), 0);
INSERT INTO kumarcapstone_LeaveRequests (Id, EmployeeId, LeaveTypeId, StartDate, EndDate, TotalDays, Reason, Status, CreatedDate, IsDeleted) VALUES (1145, 1099, @leaveType1, '2026-07-01T00:00:00', '2026-07-02T00:00:00', 2, 'Personal reasons', 'Approved', GETUTCDATE(), 0);
INSERT INTO kumarcapstone_LeaveRequests (Id, EmployeeId, LeaveTypeId, StartDate, EndDate, TotalDays, Reason, Status, CreatedDate, IsDeleted) VALUES (1146, 1009, @leaveType1, '2026-07-01T00:00:00', '2026-07-02T00:00:00', 2, 'Personal reasons', 'Rejected', GETUTCDATE(), 0);
INSERT INTO kumarcapstone_LeaveRequests (Id, EmployeeId, LeaveTypeId, StartDate, EndDate, TotalDays, Reason, Status, CreatedDate, IsDeleted) VALUES (1147, 1079, @leaveType1, '2026-07-01T00:00:00', '2026-07-02T00:00:00', 2, 'Personal reasons', 'Approved', GETUTCDATE(), 0);
INSERT INTO kumarcapstone_LeaveRequests (Id, EmployeeId, LeaveTypeId, StartDate, EndDate, TotalDays, Reason, Status, CreatedDate, IsDeleted) VALUES (1148, 1087, @leaveType1, '2026-07-01T00:00:00', '2026-07-02T00:00:00', 2, 'Personal reasons', 'Approved', GETUTCDATE(), 0);
INSERT INTO kumarcapstone_LeaveRequests (Id, EmployeeId, LeaveTypeId, StartDate, EndDate, TotalDays, Reason, Status, CreatedDate, IsDeleted) VALUES (1149, 1073, @leaveType1, '2026-07-01T00:00:00', '2026-07-02T00:00:00', 2, 'Personal reasons', 'Approved', GETUTCDATE(), 0);
INSERT INTO kumarcapstone_LeaveRequests (Id, EmployeeId, LeaveTypeId, StartDate, EndDate, TotalDays, Reason, Status, CreatedDate, IsDeleted) VALUES (1150, 1041, @leaveType1, '2026-07-01T00:00:00', '2026-07-02T00:00:00', 2, 'Personal reasons', 'Approved', GETUTCDATE(), 0);
INSERT INTO kumarcapstone_LeaveRequests (Id, EmployeeId, LeaveTypeId, StartDate, EndDate, TotalDays, Reason, Status, CreatedDate, IsDeleted) VALUES (1151, 1060, @leaveType1, '2026-07-01T00:00:00', '2026-07-02T00:00:00', 2, 'Personal reasons', 'Pending', GETUTCDATE(), 0);
INSERT INTO kumarcapstone_LeaveRequests (Id, EmployeeId, LeaveTypeId, StartDate, EndDate, TotalDays, Reason, Status, CreatedDate, IsDeleted) VALUES (1152, 1017, @leaveType1, '2026-07-01T00:00:00', '2026-07-02T00:00:00', 2, 'Personal reasons', 'Rejected', GETUTCDATE(), 0);
INSERT INTO kumarcapstone_LeaveRequests (Id, EmployeeId, LeaveTypeId, StartDate, EndDate, TotalDays, Reason, Status, CreatedDate, IsDeleted) VALUES (1153, 1084, @leaveType1, '2026-07-01T00:00:00', '2026-07-02T00:00:00', 2, 'Personal reasons', 'Approved', GETUTCDATE(), 0);
INSERT INTO kumarcapstone_LeaveRequests (Id, EmployeeId, LeaveTypeId, StartDate, EndDate, TotalDays, Reason, Status, CreatedDate, IsDeleted) VALUES (1154, 1028, @leaveType1, '2026-07-01T00:00:00', '2026-07-02T00:00:00', 2, 'Personal reasons', 'Pending', GETUTCDATE(), 0);
INSERT INTO kumarcapstone_LeaveRequests (Id, EmployeeId, LeaveTypeId, StartDate, EndDate, TotalDays, Reason, Status, CreatedDate, IsDeleted) VALUES (1155, 1038, @leaveType1, '2026-07-01T00:00:00', '2026-07-02T00:00:00', 2, 'Personal reasons', 'Approved', GETUTCDATE(), 0);
INSERT INTO kumarcapstone_LeaveRequests (Id, EmployeeId, LeaveTypeId, StartDate, EndDate, TotalDays, Reason, Status, CreatedDate, IsDeleted) VALUES (1156, 1002, @leaveType1, '2026-07-01T00:00:00', '2026-07-02T00:00:00', 2, 'Personal reasons', 'Rejected', GETUTCDATE(), 0);
INSERT INTO kumarcapstone_LeaveRequests (Id, EmployeeId, LeaveTypeId, StartDate, EndDate, TotalDays, Reason, Status, CreatedDate, IsDeleted) VALUES (1157, 1072, @leaveType1, '2026-07-01T00:00:00', '2026-07-02T00:00:00', 2, 'Personal reasons', 'Approved', GETUTCDATE(), 0);
INSERT INTO kumarcapstone_LeaveRequests (Id, EmployeeId, LeaveTypeId, StartDate, EndDate, TotalDays, Reason, Status, CreatedDate, IsDeleted) VALUES (1158, 1072, @leaveType1, '2026-07-01T00:00:00', '2026-07-02T00:00:00', 2, 'Personal reasons', 'Rejected', GETUTCDATE(), 0);
INSERT INTO kumarcapstone_LeaveRequests (Id, EmployeeId, LeaveTypeId, StartDate, EndDate, TotalDays, Reason, Status, CreatedDate, IsDeleted) VALUES (1159, 1018, @leaveType1, '2026-07-01T00:00:00', '2026-07-02T00:00:00', 2, 'Personal reasons', 'Rejected', GETUTCDATE(), 0);
INSERT INTO kumarcapstone_LeaveRequests (Id, EmployeeId, LeaveTypeId, StartDate, EndDate, TotalDays, Reason, Status, CreatedDate, IsDeleted) VALUES (1160, 1014, @leaveType1, '2026-07-01T00:00:00', '2026-07-02T00:00:00', 2, 'Personal reasons', 'Rejected', GETUTCDATE(), 0);
INSERT INTO kumarcapstone_LeaveRequests (Id, EmployeeId, LeaveTypeId, StartDate, EndDate, TotalDays, Reason, Status, CreatedDate, IsDeleted) VALUES (1161, 1070, @leaveType1, '2026-07-01T00:00:00', '2026-07-02T00:00:00', 2, 'Personal reasons', 'Pending', GETUTCDATE(), 0);
INSERT INTO kumarcapstone_LeaveRequests (Id, EmployeeId, LeaveTypeId, StartDate, EndDate, TotalDays, Reason, Status, CreatedDate, IsDeleted) VALUES (1162, 1063, @leaveType1, '2026-07-01T00:00:00', '2026-07-02T00:00:00', 2, 'Personal reasons', 'Pending', GETUTCDATE(), 0);
INSERT INTO kumarcapstone_LeaveRequests (Id, EmployeeId, LeaveTypeId, StartDate, EndDate, TotalDays, Reason, Status, CreatedDate, IsDeleted) VALUES (1163, 1091, @leaveType1, '2026-07-01T00:00:00', '2026-07-02T00:00:00', 2, 'Personal reasons', 'Rejected', GETUTCDATE(), 0);
INSERT INTO kumarcapstone_LeaveRequests (Id, EmployeeId, LeaveTypeId, StartDate, EndDate, TotalDays, Reason, Status, CreatedDate, IsDeleted) VALUES (1164, 1066, @leaveType1, '2026-07-01T00:00:00', '2026-07-02T00:00:00', 2, 'Personal reasons', 'Pending', GETUTCDATE(), 0);
INSERT INTO kumarcapstone_LeaveRequests (Id, EmployeeId, LeaveTypeId, StartDate, EndDate, TotalDays, Reason, Status, CreatedDate, IsDeleted) VALUES (1165, 1068, @leaveType1, '2026-07-01T00:00:00', '2026-07-02T00:00:00', 2, 'Personal reasons', 'Rejected', GETUTCDATE(), 0);
INSERT INTO kumarcapstone_LeaveRequests (Id, EmployeeId, LeaveTypeId, StartDate, EndDate, TotalDays, Reason, Status, CreatedDate, IsDeleted) VALUES (1166, 1051, @leaveType1, '2026-07-01T00:00:00', '2026-07-02T00:00:00', 2, 'Personal reasons', 'Pending', GETUTCDATE(), 0);
INSERT INTO kumarcapstone_LeaveRequests (Id, EmployeeId, LeaveTypeId, StartDate, EndDate, TotalDays, Reason, Status, CreatedDate, IsDeleted) VALUES (1167, 1065, @leaveType1, '2026-07-01T00:00:00', '2026-07-02T00:00:00', 2, 'Personal reasons', 'Rejected', GETUTCDATE(), 0);
INSERT INTO kumarcapstone_LeaveRequests (Id, EmployeeId, LeaveTypeId, StartDate, EndDate, TotalDays, Reason, Status, CreatedDate, IsDeleted) VALUES (1168, 1070, @leaveType1, '2026-07-01T00:00:00', '2026-07-02T00:00:00', 2, 'Personal reasons', 'Approved', GETUTCDATE(), 0);
INSERT INTO kumarcapstone_LeaveRequests (Id, EmployeeId, LeaveTypeId, StartDate, EndDate, TotalDays, Reason, Status, CreatedDate, IsDeleted) VALUES (1169, 1085, @leaveType1, '2026-07-01T00:00:00', '2026-07-02T00:00:00', 2, 'Personal reasons', 'Pending', GETUTCDATE(), 0);
INSERT INTO kumarcapstone_LeaveRequests (Id, EmployeeId, LeaveTypeId, StartDate, EndDate, TotalDays, Reason, Status, CreatedDate, IsDeleted) VALUES (1170, 1031, @leaveType1, '2026-07-01T00:00:00', '2026-07-02T00:00:00', 2, 'Personal reasons', 'Rejected', GETUTCDATE(), 0);
INSERT INTO kumarcapstone_LeaveRequests (Id, EmployeeId, LeaveTypeId, StartDate, EndDate, TotalDays, Reason, Status, CreatedDate, IsDeleted) VALUES (1171, 1049, @leaveType1, '2026-07-01T00:00:00', '2026-07-02T00:00:00', 2, 'Personal reasons', 'Approved', GETUTCDATE(), 0);
INSERT INTO kumarcapstone_LeaveRequests (Id, EmployeeId, LeaveTypeId, StartDate, EndDate, TotalDays, Reason, Status, CreatedDate, IsDeleted) VALUES (1172, 1049, @leaveType1, '2026-07-01T00:00:00', '2026-07-02T00:00:00', 2, 'Personal reasons', 'Approved', GETUTCDATE(), 0);
INSERT INTO kumarcapstone_LeaveRequests (Id, EmployeeId, LeaveTypeId, StartDate, EndDate, TotalDays, Reason, Status, CreatedDate, IsDeleted) VALUES (1173, 1084, @leaveType1, '2026-07-01T00:00:00', '2026-07-02T00:00:00', 2, 'Personal reasons', 'Approved', GETUTCDATE(), 0);
INSERT INTO kumarcapstone_LeaveRequests (Id, EmployeeId, LeaveTypeId, StartDate, EndDate, TotalDays, Reason, Status, CreatedDate, IsDeleted) VALUES (1174, 1069, @leaveType1, '2026-07-01T00:00:00', '2026-07-02T00:00:00', 2, 'Personal reasons', 'Approved', GETUTCDATE(), 0);
INSERT INTO kumarcapstone_LeaveRequests (Id, EmployeeId, LeaveTypeId, StartDate, EndDate, TotalDays, Reason, Status, CreatedDate, IsDeleted) VALUES (1175, 1018, @leaveType1, '2026-07-01T00:00:00', '2026-07-02T00:00:00', 2, 'Personal reasons', 'Approved', GETUTCDATE(), 0);
INSERT INTO kumarcapstone_LeaveRequests (Id, EmployeeId, LeaveTypeId, StartDate, EndDate, TotalDays, Reason, Status, CreatedDate, IsDeleted) VALUES (1176, 1090, @leaveType1, '2026-07-01T00:00:00', '2026-07-02T00:00:00', 2, 'Personal reasons', 'Pending', GETUTCDATE(), 0);
INSERT INTO kumarcapstone_LeaveRequests (Id, EmployeeId, LeaveTypeId, StartDate, EndDate, TotalDays, Reason, Status, CreatedDate, IsDeleted) VALUES (1177, 1081, @leaveType1, '2026-07-01T00:00:00', '2026-07-02T00:00:00', 2, 'Personal reasons', 'Approved', GETUTCDATE(), 0);
INSERT INTO kumarcapstone_LeaveRequests (Id, EmployeeId, LeaveTypeId, StartDate, EndDate, TotalDays, Reason, Status, CreatedDate, IsDeleted) VALUES (1178, 1071, @leaveType1, '2026-07-01T00:00:00', '2026-07-02T00:00:00', 2, 'Personal reasons', 'Approved', GETUTCDATE(), 0);
INSERT INTO kumarcapstone_LeaveRequests (Id, EmployeeId, LeaveTypeId, StartDate, EndDate, TotalDays, Reason, Status, CreatedDate, IsDeleted) VALUES (1179, 1069, @leaveType1, '2026-07-01T00:00:00', '2026-07-02T00:00:00', 2, 'Personal reasons', 'Rejected', GETUTCDATE(), 0);
INSERT INTO kumarcapstone_LeaveRequests (Id, EmployeeId, LeaveTypeId, StartDate, EndDate, TotalDays, Reason, Status, CreatedDate, IsDeleted) VALUES (1180, 1063, @leaveType1, '2026-07-01T00:00:00', '2026-07-02T00:00:00', 2, 'Personal reasons', 'Pending', GETUTCDATE(), 0);
INSERT INTO kumarcapstone_LeaveRequests (Id, EmployeeId, LeaveTypeId, StartDate, EndDate, TotalDays, Reason, Status, CreatedDate, IsDeleted) VALUES (1181, 1038, @leaveType1, '2026-07-01T00:00:00', '2026-07-02T00:00:00', 2, 'Personal reasons', 'Rejected', GETUTCDATE(), 0);
INSERT INTO kumarcapstone_LeaveRequests (Id, EmployeeId, LeaveTypeId, StartDate, EndDate, TotalDays, Reason, Status, CreatedDate, IsDeleted) VALUES (1182, 1021, @leaveType1, '2026-07-01T00:00:00', '2026-07-02T00:00:00', 2, 'Personal reasons', 'Rejected', GETUTCDATE(), 0);
INSERT INTO kumarcapstone_LeaveRequests (Id, EmployeeId, LeaveTypeId, StartDate, EndDate, TotalDays, Reason, Status, CreatedDate, IsDeleted) VALUES (1183, 1028, @leaveType1, '2026-07-01T00:00:00', '2026-07-02T00:00:00', 2, 'Personal reasons', 'Rejected', GETUTCDATE(), 0);
INSERT INTO kumarcapstone_LeaveRequests (Id, EmployeeId, LeaveTypeId, StartDate, EndDate, TotalDays, Reason, Status, CreatedDate, IsDeleted) VALUES (1184, 1042, @leaveType1, '2026-07-01T00:00:00', '2026-07-02T00:00:00', 2, 'Personal reasons', 'Pending', GETUTCDATE(), 0);
INSERT INTO kumarcapstone_LeaveRequests (Id, EmployeeId, LeaveTypeId, StartDate, EndDate, TotalDays, Reason, Status, CreatedDate, IsDeleted) VALUES (1185, 1049, @leaveType1, '2026-07-01T00:00:00', '2026-07-02T00:00:00', 2, 'Personal reasons', 'Rejected', GETUTCDATE(), 0);
INSERT INTO kumarcapstone_LeaveRequests (Id, EmployeeId, LeaveTypeId, StartDate, EndDate, TotalDays, Reason, Status, CreatedDate, IsDeleted) VALUES (1186, 1067, @leaveType1, '2026-07-01T00:00:00', '2026-07-02T00:00:00', 2, 'Personal reasons', 'Rejected', GETUTCDATE(), 0);
INSERT INTO kumarcapstone_LeaveRequests (Id, EmployeeId, LeaveTypeId, StartDate, EndDate, TotalDays, Reason, Status, CreatedDate, IsDeleted) VALUES (1187, 1024, @leaveType1, '2026-07-01T00:00:00', '2026-07-02T00:00:00', 2, 'Personal reasons', 'Rejected', GETUTCDATE(), 0);
INSERT INTO kumarcapstone_LeaveRequests (Id, EmployeeId, LeaveTypeId, StartDate, EndDate, TotalDays, Reason, Status, CreatedDate, IsDeleted) VALUES (1188, 1049, @leaveType1, '2026-07-01T00:00:00', '2026-07-02T00:00:00', 2, 'Personal reasons', 'Pending', GETUTCDATE(), 0);
INSERT INTO kumarcapstone_LeaveRequests (Id, EmployeeId, LeaveTypeId, StartDate, EndDate, TotalDays, Reason, Status, CreatedDate, IsDeleted) VALUES (1189, 1061, @leaveType1, '2026-07-01T00:00:00', '2026-07-02T00:00:00', 2, 'Personal reasons', 'Approved', GETUTCDATE(), 0);
INSERT INTO kumarcapstone_LeaveRequests (Id, EmployeeId, LeaveTypeId, StartDate, EndDate, TotalDays, Reason, Status, CreatedDate, IsDeleted) VALUES (1190, 1076, @leaveType1, '2026-07-01T00:00:00', '2026-07-02T00:00:00', 2, 'Personal reasons', 'Rejected', GETUTCDATE(), 0);
INSERT INTO kumarcapstone_LeaveRequests (Id, EmployeeId, LeaveTypeId, StartDate, EndDate, TotalDays, Reason, Status, CreatedDate, IsDeleted) VALUES (1191, 1054, @leaveType1, '2026-07-01T00:00:00', '2026-07-02T00:00:00', 2, 'Personal reasons', 'Approved', GETUTCDATE(), 0);
INSERT INTO kumarcapstone_LeaveRequests (Id, EmployeeId, LeaveTypeId, StartDate, EndDate, TotalDays, Reason, Status, CreatedDate, IsDeleted) VALUES (1192, 1080, @leaveType1, '2026-07-01T00:00:00', '2026-07-02T00:00:00', 2, 'Personal reasons', 'Approved', GETUTCDATE(), 0);
INSERT INTO kumarcapstone_LeaveRequests (Id, EmployeeId, LeaveTypeId, StartDate, EndDate, TotalDays, Reason, Status, CreatedDate, IsDeleted) VALUES (1193, 1063, @leaveType1, '2026-07-01T00:00:00', '2026-07-02T00:00:00', 2, 'Personal reasons', 'Rejected', GETUTCDATE(), 0);
INSERT INTO kumarcapstone_LeaveRequests (Id, EmployeeId, LeaveTypeId, StartDate, EndDate, TotalDays, Reason, Status, CreatedDate, IsDeleted) VALUES (1194, 1053, @leaveType1, '2026-07-01T00:00:00', '2026-07-02T00:00:00', 2, 'Personal reasons', 'Pending', GETUTCDATE(), 0);
INSERT INTO kumarcapstone_LeaveRequests (Id, EmployeeId, LeaveTypeId, StartDate, EndDate, TotalDays, Reason, Status, CreatedDate, IsDeleted) VALUES (1195, 1044, @leaveType1, '2026-07-01T00:00:00', '2026-07-02T00:00:00', 2, 'Personal reasons', 'Approved', GETUTCDATE(), 0);
INSERT INTO kumarcapstone_LeaveRequests (Id, EmployeeId, LeaveTypeId, StartDate, EndDate, TotalDays, Reason, Status, CreatedDate, IsDeleted) VALUES (1196, 1065, @leaveType1, '2026-07-01T00:00:00', '2026-07-02T00:00:00', 2, 'Personal reasons', 'Approved', GETUTCDATE(), 0);
INSERT INTO kumarcapstone_LeaveRequests (Id, EmployeeId, LeaveTypeId, StartDate, EndDate, TotalDays, Reason, Status, CreatedDate, IsDeleted) VALUES (1197, 1027, @leaveType1, '2026-07-01T00:00:00', '2026-07-02T00:00:00', 2, 'Personal reasons', 'Approved', GETUTCDATE(), 0);
INSERT INTO kumarcapstone_LeaveRequests (Id, EmployeeId, LeaveTypeId, StartDate, EndDate, TotalDays, Reason, Status, CreatedDate, IsDeleted) VALUES (1198, 1004, @leaveType1, '2026-07-01T00:00:00', '2026-07-02T00:00:00', 2, 'Personal reasons', 'Pending', GETUTCDATE(), 0);
INSERT INTO kumarcapstone_LeaveRequests (Id, EmployeeId, LeaveTypeId, StartDate, EndDate, TotalDays, Reason, Status, CreatedDate, IsDeleted) VALUES (1199, 1087, @leaveType1, '2026-07-01T00:00:00', '2026-07-02T00:00:00', 2, 'Personal reasons', 'Pending', GETUTCDATE(), 0);
INSERT INTO kumarcapstone_LeaveRequests (Id, EmployeeId, LeaveTypeId, StartDate, EndDate, TotalDays, Reason, Status, CreatedDate, IsDeleted) VALUES (1200, 1058, @leaveType1, '2026-07-01T00:00:00', '2026-07-02T00:00:00', 2, 'Personal reasons', 'Rejected', GETUTCDATE(), 0);
SET IDENTITY_INSERT kumarcapstone_LeaveRequests OFF;

PRINT 'Inserting Notifications...'
SET IDENTITY_INSERT kumarcapstone_Notifications ON;
INSERT INTO kumarcapstone_Notifications (Id, EmployeeId, Message, IsRead, Type, CreatedDate, IsDeleted) VALUES (1001, 1097, 'Leave Approved', 0, 'System', GETUTCDATE(), 0);
INSERT INTO kumarcapstone_Notifications (Id, EmployeeId, Message, IsRead, Type, CreatedDate, IsDeleted) VALUES (1002, 1025, 'Employee Updated', 1, 'System', GETUTCDATE(), 0);
INSERT INTO kumarcapstone_Notifications (Id, EmployeeId, Message, IsRead, Type, CreatedDate, IsDeleted) VALUES (1003, 1004, 'Employee Added', 0, 'System', GETUTCDATE(), 0);
INSERT INTO kumarcapstone_Notifications (Id, EmployeeId, Message, IsRead, Type, CreatedDate, IsDeleted) VALUES (1004, 1099, 'Employee Updated', 0, 'System', GETUTCDATE(), 0);
INSERT INTO kumarcapstone_Notifications (Id, EmployeeId, Message, IsRead, Type, CreatedDate, IsDeleted) VALUES (1005, 1004, 'Leave Approved', 1, 'System', GETUTCDATE(), 0);
INSERT INTO kumarcapstone_Notifications (Id, EmployeeId, Message, IsRead, Type, CreatedDate, IsDeleted) VALUES (1006, 1001, 'Leave Approved', 0, 'System', GETUTCDATE(), 0);
INSERT INTO kumarcapstone_Notifications (Id, EmployeeId, Message, IsRead, Type, CreatedDate, IsDeleted) VALUES (1007, 1006, 'Leave Approved', 0, 'System', GETUTCDATE(), 0);
INSERT INTO kumarcapstone_Notifications (Id, EmployeeId, Message, IsRead, Type, CreatedDate, IsDeleted) VALUES (1008, 1079, 'Employee Added', 1, 'System', GETUTCDATE(), 0);
INSERT INTO kumarcapstone_Notifications (Id, EmployeeId, Message, IsRead, Type, CreatedDate, IsDeleted) VALUES (1009, 1067, 'Department Created', 0, 'System', GETUTCDATE(), 0);
INSERT INTO kumarcapstone_Notifications (Id, EmployeeId, Message, IsRead, Type, CreatedDate, IsDeleted) VALUES (1010, 1021, 'Employee Added', 1, 'System', GETUTCDATE(), 0);
INSERT INTO kumarcapstone_Notifications (Id, EmployeeId, Message, IsRead, Type, CreatedDate, IsDeleted) VALUES (1011, 1046, 'Leave Request Submitted', 0, 'System', GETUTCDATE(), 0);
INSERT INTO kumarcapstone_Notifications (Id, EmployeeId, Message, IsRead, Type, CreatedDate, IsDeleted) VALUES (1012, 1033, 'Employee Added', 1, 'System', GETUTCDATE(), 0);
INSERT INTO kumarcapstone_Notifications (Id, EmployeeId, Message, IsRead, Type, CreatedDate, IsDeleted) VALUES (1013, 1078, 'Department Created', 1, 'System', GETUTCDATE(), 0);
INSERT INTO kumarcapstone_Notifications (Id, EmployeeId, Message, IsRead, Type, CreatedDate, IsDeleted) VALUES (1014, 1027, 'Employee Updated', 1, 'System', GETUTCDATE(), 0);
INSERT INTO kumarcapstone_Notifications (Id, EmployeeId, Message, IsRead, Type, CreatedDate, IsDeleted) VALUES (1015, 1047, 'Employee Updated', 0, 'System', GETUTCDATE(), 0);
INSERT INTO kumarcapstone_Notifications (Id, EmployeeId, Message, IsRead, Type, CreatedDate, IsDeleted) VALUES (1016, 1097, 'Employee Updated', 1, 'System', GETUTCDATE(), 0);
INSERT INTO kumarcapstone_Notifications (Id, EmployeeId, Message, IsRead, Type, CreatedDate, IsDeleted) VALUES (1017, 1015, 'Employee Updated', 1, 'System', GETUTCDATE(), 0);
INSERT INTO kumarcapstone_Notifications (Id, EmployeeId, Message, IsRead, Type, CreatedDate, IsDeleted) VALUES (1018, 1048, 'Leave Approved', 1, 'System', GETUTCDATE(), 0);
INSERT INTO kumarcapstone_Notifications (Id, EmployeeId, Message, IsRead, Type, CreatedDate, IsDeleted) VALUES (1019, 1097, 'Leave Approved', 1, 'System', GETUTCDATE(), 0);
INSERT INTO kumarcapstone_Notifications (Id, EmployeeId, Message, IsRead, Type, CreatedDate, IsDeleted) VALUES (1020, 1010, 'Department Created', 1, 'System', GETUTCDATE(), 0);
INSERT INTO kumarcapstone_Notifications (Id, EmployeeId, Message, IsRead, Type, CreatedDate, IsDeleted) VALUES (1021, 1076, 'Leave Request Submitted', 0, 'System', GETUTCDATE(), 0);
INSERT INTO kumarcapstone_Notifications (Id, EmployeeId, Message, IsRead, Type, CreatedDate, IsDeleted) VALUES (1022, 1089, 'Employee Updated', 0, 'System', GETUTCDATE(), 0);
INSERT INTO kumarcapstone_Notifications (Id, EmployeeId, Message, IsRead, Type, CreatedDate, IsDeleted) VALUES (1023, 1044, 'Employee Updated', 0, 'System', GETUTCDATE(), 0);
INSERT INTO kumarcapstone_Notifications (Id, EmployeeId, Message, IsRead, Type, CreatedDate, IsDeleted) VALUES (1024, 1014, 'Leave Approved', 0, 'System', GETUTCDATE(), 0);
INSERT INTO kumarcapstone_Notifications (Id, EmployeeId, Message, IsRead, Type, CreatedDate, IsDeleted) VALUES (1025, 1006, 'Employee Added', 0, 'System', GETUTCDATE(), 0);
INSERT INTO kumarcapstone_Notifications (Id, EmployeeId, Message, IsRead, Type, CreatedDate, IsDeleted) VALUES (1026, 1048, 'Department Created', 0, 'System', GETUTCDATE(), 0);
INSERT INTO kumarcapstone_Notifications (Id, EmployeeId, Message, IsRead, Type, CreatedDate, IsDeleted) VALUES (1027, 1025, 'Leave Request Submitted', 0, 'System', GETUTCDATE(), 0);
INSERT INTO kumarcapstone_Notifications (Id, EmployeeId, Message, IsRead, Type, CreatedDate, IsDeleted) VALUES (1028, 1064, 'Employee Updated', 0, 'System', GETUTCDATE(), 0);
INSERT INTO kumarcapstone_Notifications (Id, EmployeeId, Message, IsRead, Type, CreatedDate, IsDeleted) VALUES (1029, 1062, 'Employee Updated', 1, 'System', GETUTCDATE(), 0);
INSERT INTO kumarcapstone_Notifications (Id, EmployeeId, Message, IsRead, Type, CreatedDate, IsDeleted) VALUES (1030, 1096, 'Leave Request Submitted', 0, 'System', GETUTCDATE(), 0);
INSERT INTO kumarcapstone_Notifications (Id, EmployeeId, Message, IsRead, Type, CreatedDate, IsDeleted) VALUES (1031, 1031, 'Leave Request Submitted', 1, 'System', GETUTCDATE(), 0);
INSERT INTO kumarcapstone_Notifications (Id, EmployeeId, Message, IsRead, Type, CreatedDate, IsDeleted) VALUES (1032, 1071, 'Leave Request Submitted', 1, 'System', GETUTCDATE(), 0);
INSERT INTO kumarcapstone_Notifications (Id, EmployeeId, Message, IsRead, Type, CreatedDate, IsDeleted) VALUES (1033, 1069, 'Leave Request Submitted', 0, 'System', GETUTCDATE(), 0);
INSERT INTO kumarcapstone_Notifications (Id, EmployeeId, Message, IsRead, Type, CreatedDate, IsDeleted) VALUES (1034, 1056, 'Employee Updated', 1, 'System', GETUTCDATE(), 0);
INSERT INTO kumarcapstone_Notifications (Id, EmployeeId, Message, IsRead, Type, CreatedDate, IsDeleted) VALUES (1035, 1029, 'Department Created', 1, 'System', GETUTCDATE(), 0);
INSERT INTO kumarcapstone_Notifications (Id, EmployeeId, Message, IsRead, Type, CreatedDate, IsDeleted) VALUES (1036, 1074, 'Leave Request Submitted', 1, 'System', GETUTCDATE(), 0);
INSERT INTO kumarcapstone_Notifications (Id, EmployeeId, Message, IsRead, Type, CreatedDate, IsDeleted) VALUES (1037, 1047, 'Employee Added', 1, 'System', GETUTCDATE(), 0);
INSERT INTO kumarcapstone_Notifications (Id, EmployeeId, Message, IsRead, Type, CreatedDate, IsDeleted) VALUES (1038, 1041, 'Employee Updated', 0, 'System', GETUTCDATE(), 0);
INSERT INTO kumarcapstone_Notifications (Id, EmployeeId, Message, IsRead, Type, CreatedDate, IsDeleted) VALUES (1039, 1022, 'Leave Approved', 1, 'System', GETUTCDATE(), 0);
INSERT INTO kumarcapstone_Notifications (Id, EmployeeId, Message, IsRead, Type, CreatedDate, IsDeleted) VALUES (1040, 1072, 'Employee Added', 0, 'System', GETUTCDATE(), 0);
INSERT INTO kumarcapstone_Notifications (Id, EmployeeId, Message, IsRead, Type, CreatedDate, IsDeleted) VALUES (1041, 1047, 'Leave Approved', 0, 'System', GETUTCDATE(), 0);
INSERT INTO kumarcapstone_Notifications (Id, EmployeeId, Message, IsRead, Type, CreatedDate, IsDeleted) VALUES (1042, 1007, 'Employee Updated', 1, 'System', GETUTCDATE(), 0);
INSERT INTO kumarcapstone_Notifications (Id, EmployeeId, Message, IsRead, Type, CreatedDate, IsDeleted) VALUES (1043, 1068, 'Employee Added', 0, 'System', GETUTCDATE(), 0);
INSERT INTO kumarcapstone_Notifications (Id, EmployeeId, Message, IsRead, Type, CreatedDate, IsDeleted) VALUES (1044, 1099, 'Leave Request Submitted', 1, 'System', GETUTCDATE(), 0);
INSERT INTO kumarcapstone_Notifications (Id, EmployeeId, Message, IsRead, Type, CreatedDate, IsDeleted) VALUES (1045, 1083, 'Employee Updated', 0, 'System', GETUTCDATE(), 0);
INSERT INTO kumarcapstone_Notifications (Id, EmployeeId, Message, IsRead, Type, CreatedDate, IsDeleted) VALUES (1046, 1015, 'Employee Updated', 1, 'System', GETUTCDATE(), 0);
INSERT INTO kumarcapstone_Notifications (Id, EmployeeId, Message, IsRead, Type, CreatedDate, IsDeleted) VALUES (1047, 1060, 'Department Created', 1, 'System', GETUTCDATE(), 0);
INSERT INTO kumarcapstone_Notifications (Id, EmployeeId, Message, IsRead, Type, CreatedDate, IsDeleted) VALUES (1048, 1065, 'Employee Added', 0, 'System', GETUTCDATE(), 0);
INSERT INTO kumarcapstone_Notifications (Id, EmployeeId, Message, IsRead, Type, CreatedDate, IsDeleted) VALUES (1049, 1051, 'Employee Added', 1, 'System', GETUTCDATE(), 0);
INSERT INTO kumarcapstone_Notifications (Id, EmployeeId, Message, IsRead, Type, CreatedDate, IsDeleted) VALUES (1050, 1068, 'Leave Request Submitted', 0, 'System', GETUTCDATE(), 0);
INSERT INTO kumarcapstone_Notifications (Id, EmployeeId, Message, IsRead, Type, CreatedDate, IsDeleted) VALUES (1051, 1015, 'Leave Approved', 0, 'System', GETUTCDATE(), 0);
INSERT INTO kumarcapstone_Notifications (Id, EmployeeId, Message, IsRead, Type, CreatedDate, IsDeleted) VALUES (1052, 1009, 'Department Created', 0, 'System', GETUTCDATE(), 0);
INSERT INTO kumarcapstone_Notifications (Id, EmployeeId, Message, IsRead, Type, CreatedDate, IsDeleted) VALUES (1053, 1046, 'Department Created', 0, 'System', GETUTCDATE(), 0);
INSERT INTO kumarcapstone_Notifications (Id, EmployeeId, Message, IsRead, Type, CreatedDate, IsDeleted) VALUES (1054, 1097, 'Leave Approved', 0, 'System', GETUTCDATE(), 0);
INSERT INTO kumarcapstone_Notifications (Id, EmployeeId, Message, IsRead, Type, CreatedDate, IsDeleted) VALUES (1055, 1022, 'Employee Added', 0, 'System', GETUTCDATE(), 0);
INSERT INTO kumarcapstone_Notifications (Id, EmployeeId, Message, IsRead, Type, CreatedDate, IsDeleted) VALUES (1056, 1062, 'Leave Approved', 1, 'System', GETUTCDATE(), 0);
INSERT INTO kumarcapstone_Notifications (Id, EmployeeId, Message, IsRead, Type, CreatedDate, IsDeleted) VALUES (1057, 1050, 'Employee Added', 0, 'System', GETUTCDATE(), 0);
INSERT INTO kumarcapstone_Notifications (Id, EmployeeId, Message, IsRead, Type, CreatedDate, IsDeleted) VALUES (1058, 1008, 'Leave Approved', 0, 'System', GETUTCDATE(), 0);
INSERT INTO kumarcapstone_Notifications (Id, EmployeeId, Message, IsRead, Type, CreatedDate, IsDeleted) VALUES (1059, 1034, 'Employee Added', 1, 'System', GETUTCDATE(), 0);
INSERT INTO kumarcapstone_Notifications (Id, EmployeeId, Message, IsRead, Type, CreatedDate, IsDeleted) VALUES (1060, 1081, 'Leave Approved', 1, 'System', GETUTCDATE(), 0);
INSERT INTO kumarcapstone_Notifications (Id, EmployeeId, Message, IsRead, Type, CreatedDate, IsDeleted) VALUES (1061, 1027, 'Leave Request Submitted', 0, 'System', GETUTCDATE(), 0);
INSERT INTO kumarcapstone_Notifications (Id, EmployeeId, Message, IsRead, Type, CreatedDate, IsDeleted) VALUES (1062, 1089, 'Department Created', 0, 'System', GETUTCDATE(), 0);
INSERT INTO kumarcapstone_Notifications (Id, EmployeeId, Message, IsRead, Type, CreatedDate, IsDeleted) VALUES (1063, 1052, 'Leave Request Submitted', 0, 'System', GETUTCDATE(), 0);
INSERT INTO kumarcapstone_Notifications (Id, EmployeeId, Message, IsRead, Type, CreatedDate, IsDeleted) VALUES (1064, 1084, 'Leave Request Submitted', 0, 'System', GETUTCDATE(), 0);
INSERT INTO kumarcapstone_Notifications (Id, EmployeeId, Message, IsRead, Type, CreatedDate, IsDeleted) VALUES (1065, 1053, 'Employee Added', 0, 'System', GETUTCDATE(), 0);
INSERT INTO kumarcapstone_Notifications (Id, EmployeeId, Message, IsRead, Type, CreatedDate, IsDeleted) VALUES (1066, 1068, 'Employee Updated', 0, 'System', GETUTCDATE(), 0);
INSERT INTO kumarcapstone_Notifications (Id, EmployeeId, Message, IsRead, Type, CreatedDate, IsDeleted) VALUES (1067, 1002, 'Leave Request Submitted', 1, 'System', GETUTCDATE(), 0);
INSERT INTO kumarcapstone_Notifications (Id, EmployeeId, Message, IsRead, Type, CreatedDate, IsDeleted) VALUES (1068, 1093, 'Leave Approved', 1, 'System', GETUTCDATE(), 0);
INSERT INTO kumarcapstone_Notifications (Id, EmployeeId, Message, IsRead, Type, CreatedDate, IsDeleted) VALUES (1069, 1048, 'Employee Added', 1, 'System', GETUTCDATE(), 0);
INSERT INTO kumarcapstone_Notifications (Id, EmployeeId, Message, IsRead, Type, CreatedDate, IsDeleted) VALUES (1070, 1075, 'Leave Request Submitted', 1, 'System', GETUTCDATE(), 0);
INSERT INTO kumarcapstone_Notifications (Id, EmployeeId, Message, IsRead, Type, CreatedDate, IsDeleted) VALUES (1071, 1016, 'Employee Added', 1, 'System', GETUTCDATE(), 0);
INSERT INTO kumarcapstone_Notifications (Id, EmployeeId, Message, IsRead, Type, CreatedDate, IsDeleted) VALUES (1072, 1049, 'Department Created', 0, 'System', GETUTCDATE(), 0);
INSERT INTO kumarcapstone_Notifications (Id, EmployeeId, Message, IsRead, Type, CreatedDate, IsDeleted) VALUES (1073, 1080, 'Leave Approved', 0, 'System', GETUTCDATE(), 0);
INSERT INTO kumarcapstone_Notifications (Id, EmployeeId, Message, IsRead, Type, CreatedDate, IsDeleted) VALUES (1074, 1065, 'Employee Updated', 1, 'System', GETUTCDATE(), 0);
INSERT INTO kumarcapstone_Notifications (Id, EmployeeId, Message, IsRead, Type, CreatedDate, IsDeleted) VALUES (1075, 1097, 'Employee Added', 1, 'System', GETUTCDATE(), 0);
INSERT INTO kumarcapstone_Notifications (Id, EmployeeId, Message, IsRead, Type, CreatedDate, IsDeleted) VALUES (1076, 1070, 'Employee Added', 0, 'System', GETUTCDATE(), 0);
INSERT INTO kumarcapstone_Notifications (Id, EmployeeId, Message, IsRead, Type, CreatedDate, IsDeleted) VALUES (1077, 1018, 'Leave Request Submitted', 1, 'System', GETUTCDATE(), 0);
INSERT INTO kumarcapstone_Notifications (Id, EmployeeId, Message, IsRead, Type, CreatedDate, IsDeleted) VALUES (1078, 1055, 'Leave Request Submitted', 0, 'System', GETUTCDATE(), 0);
INSERT INTO kumarcapstone_Notifications (Id, EmployeeId, Message, IsRead, Type, CreatedDate, IsDeleted) VALUES (1079, 1005, 'Employee Added', 1, 'System', GETUTCDATE(), 0);
INSERT INTO kumarcapstone_Notifications (Id, EmployeeId, Message, IsRead, Type, CreatedDate, IsDeleted) VALUES (1080, 1019, 'Employee Updated', 1, 'System', GETUTCDATE(), 0);
INSERT INTO kumarcapstone_Notifications (Id, EmployeeId, Message, IsRead, Type, CreatedDate, IsDeleted) VALUES (1081, 1081, 'Leave Request Submitted', 1, 'System', GETUTCDATE(), 0);
INSERT INTO kumarcapstone_Notifications (Id, EmployeeId, Message, IsRead, Type, CreatedDate, IsDeleted) VALUES (1082, 1076, 'Department Created', 1, 'System', GETUTCDATE(), 0);
INSERT INTO kumarcapstone_Notifications (Id, EmployeeId, Message, IsRead, Type, CreatedDate, IsDeleted) VALUES (1083, 1086, 'Leave Approved', 0, 'System', GETUTCDATE(), 0);
INSERT INTO kumarcapstone_Notifications (Id, EmployeeId, Message, IsRead, Type, CreatedDate, IsDeleted) VALUES (1084, 1070, 'Employee Added', 1, 'System', GETUTCDATE(), 0);
INSERT INTO kumarcapstone_Notifications (Id, EmployeeId, Message, IsRead, Type, CreatedDate, IsDeleted) VALUES (1085, 1090, 'Employee Added', 0, 'System', GETUTCDATE(), 0);
INSERT INTO kumarcapstone_Notifications (Id, EmployeeId, Message, IsRead, Type, CreatedDate, IsDeleted) VALUES (1086, 1005, 'Leave Request Submitted', 1, 'System', GETUTCDATE(), 0);
INSERT INTO kumarcapstone_Notifications (Id, EmployeeId, Message, IsRead, Type, CreatedDate, IsDeleted) VALUES (1087, 1035, 'Leave Approved', 1, 'System', GETUTCDATE(), 0);
INSERT INTO kumarcapstone_Notifications (Id, EmployeeId, Message, IsRead, Type, CreatedDate, IsDeleted) VALUES (1088, 1074, 'Leave Request Submitted', 1, 'System', GETUTCDATE(), 0);
INSERT INTO kumarcapstone_Notifications (Id, EmployeeId, Message, IsRead, Type, CreatedDate, IsDeleted) VALUES (1089, 1027, 'Leave Approved', 0, 'System', GETUTCDATE(), 0);
INSERT INTO kumarcapstone_Notifications (Id, EmployeeId, Message, IsRead, Type, CreatedDate, IsDeleted) VALUES (1090, 1058, 'Employee Added', 0, 'System', GETUTCDATE(), 0);
INSERT INTO kumarcapstone_Notifications (Id, EmployeeId, Message, IsRead, Type, CreatedDate, IsDeleted) VALUES (1091, 1036, 'Leave Request Submitted', 0, 'System', GETUTCDATE(), 0);
INSERT INTO kumarcapstone_Notifications (Id, EmployeeId, Message, IsRead, Type, CreatedDate, IsDeleted) VALUES (1092, 1060, 'Employee Updated', 0, 'System', GETUTCDATE(), 0);
INSERT INTO kumarcapstone_Notifications (Id, EmployeeId, Message, IsRead, Type, CreatedDate, IsDeleted) VALUES (1093, 1001, 'Employee Added', 0, 'System', GETUTCDATE(), 0);
INSERT INTO kumarcapstone_Notifications (Id, EmployeeId, Message, IsRead, Type, CreatedDate, IsDeleted) VALUES (1094, 1075, 'Department Created', 1, 'System', GETUTCDATE(), 0);
INSERT INTO kumarcapstone_Notifications (Id, EmployeeId, Message, IsRead, Type, CreatedDate, IsDeleted) VALUES (1095, 1084, 'Employee Added', 1, 'System', GETUTCDATE(), 0);
INSERT INTO kumarcapstone_Notifications (Id, EmployeeId, Message, IsRead, Type, CreatedDate, IsDeleted) VALUES (1096, 1037, 'Leave Request Submitted', 0, 'System', GETUTCDATE(), 0);
INSERT INTO kumarcapstone_Notifications (Id, EmployeeId, Message, IsRead, Type, CreatedDate, IsDeleted) VALUES (1097, 1039, 'Leave Request Submitted', 0, 'System', GETUTCDATE(), 0);
INSERT INTO kumarcapstone_Notifications (Id, EmployeeId, Message, IsRead, Type, CreatedDate, IsDeleted) VALUES (1098, 1003, 'Leave Request Submitted', 1, 'System', GETUTCDATE(), 0);
INSERT INTO kumarcapstone_Notifications (Id, EmployeeId, Message, IsRead, Type, CreatedDate, IsDeleted) VALUES (1099, 1072, 'Employee Updated', 0, 'System', GETUTCDATE(), 0);
INSERT INTO kumarcapstone_Notifications (Id, EmployeeId, Message, IsRead, Type, CreatedDate, IsDeleted) VALUES (1100, 1049, 'Department Created', 1, 'System', GETUTCDATE(), 0);
INSERT INTO kumarcapstone_Notifications (Id, EmployeeId, Message, IsRead, Type, CreatedDate, IsDeleted) VALUES (1101, 1097, 'Department Created', 1, 'System', GETUTCDATE(), 0);
INSERT INTO kumarcapstone_Notifications (Id, EmployeeId, Message, IsRead, Type, CreatedDate, IsDeleted) VALUES (1102, 1065, 'Leave Request Submitted', 0, 'System', GETUTCDATE(), 0);
INSERT INTO kumarcapstone_Notifications (Id, EmployeeId, Message, IsRead, Type, CreatedDate, IsDeleted) VALUES (1103, 1030, 'Leave Request Submitted', 0, 'System', GETUTCDATE(), 0);
INSERT INTO kumarcapstone_Notifications (Id, EmployeeId, Message, IsRead, Type, CreatedDate, IsDeleted) VALUES (1104, 1013, 'Leave Request Submitted', 1, 'System', GETUTCDATE(), 0);
INSERT INTO kumarcapstone_Notifications (Id, EmployeeId, Message, IsRead, Type, CreatedDate, IsDeleted) VALUES (1105, 1061, 'Leave Approved', 0, 'System', GETUTCDATE(), 0);
INSERT INTO kumarcapstone_Notifications (Id, EmployeeId, Message, IsRead, Type, CreatedDate, IsDeleted) VALUES (1106, 1013, 'Leave Approved', 0, 'System', GETUTCDATE(), 0);
INSERT INTO kumarcapstone_Notifications (Id, EmployeeId, Message, IsRead, Type, CreatedDate, IsDeleted) VALUES (1107, 1100, 'Employee Added', 1, 'System', GETUTCDATE(), 0);
INSERT INTO kumarcapstone_Notifications (Id, EmployeeId, Message, IsRead, Type, CreatedDate, IsDeleted) VALUES (1108, 1004, 'Leave Request Submitted', 0, 'System', GETUTCDATE(), 0);
INSERT INTO kumarcapstone_Notifications (Id, EmployeeId, Message, IsRead, Type, CreatedDate, IsDeleted) VALUES (1109, 1030, 'Leave Approved', 0, 'System', GETUTCDATE(), 0);
INSERT INTO kumarcapstone_Notifications (Id, EmployeeId, Message, IsRead, Type, CreatedDate, IsDeleted) VALUES (1110, 1003, 'Leave Approved', 1, 'System', GETUTCDATE(), 0);
INSERT INTO kumarcapstone_Notifications (Id, EmployeeId, Message, IsRead, Type, CreatedDate, IsDeleted) VALUES (1111, 1024, 'Employee Updated', 1, 'System', GETUTCDATE(), 0);
INSERT INTO kumarcapstone_Notifications (Id, EmployeeId, Message, IsRead, Type, CreatedDate, IsDeleted) VALUES (1112, 1098, 'Department Created', 1, 'System', GETUTCDATE(), 0);
INSERT INTO kumarcapstone_Notifications (Id, EmployeeId, Message, IsRead, Type, CreatedDate, IsDeleted) VALUES (1113, 1001, 'Employee Updated', 0, 'System', GETUTCDATE(), 0);
INSERT INTO kumarcapstone_Notifications (Id, EmployeeId, Message, IsRead, Type, CreatedDate, IsDeleted) VALUES (1114, 1027, 'Employee Updated', 0, 'System', GETUTCDATE(), 0);
INSERT INTO kumarcapstone_Notifications (Id, EmployeeId, Message, IsRead, Type, CreatedDate, IsDeleted) VALUES (1115, 1088, 'Employee Added', 1, 'System', GETUTCDATE(), 0);
INSERT INTO kumarcapstone_Notifications (Id, EmployeeId, Message, IsRead, Type, CreatedDate, IsDeleted) VALUES (1116, 1007, 'Employee Updated', 1, 'System', GETUTCDATE(), 0);
INSERT INTO kumarcapstone_Notifications (Id, EmployeeId, Message, IsRead, Type, CreatedDate, IsDeleted) VALUES (1117, 1008, 'Department Created', 1, 'System', GETUTCDATE(), 0);
INSERT INTO kumarcapstone_Notifications (Id, EmployeeId, Message, IsRead, Type, CreatedDate, IsDeleted) VALUES (1118, 1024, 'Department Created', 0, 'System', GETUTCDATE(), 0);
INSERT INTO kumarcapstone_Notifications (Id, EmployeeId, Message, IsRead, Type, CreatedDate, IsDeleted) VALUES (1119, 1048, 'Employee Added', 1, 'System', GETUTCDATE(), 0);
INSERT INTO kumarcapstone_Notifications (Id, EmployeeId, Message, IsRead, Type, CreatedDate, IsDeleted) VALUES (1120, 1057, 'Leave Request Submitted', 0, 'System', GETUTCDATE(), 0);
INSERT INTO kumarcapstone_Notifications (Id, EmployeeId, Message, IsRead, Type, CreatedDate, IsDeleted) VALUES (1121, 1056, 'Employee Updated', 0, 'System', GETUTCDATE(), 0);
INSERT INTO kumarcapstone_Notifications (Id, EmployeeId, Message, IsRead, Type, CreatedDate, IsDeleted) VALUES (1122, 1043, 'Department Created', 1, 'System', GETUTCDATE(), 0);
INSERT INTO kumarcapstone_Notifications (Id, EmployeeId, Message, IsRead, Type, CreatedDate, IsDeleted) VALUES (1123, 1037, 'Leave Approved', 1, 'System', GETUTCDATE(), 0);
INSERT INTO kumarcapstone_Notifications (Id, EmployeeId, Message, IsRead, Type, CreatedDate, IsDeleted) VALUES (1124, 1084, 'Leave Request Submitted', 0, 'System', GETUTCDATE(), 0);
INSERT INTO kumarcapstone_Notifications (Id, EmployeeId, Message, IsRead, Type, CreatedDate, IsDeleted) VALUES (1125, 1078, 'Employee Added', 1, 'System', GETUTCDATE(), 0);
INSERT INTO kumarcapstone_Notifications (Id, EmployeeId, Message, IsRead, Type, CreatedDate, IsDeleted) VALUES (1126, 1042, 'Employee Updated', 1, 'System', GETUTCDATE(), 0);
INSERT INTO kumarcapstone_Notifications (Id, EmployeeId, Message, IsRead, Type, CreatedDate, IsDeleted) VALUES (1127, 1097, 'Leave Approved', 1, 'System', GETUTCDATE(), 0);
INSERT INTO kumarcapstone_Notifications (Id, EmployeeId, Message, IsRead, Type, CreatedDate, IsDeleted) VALUES (1128, 1084, 'Department Created', 1, 'System', GETUTCDATE(), 0);
INSERT INTO kumarcapstone_Notifications (Id, EmployeeId, Message, IsRead, Type, CreatedDate, IsDeleted) VALUES (1129, 1031, 'Leave Request Submitted', 1, 'System', GETUTCDATE(), 0);
INSERT INTO kumarcapstone_Notifications (Id, EmployeeId, Message, IsRead, Type, CreatedDate, IsDeleted) VALUES (1130, 1010, 'Leave Request Submitted', 0, 'System', GETUTCDATE(), 0);
INSERT INTO kumarcapstone_Notifications (Id, EmployeeId, Message, IsRead, Type, CreatedDate, IsDeleted) VALUES (1131, 1072, 'Department Created', 1, 'System', GETUTCDATE(), 0);
INSERT INTO kumarcapstone_Notifications (Id, EmployeeId, Message, IsRead, Type, CreatedDate, IsDeleted) VALUES (1132, 1005, 'Department Created', 0, 'System', GETUTCDATE(), 0);
INSERT INTO kumarcapstone_Notifications (Id, EmployeeId, Message, IsRead, Type, CreatedDate, IsDeleted) VALUES (1133, 1007, 'Employee Updated', 0, 'System', GETUTCDATE(), 0);
INSERT INTO kumarcapstone_Notifications (Id, EmployeeId, Message, IsRead, Type, CreatedDate, IsDeleted) VALUES (1134, 1094, 'Department Created', 0, 'System', GETUTCDATE(), 0);
INSERT INTO kumarcapstone_Notifications (Id, EmployeeId, Message, IsRead, Type, CreatedDate, IsDeleted) VALUES (1135, 1065, 'Employee Added', 0, 'System', GETUTCDATE(), 0);
INSERT INTO kumarcapstone_Notifications (Id, EmployeeId, Message, IsRead, Type, CreatedDate, IsDeleted) VALUES (1136, 1051, 'Leave Request Submitted', 0, 'System', GETUTCDATE(), 0);
INSERT INTO kumarcapstone_Notifications (Id, EmployeeId, Message, IsRead, Type, CreatedDate, IsDeleted) VALUES (1137, 1064, 'Department Created', 0, 'System', GETUTCDATE(), 0);
INSERT INTO kumarcapstone_Notifications (Id, EmployeeId, Message, IsRead, Type, CreatedDate, IsDeleted) VALUES (1138, 1070, 'Department Created', 0, 'System', GETUTCDATE(), 0);
INSERT INTO kumarcapstone_Notifications (Id, EmployeeId, Message, IsRead, Type, CreatedDate, IsDeleted) VALUES (1139, 1076, 'Leave Request Submitted', 0, 'System', GETUTCDATE(), 0);
INSERT INTO kumarcapstone_Notifications (Id, EmployeeId, Message, IsRead, Type, CreatedDate, IsDeleted) VALUES (1140, 1082, 'Employee Updated', 0, 'System', GETUTCDATE(), 0);
INSERT INTO kumarcapstone_Notifications (Id, EmployeeId, Message, IsRead, Type, CreatedDate, IsDeleted) VALUES (1141, 1038, 'Employee Added', 1, 'System', GETUTCDATE(), 0);
INSERT INTO kumarcapstone_Notifications (Id, EmployeeId, Message, IsRead, Type, CreatedDate, IsDeleted) VALUES (1142, 1005, 'Department Created', 0, 'System', GETUTCDATE(), 0);
INSERT INTO kumarcapstone_Notifications (Id, EmployeeId, Message, IsRead, Type, CreatedDate, IsDeleted) VALUES (1143, 1006, 'Employee Added', 0, 'System', GETUTCDATE(), 0);
INSERT INTO kumarcapstone_Notifications (Id, EmployeeId, Message, IsRead, Type, CreatedDate, IsDeleted) VALUES (1144, 1042, 'Department Created', 0, 'System', GETUTCDATE(), 0);
INSERT INTO kumarcapstone_Notifications (Id, EmployeeId, Message, IsRead, Type, CreatedDate, IsDeleted) VALUES (1145, 1014, 'Employee Added', 1, 'System', GETUTCDATE(), 0);
INSERT INTO kumarcapstone_Notifications (Id, EmployeeId, Message, IsRead, Type, CreatedDate, IsDeleted) VALUES (1146, 1085, 'Employee Updated', 0, 'System', GETUTCDATE(), 0);
INSERT INTO kumarcapstone_Notifications (Id, EmployeeId, Message, IsRead, Type, CreatedDate, IsDeleted) VALUES (1147, 1038, 'Leave Approved', 0, 'System', GETUTCDATE(), 0);
INSERT INTO kumarcapstone_Notifications (Id, EmployeeId, Message, IsRead, Type, CreatedDate, IsDeleted) VALUES (1148, 1085, 'Leave Approved', 0, 'System', GETUTCDATE(), 0);
INSERT INTO kumarcapstone_Notifications (Id, EmployeeId, Message, IsRead, Type, CreatedDate, IsDeleted) VALUES (1149, 1068, 'Employee Updated', 0, 'System', GETUTCDATE(), 0);
INSERT INTO kumarcapstone_Notifications (Id, EmployeeId, Message, IsRead, Type, CreatedDate, IsDeleted) VALUES (1150, 1009, 'Department Created', 0, 'System', GETUTCDATE(), 0);
INSERT INTO kumarcapstone_Notifications (Id, EmployeeId, Message, IsRead, Type, CreatedDate, IsDeleted) VALUES (1151, 1027, 'Employee Added', 1, 'System', GETUTCDATE(), 0);
INSERT INTO kumarcapstone_Notifications (Id, EmployeeId, Message, IsRead, Type, CreatedDate, IsDeleted) VALUES (1152, 1052, 'Leave Approved', 1, 'System', GETUTCDATE(), 0);
INSERT INTO kumarcapstone_Notifications (Id, EmployeeId, Message, IsRead, Type, CreatedDate, IsDeleted) VALUES (1153, 1016, 'Department Created', 1, 'System', GETUTCDATE(), 0);
INSERT INTO kumarcapstone_Notifications (Id, EmployeeId, Message, IsRead, Type, CreatedDate, IsDeleted) VALUES (1154, 1064, 'Employee Updated', 0, 'System', GETUTCDATE(), 0);
INSERT INTO kumarcapstone_Notifications (Id, EmployeeId, Message, IsRead, Type, CreatedDate, IsDeleted) VALUES (1155, 1013, 'Department Created', 1, 'System', GETUTCDATE(), 0);
INSERT INTO kumarcapstone_Notifications (Id, EmployeeId, Message, IsRead, Type, CreatedDate, IsDeleted) VALUES (1156, 1008, 'Employee Updated', 0, 'System', GETUTCDATE(), 0);
INSERT INTO kumarcapstone_Notifications (Id, EmployeeId, Message, IsRead, Type, CreatedDate, IsDeleted) VALUES (1157, 1013, 'Employee Updated', 1, 'System', GETUTCDATE(), 0);
INSERT INTO kumarcapstone_Notifications (Id, EmployeeId, Message, IsRead, Type, CreatedDate, IsDeleted) VALUES (1158, 1042, 'Leave Approved', 1, 'System', GETUTCDATE(), 0);
INSERT INTO kumarcapstone_Notifications (Id, EmployeeId, Message, IsRead, Type, CreatedDate, IsDeleted) VALUES (1159, 1002, 'Leave Request Submitted', 0, 'System', GETUTCDATE(), 0);
INSERT INTO kumarcapstone_Notifications (Id, EmployeeId, Message, IsRead, Type, CreatedDate, IsDeleted) VALUES (1160, 1001, 'Leave Request Submitted', 1, 'System', GETUTCDATE(), 0);
INSERT INTO kumarcapstone_Notifications (Id, EmployeeId, Message, IsRead, Type, CreatedDate, IsDeleted) VALUES (1161, 1094, 'Leave Approved', 1, 'System', GETUTCDATE(), 0);
INSERT INTO kumarcapstone_Notifications (Id, EmployeeId, Message, IsRead, Type, CreatedDate, IsDeleted) VALUES (1162, 1077, 'Employee Added', 1, 'System', GETUTCDATE(), 0);
INSERT INTO kumarcapstone_Notifications (Id, EmployeeId, Message, IsRead, Type, CreatedDate, IsDeleted) VALUES (1163, 1090, 'Department Created', 1, 'System', GETUTCDATE(), 0);
INSERT INTO kumarcapstone_Notifications (Id, EmployeeId, Message, IsRead, Type, CreatedDate, IsDeleted) VALUES (1164, 1060, 'Leave Request Submitted', 1, 'System', GETUTCDATE(), 0);
INSERT INTO kumarcapstone_Notifications (Id, EmployeeId, Message, IsRead, Type, CreatedDate, IsDeleted) VALUES (1165, 1084, 'Employee Added', 0, 'System', GETUTCDATE(), 0);
INSERT INTO kumarcapstone_Notifications (Id, EmployeeId, Message, IsRead, Type, CreatedDate, IsDeleted) VALUES (1166, 1025, 'Employee Updated', 0, 'System', GETUTCDATE(), 0);
INSERT INTO kumarcapstone_Notifications (Id, EmployeeId, Message, IsRead, Type, CreatedDate, IsDeleted) VALUES (1167, 1003, 'Employee Added', 0, 'System', GETUTCDATE(), 0);
INSERT INTO kumarcapstone_Notifications (Id, EmployeeId, Message, IsRead, Type, CreatedDate, IsDeleted) VALUES (1168, 1016, 'Employee Added', 1, 'System', GETUTCDATE(), 0);
INSERT INTO kumarcapstone_Notifications (Id, EmployeeId, Message, IsRead, Type, CreatedDate, IsDeleted) VALUES (1169, 1089, 'Leave Approved', 0, 'System', GETUTCDATE(), 0);
INSERT INTO kumarcapstone_Notifications (Id, EmployeeId, Message, IsRead, Type, CreatedDate, IsDeleted) VALUES (1170, 1088, 'Employee Updated', 0, 'System', GETUTCDATE(), 0);
INSERT INTO kumarcapstone_Notifications (Id, EmployeeId, Message, IsRead, Type, CreatedDate, IsDeleted) VALUES (1171, 1072, 'Leave Approved', 0, 'System', GETUTCDATE(), 0);
INSERT INTO kumarcapstone_Notifications (Id, EmployeeId, Message, IsRead, Type, CreatedDate, IsDeleted) VALUES (1172, 1004, 'Department Created', 1, 'System', GETUTCDATE(), 0);
INSERT INTO kumarcapstone_Notifications (Id, EmployeeId, Message, IsRead, Type, CreatedDate, IsDeleted) VALUES (1173, 1084, 'Employee Added', 0, 'System', GETUTCDATE(), 0);
INSERT INTO kumarcapstone_Notifications (Id, EmployeeId, Message, IsRead, Type, CreatedDate, IsDeleted) VALUES (1174, 1036, 'Department Created', 1, 'System', GETUTCDATE(), 0);
INSERT INTO kumarcapstone_Notifications (Id, EmployeeId, Message, IsRead, Type, CreatedDate, IsDeleted) VALUES (1175, 1066, 'Employee Updated', 0, 'System', GETUTCDATE(), 0);
INSERT INTO kumarcapstone_Notifications (Id, EmployeeId, Message, IsRead, Type, CreatedDate, IsDeleted) VALUES (1176, 1003, 'Leave Approved', 1, 'System', GETUTCDATE(), 0);
INSERT INTO kumarcapstone_Notifications (Id, EmployeeId, Message, IsRead, Type, CreatedDate, IsDeleted) VALUES (1177, 1022, 'Leave Request Submitted', 0, 'System', GETUTCDATE(), 0);
INSERT INTO kumarcapstone_Notifications (Id, EmployeeId, Message, IsRead, Type, CreatedDate, IsDeleted) VALUES (1178, 1063, 'Employee Added', 1, 'System', GETUTCDATE(), 0);
INSERT INTO kumarcapstone_Notifications (Id, EmployeeId, Message, IsRead, Type, CreatedDate, IsDeleted) VALUES (1179, 1042, 'Department Created', 1, 'System', GETUTCDATE(), 0);
INSERT INTO kumarcapstone_Notifications (Id, EmployeeId, Message, IsRead, Type, CreatedDate, IsDeleted) VALUES (1180, 1006, 'Employee Updated', 0, 'System', GETUTCDATE(), 0);
INSERT INTO kumarcapstone_Notifications (Id, EmployeeId, Message, IsRead, Type, CreatedDate, IsDeleted) VALUES (1181, 1019, 'Leave Approved', 0, 'System', GETUTCDATE(), 0);
INSERT INTO kumarcapstone_Notifications (Id, EmployeeId, Message, IsRead, Type, CreatedDate, IsDeleted) VALUES (1182, 1038, 'Employee Updated', 0, 'System', GETUTCDATE(), 0);
INSERT INTO kumarcapstone_Notifications (Id, EmployeeId, Message, IsRead, Type, CreatedDate, IsDeleted) VALUES (1183, 1100, 'Leave Approved', 0, 'System', GETUTCDATE(), 0);
INSERT INTO kumarcapstone_Notifications (Id, EmployeeId, Message, IsRead, Type, CreatedDate, IsDeleted) VALUES (1184, 1024, 'Employee Added', 0, 'System', GETUTCDATE(), 0);
INSERT INTO kumarcapstone_Notifications (Id, EmployeeId, Message, IsRead, Type, CreatedDate, IsDeleted) VALUES (1185, 1019, 'Department Created', 0, 'System', GETUTCDATE(), 0);
INSERT INTO kumarcapstone_Notifications (Id, EmployeeId, Message, IsRead, Type, CreatedDate, IsDeleted) VALUES (1186, 1060, 'Leave Approved', 0, 'System', GETUTCDATE(), 0);
INSERT INTO kumarcapstone_Notifications (Id, EmployeeId, Message, IsRead, Type, CreatedDate, IsDeleted) VALUES (1187, 1019, 'Employee Updated', 1, 'System', GETUTCDATE(), 0);
INSERT INTO kumarcapstone_Notifications (Id, EmployeeId, Message, IsRead, Type, CreatedDate, IsDeleted) VALUES (1188, 1085, 'Employee Added', 0, 'System', GETUTCDATE(), 0);
INSERT INTO kumarcapstone_Notifications (Id, EmployeeId, Message, IsRead, Type, CreatedDate, IsDeleted) VALUES (1189, 1018, 'Leave Approved', 1, 'System', GETUTCDATE(), 0);
INSERT INTO kumarcapstone_Notifications (Id, EmployeeId, Message, IsRead, Type, CreatedDate, IsDeleted) VALUES (1190, 1085, 'Employee Added', 0, 'System', GETUTCDATE(), 0);
INSERT INTO kumarcapstone_Notifications (Id, EmployeeId, Message, IsRead, Type, CreatedDate, IsDeleted) VALUES (1191, 1055, 'Leave Request Submitted', 1, 'System', GETUTCDATE(), 0);
INSERT INTO kumarcapstone_Notifications (Id, EmployeeId, Message, IsRead, Type, CreatedDate, IsDeleted) VALUES (1192, 1010, 'Leave Approved', 0, 'System', GETUTCDATE(), 0);
INSERT INTO kumarcapstone_Notifications (Id, EmployeeId, Message, IsRead, Type, CreatedDate, IsDeleted) VALUES (1193, 1015, 'Department Created', 0, 'System', GETUTCDATE(), 0);
INSERT INTO kumarcapstone_Notifications (Id, EmployeeId, Message, IsRead, Type, CreatedDate, IsDeleted) VALUES (1194, 1070, 'Leave Request Submitted', 1, 'System', GETUTCDATE(), 0);
INSERT INTO kumarcapstone_Notifications (Id, EmployeeId, Message, IsRead, Type, CreatedDate, IsDeleted) VALUES (1195, 1051, 'Department Created', 0, 'System', GETUTCDATE(), 0);
INSERT INTO kumarcapstone_Notifications (Id, EmployeeId, Message, IsRead, Type, CreatedDate, IsDeleted) VALUES (1196, 1059, 'Leave Approved', 0, 'System', GETUTCDATE(), 0);
INSERT INTO kumarcapstone_Notifications (Id, EmployeeId, Message, IsRead, Type, CreatedDate, IsDeleted) VALUES (1197, 1090, 'Department Created', 0, 'System', GETUTCDATE(), 0);
INSERT INTO kumarcapstone_Notifications (Id, EmployeeId, Message, IsRead, Type, CreatedDate, IsDeleted) VALUES (1198, 1082, 'Employee Added', 1, 'System', GETUTCDATE(), 0);
INSERT INTO kumarcapstone_Notifications (Id, EmployeeId, Message, IsRead, Type, CreatedDate, IsDeleted) VALUES (1199, 1061, 'Leave Request Submitted', 0, 'System', GETUTCDATE(), 0);
INSERT INTO kumarcapstone_Notifications (Id, EmployeeId, Message, IsRead, Type, CreatedDate, IsDeleted) VALUES (1200, 1025, 'Leave Request Submitted', 1, 'System', GETUTCDATE(), 0);
INSERT INTO kumarcapstone_Notifications (Id, EmployeeId, Message, IsRead, Type, CreatedDate, IsDeleted) VALUES (1201, 1011, 'Leave Request Submitted', 1, 'System', GETUTCDATE(), 0);
INSERT INTO kumarcapstone_Notifications (Id, EmployeeId, Message, IsRead, Type, CreatedDate, IsDeleted) VALUES (1202, 1054, 'Department Created', 1, 'System', GETUTCDATE(), 0);
INSERT INTO kumarcapstone_Notifications (Id, EmployeeId, Message, IsRead, Type, CreatedDate, IsDeleted) VALUES (1203, 1060, 'Employee Updated', 0, 'System', GETUTCDATE(), 0);
INSERT INTO kumarcapstone_Notifications (Id, EmployeeId, Message, IsRead, Type, CreatedDate, IsDeleted) VALUES (1204, 1053, 'Employee Added', 1, 'System', GETUTCDATE(), 0);
INSERT INTO kumarcapstone_Notifications (Id, EmployeeId, Message, IsRead, Type, CreatedDate, IsDeleted) VALUES (1205, 1085, 'Department Created', 1, 'System', GETUTCDATE(), 0);
INSERT INTO kumarcapstone_Notifications (Id, EmployeeId, Message, IsRead, Type, CreatedDate, IsDeleted) VALUES (1206, 1050, 'Leave Request Submitted', 1, 'System', GETUTCDATE(), 0);
INSERT INTO kumarcapstone_Notifications (Id, EmployeeId, Message, IsRead, Type, CreatedDate, IsDeleted) VALUES (1207, 1020, 'Department Created', 1, 'System', GETUTCDATE(), 0);
INSERT INTO kumarcapstone_Notifications (Id, EmployeeId, Message, IsRead, Type, CreatedDate, IsDeleted) VALUES (1208, 1007, 'Employee Updated', 0, 'System', GETUTCDATE(), 0);
INSERT INTO kumarcapstone_Notifications (Id, EmployeeId, Message, IsRead, Type, CreatedDate, IsDeleted) VALUES (1209, 1074, 'Department Created', 0, 'System', GETUTCDATE(), 0);
INSERT INTO kumarcapstone_Notifications (Id, EmployeeId, Message, IsRead, Type, CreatedDate, IsDeleted) VALUES (1210, 1009, 'Department Created', 1, 'System', GETUTCDATE(), 0);
INSERT INTO kumarcapstone_Notifications (Id, EmployeeId, Message, IsRead, Type, CreatedDate, IsDeleted) VALUES (1211, 1041, 'Employee Updated', 0, 'System', GETUTCDATE(), 0);
INSERT INTO kumarcapstone_Notifications (Id, EmployeeId, Message, IsRead, Type, CreatedDate, IsDeleted) VALUES (1212, 1035, 'Leave Request Submitted', 1, 'System', GETUTCDATE(), 0);
INSERT INTO kumarcapstone_Notifications (Id, EmployeeId, Message, IsRead, Type, CreatedDate, IsDeleted) VALUES (1213, 1039, 'Employee Added', 0, 'System', GETUTCDATE(), 0);
INSERT INTO kumarcapstone_Notifications (Id, EmployeeId, Message, IsRead, Type, CreatedDate, IsDeleted) VALUES (1214, 1027, 'Leave Approved', 1, 'System', GETUTCDATE(), 0);
INSERT INTO kumarcapstone_Notifications (Id, EmployeeId, Message, IsRead, Type, CreatedDate, IsDeleted) VALUES (1215, 1001, 'Department Created', 1, 'System', GETUTCDATE(), 0);
INSERT INTO kumarcapstone_Notifications (Id, EmployeeId, Message, IsRead, Type, CreatedDate, IsDeleted) VALUES (1216, 1037, 'Department Created', 1, 'System', GETUTCDATE(), 0);
INSERT INTO kumarcapstone_Notifications (Id, EmployeeId, Message, IsRead, Type, CreatedDate, IsDeleted) VALUES (1217, 1099, 'Employee Added', 1, 'System', GETUTCDATE(), 0);
INSERT INTO kumarcapstone_Notifications (Id, EmployeeId, Message, IsRead, Type, CreatedDate, IsDeleted) VALUES (1218, 1013, 'Department Created', 1, 'System', GETUTCDATE(), 0);
INSERT INTO kumarcapstone_Notifications (Id, EmployeeId, Message, IsRead, Type, CreatedDate, IsDeleted) VALUES (1219, 1072, 'Leave Approved', 0, 'System', GETUTCDATE(), 0);
INSERT INTO kumarcapstone_Notifications (Id, EmployeeId, Message, IsRead, Type, CreatedDate, IsDeleted) VALUES (1220, 1053, 'Employee Added', 0, 'System', GETUTCDATE(), 0);
INSERT INTO kumarcapstone_Notifications (Id, EmployeeId, Message, IsRead, Type, CreatedDate, IsDeleted) VALUES (1221, 1045, 'Department Created', 1, 'System', GETUTCDATE(), 0);
INSERT INTO kumarcapstone_Notifications (Id, EmployeeId, Message, IsRead, Type, CreatedDate, IsDeleted) VALUES (1222, 1006, 'Employee Added', 0, 'System', GETUTCDATE(), 0);
INSERT INTO kumarcapstone_Notifications (Id, EmployeeId, Message, IsRead, Type, CreatedDate, IsDeleted) VALUES (1223, 1084, 'Employee Updated', 0, 'System', GETUTCDATE(), 0);
INSERT INTO kumarcapstone_Notifications (Id, EmployeeId, Message, IsRead, Type, CreatedDate, IsDeleted) VALUES (1224, 1062, 'Leave Request Submitted', 0, 'System', GETUTCDATE(), 0);
INSERT INTO kumarcapstone_Notifications (Id, EmployeeId, Message, IsRead, Type, CreatedDate, IsDeleted) VALUES (1225, 1026, 'Department Created', 1, 'System', GETUTCDATE(), 0);
INSERT INTO kumarcapstone_Notifications (Id, EmployeeId, Message, IsRead, Type, CreatedDate, IsDeleted) VALUES (1226, 1020, 'Employee Added', 0, 'System', GETUTCDATE(), 0);
INSERT INTO kumarcapstone_Notifications (Id, EmployeeId, Message, IsRead, Type, CreatedDate, IsDeleted) VALUES (1227, 1007, 'Department Created', 1, 'System', GETUTCDATE(), 0);
INSERT INTO kumarcapstone_Notifications (Id, EmployeeId, Message, IsRead, Type, CreatedDate, IsDeleted) VALUES (1228, 1008, 'Employee Added', 1, 'System', GETUTCDATE(), 0);
INSERT INTO kumarcapstone_Notifications (Id, EmployeeId, Message, IsRead, Type, CreatedDate, IsDeleted) VALUES (1229, 1084, 'Employee Added', 1, 'System', GETUTCDATE(), 0);
INSERT INTO kumarcapstone_Notifications (Id, EmployeeId, Message, IsRead, Type, CreatedDate, IsDeleted) VALUES (1230, 1045, 'Department Created', 0, 'System', GETUTCDATE(), 0);
INSERT INTO kumarcapstone_Notifications (Id, EmployeeId, Message, IsRead, Type, CreatedDate, IsDeleted) VALUES (1231, 1047, 'Employee Updated', 1, 'System', GETUTCDATE(), 0);
INSERT INTO kumarcapstone_Notifications (Id, EmployeeId, Message, IsRead, Type, CreatedDate, IsDeleted) VALUES (1232, 1037, 'Leave Approved', 1, 'System', GETUTCDATE(), 0);
INSERT INTO kumarcapstone_Notifications (Id, EmployeeId, Message, IsRead, Type, CreatedDate, IsDeleted) VALUES (1233, 1025, 'Employee Updated', 0, 'System', GETUTCDATE(), 0);
INSERT INTO kumarcapstone_Notifications (Id, EmployeeId, Message, IsRead, Type, CreatedDate, IsDeleted) VALUES (1234, 1009, 'Employee Updated', 0, 'System', GETUTCDATE(), 0);
INSERT INTO kumarcapstone_Notifications (Id, EmployeeId, Message, IsRead, Type, CreatedDate, IsDeleted) VALUES (1235, 1045, 'Leave Request Submitted', 0, 'System', GETUTCDATE(), 0);
INSERT INTO kumarcapstone_Notifications (Id, EmployeeId, Message, IsRead, Type, CreatedDate, IsDeleted) VALUES (1236, 1011, 'Leave Approved', 1, 'System', GETUTCDATE(), 0);
INSERT INTO kumarcapstone_Notifications (Id, EmployeeId, Message, IsRead, Type, CreatedDate, IsDeleted) VALUES (1237, 1003, 'Department Created', 1, 'System', GETUTCDATE(), 0);
INSERT INTO kumarcapstone_Notifications (Id, EmployeeId, Message, IsRead, Type, CreatedDate, IsDeleted) VALUES (1238, 1096, 'Leave Request Submitted', 0, 'System', GETUTCDATE(), 0);
INSERT INTO kumarcapstone_Notifications (Id, EmployeeId, Message, IsRead, Type, CreatedDate, IsDeleted) VALUES (1239, 1090, 'Department Created', 0, 'System', GETUTCDATE(), 0);
INSERT INTO kumarcapstone_Notifications (Id, EmployeeId, Message, IsRead, Type, CreatedDate, IsDeleted) VALUES (1240, 1003, 'Leave Request Submitted', 0, 'System', GETUTCDATE(), 0);
INSERT INTO kumarcapstone_Notifications (Id, EmployeeId, Message, IsRead, Type, CreatedDate, IsDeleted) VALUES (1241, 1062, 'Employee Added', 1, 'System', GETUTCDATE(), 0);
INSERT INTO kumarcapstone_Notifications (Id, EmployeeId, Message, IsRead, Type, CreatedDate, IsDeleted) VALUES (1242, 1042, 'Employee Updated', 1, 'System', GETUTCDATE(), 0);
INSERT INTO kumarcapstone_Notifications (Id, EmployeeId, Message, IsRead, Type, CreatedDate, IsDeleted) VALUES (1243, 1089, 'Employee Updated', 0, 'System', GETUTCDATE(), 0);
INSERT INTO kumarcapstone_Notifications (Id, EmployeeId, Message, IsRead, Type, CreatedDate, IsDeleted) VALUES (1244, 1063, 'Employee Updated', 0, 'System', GETUTCDATE(), 0);
INSERT INTO kumarcapstone_Notifications (Id, EmployeeId, Message, IsRead, Type, CreatedDate, IsDeleted) VALUES (1245, 1040, 'Leave Request Submitted', 0, 'System', GETUTCDATE(), 0);
INSERT INTO kumarcapstone_Notifications (Id, EmployeeId, Message, IsRead, Type, CreatedDate, IsDeleted) VALUES (1246, 1008, 'Leave Approved', 0, 'System', GETUTCDATE(), 0);
INSERT INTO kumarcapstone_Notifications (Id, EmployeeId, Message, IsRead, Type, CreatedDate, IsDeleted) VALUES (1247, 1012, 'Leave Approved', 1, 'System', GETUTCDATE(), 0);
INSERT INTO kumarcapstone_Notifications (Id, EmployeeId, Message, IsRead, Type, CreatedDate, IsDeleted) VALUES (1248, 1029, 'Leave Request Submitted', 1, 'System', GETUTCDATE(), 0);
INSERT INTO kumarcapstone_Notifications (Id, EmployeeId, Message, IsRead, Type, CreatedDate, IsDeleted) VALUES (1249, 1003, 'Department Created', 0, 'System', GETUTCDATE(), 0);
INSERT INTO kumarcapstone_Notifications (Id, EmployeeId, Message, IsRead, Type, CreatedDate, IsDeleted) VALUES (1250, 1045, 'Leave Request Submitted', 1, 'System', GETUTCDATE(), 0);
INSERT INTO kumarcapstone_Notifications (Id, EmployeeId, Message, IsRead, Type, CreatedDate, IsDeleted) VALUES (1251, 1046, 'Leave Request Submitted', 0, 'System', GETUTCDATE(), 0);
INSERT INTO kumarcapstone_Notifications (Id, EmployeeId, Message, IsRead, Type, CreatedDate, IsDeleted) VALUES (1252, 1091, 'Employee Added', 0, 'System', GETUTCDATE(), 0);
INSERT INTO kumarcapstone_Notifications (Id, EmployeeId, Message, IsRead, Type, CreatedDate, IsDeleted) VALUES (1253, 1017, 'Leave Approved', 1, 'System', GETUTCDATE(), 0);
INSERT INTO kumarcapstone_Notifications (Id, EmployeeId, Message, IsRead, Type, CreatedDate, IsDeleted) VALUES (1254, 1055, 'Employee Added', 0, 'System', GETUTCDATE(), 0);
INSERT INTO kumarcapstone_Notifications (Id, EmployeeId, Message, IsRead, Type, CreatedDate, IsDeleted) VALUES (1255, 1074, 'Employee Added', 0, 'System', GETUTCDATE(), 0);
INSERT INTO kumarcapstone_Notifications (Id, EmployeeId, Message, IsRead, Type, CreatedDate, IsDeleted) VALUES (1256, 1074, 'Employee Added', 0, 'System', GETUTCDATE(), 0);
INSERT INTO kumarcapstone_Notifications (Id, EmployeeId, Message, IsRead, Type, CreatedDate, IsDeleted) VALUES (1257, 1091, 'Leave Request Submitted', 0, 'System', GETUTCDATE(), 0);
INSERT INTO kumarcapstone_Notifications (Id, EmployeeId, Message, IsRead, Type, CreatedDate, IsDeleted) VALUES (1258, 1047, 'Employee Added', 0, 'System', GETUTCDATE(), 0);
INSERT INTO kumarcapstone_Notifications (Id, EmployeeId, Message, IsRead, Type, CreatedDate, IsDeleted) VALUES (1259, 1058, 'Leave Approved', 1, 'System', GETUTCDATE(), 0);
INSERT INTO kumarcapstone_Notifications (Id, EmployeeId, Message, IsRead, Type, CreatedDate, IsDeleted) VALUES (1260, 1062, 'Leave Request Submitted', 1, 'System', GETUTCDATE(), 0);
INSERT INTO kumarcapstone_Notifications (Id, EmployeeId, Message, IsRead, Type, CreatedDate, IsDeleted) VALUES (1261, 1012, 'Leave Approved', 1, 'System', GETUTCDATE(), 0);
INSERT INTO kumarcapstone_Notifications (Id, EmployeeId, Message, IsRead, Type, CreatedDate, IsDeleted) VALUES (1262, 1100, 'Department Created', 0, 'System', GETUTCDATE(), 0);
INSERT INTO kumarcapstone_Notifications (Id, EmployeeId, Message, IsRead, Type, CreatedDate, IsDeleted) VALUES (1263, 1050, 'Employee Updated', 1, 'System', GETUTCDATE(), 0);
INSERT INTO kumarcapstone_Notifications (Id, EmployeeId, Message, IsRead, Type, CreatedDate, IsDeleted) VALUES (1264, 1018, 'Leave Request Submitted', 0, 'System', GETUTCDATE(), 0);
INSERT INTO kumarcapstone_Notifications (Id, EmployeeId, Message, IsRead, Type, CreatedDate, IsDeleted) VALUES (1265, 1043, 'Employee Added', 1, 'System', GETUTCDATE(), 0);
INSERT INTO kumarcapstone_Notifications (Id, EmployeeId, Message, IsRead, Type, CreatedDate, IsDeleted) VALUES (1266, 1090, 'Leave Request Submitted', 1, 'System', GETUTCDATE(), 0);
INSERT INTO kumarcapstone_Notifications (Id, EmployeeId, Message, IsRead, Type, CreatedDate, IsDeleted) VALUES (1267, 1027, 'Employee Added', 0, 'System', GETUTCDATE(), 0);
INSERT INTO kumarcapstone_Notifications (Id, EmployeeId, Message, IsRead, Type, CreatedDate, IsDeleted) VALUES (1268, 1066, 'Leave Approved', 0, 'System', GETUTCDATE(), 0);
INSERT INTO kumarcapstone_Notifications (Id, EmployeeId, Message, IsRead, Type, CreatedDate, IsDeleted) VALUES (1269, 1012, 'Leave Request Submitted', 1, 'System', GETUTCDATE(), 0);
INSERT INTO kumarcapstone_Notifications (Id, EmployeeId, Message, IsRead, Type, CreatedDate, IsDeleted) VALUES (1270, 1059, 'Employee Updated', 0, 'System', GETUTCDATE(), 0);
INSERT INTO kumarcapstone_Notifications (Id, EmployeeId, Message, IsRead, Type, CreatedDate, IsDeleted) VALUES (1271, 1003, 'Department Created', 0, 'System', GETUTCDATE(), 0);
INSERT INTO kumarcapstone_Notifications (Id, EmployeeId, Message, IsRead, Type, CreatedDate, IsDeleted) VALUES (1272, 1069, 'Leave Approved', 0, 'System', GETUTCDATE(), 0);
INSERT INTO kumarcapstone_Notifications (Id, EmployeeId, Message, IsRead, Type, CreatedDate, IsDeleted) VALUES (1273, 1052, 'Department Created', 0, 'System', GETUTCDATE(), 0);
INSERT INTO kumarcapstone_Notifications (Id, EmployeeId, Message, IsRead, Type, CreatedDate, IsDeleted) VALUES (1274, 1005, 'Leave Approved', 0, 'System', GETUTCDATE(), 0);
INSERT INTO kumarcapstone_Notifications (Id, EmployeeId, Message, IsRead, Type, CreatedDate, IsDeleted) VALUES (1275, 1063, 'Leave Request Submitted', 0, 'System', GETUTCDATE(), 0);
INSERT INTO kumarcapstone_Notifications (Id, EmployeeId, Message, IsRead, Type, CreatedDate, IsDeleted) VALUES (1276, 1091, 'Leave Request Submitted', 1, 'System', GETUTCDATE(), 0);
INSERT INTO kumarcapstone_Notifications (Id, EmployeeId, Message, IsRead, Type, CreatedDate, IsDeleted) VALUES (1277, 1092, 'Leave Approved', 1, 'System', GETUTCDATE(), 0);
INSERT INTO kumarcapstone_Notifications (Id, EmployeeId, Message, IsRead, Type, CreatedDate, IsDeleted) VALUES (1278, 1050, 'Department Created', 1, 'System', GETUTCDATE(), 0);
INSERT INTO kumarcapstone_Notifications (Id, EmployeeId, Message, IsRead, Type, CreatedDate, IsDeleted) VALUES (1279, 1026, 'Department Created', 0, 'System', GETUTCDATE(), 0);
INSERT INTO kumarcapstone_Notifications (Id, EmployeeId, Message, IsRead, Type, CreatedDate, IsDeleted) VALUES (1280, 1084, 'Employee Updated', 0, 'System', GETUTCDATE(), 0);
INSERT INTO kumarcapstone_Notifications (Id, EmployeeId, Message, IsRead, Type, CreatedDate, IsDeleted) VALUES (1281, 1032, 'Leave Request Submitted', 0, 'System', GETUTCDATE(), 0);
INSERT INTO kumarcapstone_Notifications (Id, EmployeeId, Message, IsRead, Type, CreatedDate, IsDeleted) VALUES (1282, 1025, 'Leave Request Submitted', 1, 'System', GETUTCDATE(), 0);
INSERT INTO kumarcapstone_Notifications (Id, EmployeeId, Message, IsRead, Type, CreatedDate, IsDeleted) VALUES (1283, 1006, 'Department Created', 0, 'System', GETUTCDATE(), 0);
INSERT INTO kumarcapstone_Notifications (Id, EmployeeId, Message, IsRead, Type, CreatedDate, IsDeleted) VALUES (1284, 1015, 'Leave Request Submitted', 0, 'System', GETUTCDATE(), 0);
INSERT INTO kumarcapstone_Notifications (Id, EmployeeId, Message, IsRead, Type, CreatedDate, IsDeleted) VALUES (1285, 1085, 'Employee Updated', 0, 'System', GETUTCDATE(), 0);
INSERT INTO kumarcapstone_Notifications (Id, EmployeeId, Message, IsRead, Type, CreatedDate, IsDeleted) VALUES (1286, 1065, 'Employee Updated', 1, 'System', GETUTCDATE(), 0);
INSERT INTO kumarcapstone_Notifications (Id, EmployeeId, Message, IsRead, Type, CreatedDate, IsDeleted) VALUES (1287, 1022, 'Leave Approved', 1, 'System', GETUTCDATE(), 0);
INSERT INTO kumarcapstone_Notifications (Id, EmployeeId, Message, IsRead, Type, CreatedDate, IsDeleted) VALUES (1288, 1061, 'Department Created', 0, 'System', GETUTCDATE(), 0);
INSERT INTO kumarcapstone_Notifications (Id, EmployeeId, Message, IsRead, Type, CreatedDate, IsDeleted) VALUES (1289, 1028, 'Leave Approved', 1, 'System', GETUTCDATE(), 0);
INSERT INTO kumarcapstone_Notifications (Id, EmployeeId, Message, IsRead, Type, CreatedDate, IsDeleted) VALUES (1290, 1015, 'Leave Request Submitted', 1, 'System', GETUTCDATE(), 0);
INSERT INTO kumarcapstone_Notifications (Id, EmployeeId, Message, IsRead, Type, CreatedDate, IsDeleted) VALUES (1291, 1024, 'Leave Approved', 0, 'System', GETUTCDATE(), 0);
INSERT INTO kumarcapstone_Notifications (Id, EmployeeId, Message, IsRead, Type, CreatedDate, IsDeleted) VALUES (1292, 1060, 'Department Created', 1, 'System', GETUTCDATE(), 0);
INSERT INTO kumarcapstone_Notifications (Id, EmployeeId, Message, IsRead, Type, CreatedDate, IsDeleted) VALUES (1293, 1057, 'Employee Added', 0, 'System', GETUTCDATE(), 0);
INSERT INTO kumarcapstone_Notifications (Id, EmployeeId, Message, IsRead, Type, CreatedDate, IsDeleted) VALUES (1294, 1022, 'Department Created', 0, 'System', GETUTCDATE(), 0);
INSERT INTO kumarcapstone_Notifications (Id, EmployeeId, Message, IsRead, Type, CreatedDate, IsDeleted) VALUES (1295, 1082, 'Employee Added', 1, 'System', GETUTCDATE(), 0);
INSERT INTO kumarcapstone_Notifications (Id, EmployeeId, Message, IsRead, Type, CreatedDate, IsDeleted) VALUES (1296, 1037, 'Leave Approved', 0, 'System', GETUTCDATE(), 0);
INSERT INTO kumarcapstone_Notifications (Id, EmployeeId, Message, IsRead, Type, CreatedDate, IsDeleted) VALUES (1297, 1018, 'Department Created', 1, 'System', GETUTCDATE(), 0);
INSERT INTO kumarcapstone_Notifications (Id, EmployeeId, Message, IsRead, Type, CreatedDate, IsDeleted) VALUES (1298, 1063, 'Leave Request Submitted', 1, 'System', GETUTCDATE(), 0);
INSERT INTO kumarcapstone_Notifications (Id, EmployeeId, Message, IsRead, Type, CreatedDate, IsDeleted) VALUES (1299, 1050, 'Employee Added', 1, 'System', GETUTCDATE(), 0);
INSERT INTO kumarcapstone_Notifications (Id, EmployeeId, Message, IsRead, Type, CreatedDate, IsDeleted) VALUES (1300, 1093, 'Employee Added', 1, 'System', GETUTCDATE(), 0);
SET IDENTITY_INSERT kumarcapstone_Notifications OFF;

PRINT 'Inserting Audit Logs...'
SET IDENTITY_INSERT kumarcapstone_AuditLogs ON;
INSERT INTO kumarcapstone_AuditLogs (Id, Action, TableName, PrimaryKey, Timestamp, CreatedDate, IsDeleted) VALUES (1001, 'Logout', 'kumarcapstone_LeaveRequests', '1', GETUTCDATE(), GETUTCDATE(), 0);
INSERT INTO kumarcapstone_AuditLogs (Id, Action, TableName, PrimaryKey, Timestamp, CreatedDate, IsDeleted) VALUES (1002, 'Login', 'kumarcapstone_Employees', '1', GETUTCDATE(), GETUTCDATE(), 0);
INSERT INTO kumarcapstone_AuditLogs (Id, Action, TableName, PrimaryKey, Timestamp, CreatedDate, IsDeleted) VALUES (1003, 'Update', 'kumarcapstone_Departments', '1', GETUTCDATE(), GETUTCDATE(), 0);
INSERT INTO kumarcapstone_AuditLogs (Id, Action, TableName, PrimaryKey, Timestamp, CreatedDate, IsDeleted) VALUES (1004, 'Update', 'kumarcapstone_Employees', '1', GETUTCDATE(), GETUTCDATE(), 0);
INSERT INTO kumarcapstone_AuditLogs (Id, Action, TableName, PrimaryKey, Timestamp, CreatedDate, IsDeleted) VALUES (1005, 'Login', 'kumarcapstone_Employees', '1', GETUTCDATE(), GETUTCDATE(), 0);
INSERT INTO kumarcapstone_AuditLogs (Id, Action, TableName, PrimaryKey, Timestamp, CreatedDate, IsDeleted) VALUES (1006, 'Create', 'kumarcapstone_Employees', '1', GETUTCDATE(), GETUTCDATE(), 0);
INSERT INTO kumarcapstone_AuditLogs (Id, Action, TableName, PrimaryKey, Timestamp, CreatedDate, IsDeleted) VALUES (1007, 'Logout', 'kumarcapstone_Employees', '1', GETUTCDATE(), GETUTCDATE(), 0);
INSERT INTO kumarcapstone_AuditLogs (Id, Action, TableName, PrimaryKey, Timestamp, CreatedDate, IsDeleted) VALUES (1008, 'Delete', 'kumarcapstone_Departments', '1', GETUTCDATE(), GETUTCDATE(), 0);
INSERT INTO kumarcapstone_AuditLogs (Id, Action, TableName, PrimaryKey, Timestamp, CreatedDate, IsDeleted) VALUES (1009, 'Logout', 'kumarcapstone_Employees', '1', GETUTCDATE(), GETUTCDATE(), 0);
INSERT INTO kumarcapstone_AuditLogs (Id, Action, TableName, PrimaryKey, Timestamp, CreatedDate, IsDeleted) VALUES (1010, 'Delete', 'kumarcapstone_LeaveRequests', '1', GETUTCDATE(), GETUTCDATE(), 0);
INSERT INTO kumarcapstone_AuditLogs (Id, Action, TableName, PrimaryKey, Timestamp, CreatedDate, IsDeleted) VALUES (1011, 'Login', 'kumarcapstone_Departments', '1', GETUTCDATE(), GETUTCDATE(), 0);
INSERT INTO kumarcapstone_AuditLogs (Id, Action, TableName, PrimaryKey, Timestamp, CreatedDate, IsDeleted) VALUES (1012, 'Create', 'kumarcapstone_Employees', '1', GETUTCDATE(), GETUTCDATE(), 0);
INSERT INTO kumarcapstone_AuditLogs (Id, Action, TableName, PrimaryKey, Timestamp, CreatedDate, IsDeleted) VALUES (1013, 'Logout', 'kumarcapstone_LeaveRequests', '1', GETUTCDATE(), GETUTCDATE(), 0);
INSERT INTO kumarcapstone_AuditLogs (Id, Action, TableName, PrimaryKey, Timestamp, CreatedDate, IsDeleted) VALUES (1014, 'Restore', 'kumarcapstone_Employees', '1', GETUTCDATE(), GETUTCDATE(), 0);
INSERT INTO kumarcapstone_AuditLogs (Id, Action, TableName, PrimaryKey, Timestamp, CreatedDate, IsDeleted) VALUES (1015, 'Delete', 'kumarcapstone_LeaveRequests', '1', GETUTCDATE(), GETUTCDATE(), 0);
INSERT INTO kumarcapstone_AuditLogs (Id, Action, TableName, PrimaryKey, Timestamp, CreatedDate, IsDeleted) VALUES (1016, 'Login', 'kumarcapstone_Departments', '1', GETUTCDATE(), GETUTCDATE(), 0);
INSERT INTO kumarcapstone_AuditLogs (Id, Action, TableName, PrimaryKey, Timestamp, CreatedDate, IsDeleted) VALUES (1017, 'Login', 'kumarcapstone_Departments', '1', GETUTCDATE(), GETUTCDATE(), 0);
INSERT INTO kumarcapstone_AuditLogs (Id, Action, TableName, PrimaryKey, Timestamp, CreatedDate, IsDeleted) VALUES (1018, 'Restore', 'kumarcapstone_LeaveRequests', '1', GETUTCDATE(), GETUTCDATE(), 0);
INSERT INTO kumarcapstone_AuditLogs (Id, Action, TableName, PrimaryKey, Timestamp, CreatedDate, IsDeleted) VALUES (1019, 'Restore', 'kumarcapstone_LeaveRequests', '1', GETUTCDATE(), GETUTCDATE(), 0);
INSERT INTO kumarcapstone_AuditLogs (Id, Action, TableName, PrimaryKey, Timestamp, CreatedDate, IsDeleted) VALUES (1020, 'Restore', 'kumarcapstone_LeaveRequests', '1', GETUTCDATE(), GETUTCDATE(), 0);
INSERT INTO kumarcapstone_AuditLogs (Id, Action, TableName, PrimaryKey, Timestamp, CreatedDate, IsDeleted) VALUES (1021, 'Update', 'kumarcapstone_Employees', '1', GETUTCDATE(), GETUTCDATE(), 0);
INSERT INTO kumarcapstone_AuditLogs (Id, Action, TableName, PrimaryKey, Timestamp, CreatedDate, IsDeleted) VALUES (1022, 'Delete', 'kumarcapstone_LeaveRequests', '1', GETUTCDATE(), GETUTCDATE(), 0);
INSERT INTO kumarcapstone_AuditLogs (Id, Action, TableName, PrimaryKey, Timestamp, CreatedDate, IsDeleted) VALUES (1023, 'Delete', 'kumarcapstone_Employees', '1', GETUTCDATE(), GETUTCDATE(), 0);
INSERT INTO kumarcapstone_AuditLogs (Id, Action, TableName, PrimaryKey, Timestamp, CreatedDate, IsDeleted) VALUES (1024, 'Login', 'kumarcapstone_Employees', '1', GETUTCDATE(), GETUTCDATE(), 0);
INSERT INTO kumarcapstone_AuditLogs (Id, Action, TableName, PrimaryKey, Timestamp, CreatedDate, IsDeleted) VALUES (1025, 'Login', 'kumarcapstone_Employees', '1', GETUTCDATE(), GETUTCDATE(), 0);
INSERT INTO kumarcapstone_AuditLogs (Id, Action, TableName, PrimaryKey, Timestamp, CreatedDate, IsDeleted) VALUES (1026, 'Delete', 'kumarcapstone_Departments', '1', GETUTCDATE(), GETUTCDATE(), 0);
INSERT INTO kumarcapstone_AuditLogs (Id, Action, TableName, PrimaryKey, Timestamp, CreatedDate, IsDeleted) VALUES (1027, 'Update', 'kumarcapstone_Employees', '1', GETUTCDATE(), GETUTCDATE(), 0);
INSERT INTO kumarcapstone_AuditLogs (Id, Action, TableName, PrimaryKey, Timestamp, CreatedDate, IsDeleted) VALUES (1028, 'Update', 'kumarcapstone_Departments', '1', GETUTCDATE(), GETUTCDATE(), 0);
INSERT INTO kumarcapstone_AuditLogs (Id, Action, TableName, PrimaryKey, Timestamp, CreatedDate, IsDeleted) VALUES (1029, 'Create', 'kumarcapstone_Departments', '1', GETUTCDATE(), GETUTCDATE(), 0);
INSERT INTO kumarcapstone_AuditLogs (Id, Action, TableName, PrimaryKey, Timestamp, CreatedDate, IsDeleted) VALUES (1030, 'Delete', 'kumarcapstone_LeaveRequests', '1', GETUTCDATE(), GETUTCDATE(), 0);
INSERT INTO kumarcapstone_AuditLogs (Id, Action, TableName, PrimaryKey, Timestamp, CreatedDate, IsDeleted) VALUES (1031, 'Logout', 'kumarcapstone_Departments', '1', GETUTCDATE(), GETUTCDATE(), 0);
INSERT INTO kumarcapstone_AuditLogs (Id, Action, TableName, PrimaryKey, Timestamp, CreatedDate, IsDeleted) VALUES (1032, 'Delete', 'kumarcapstone_Employees', '1', GETUTCDATE(), GETUTCDATE(), 0);
INSERT INTO kumarcapstone_AuditLogs (Id, Action, TableName, PrimaryKey, Timestamp, CreatedDate, IsDeleted) VALUES (1033, 'Logout', 'kumarcapstone_Departments', '1', GETUTCDATE(), GETUTCDATE(), 0);
INSERT INTO kumarcapstone_AuditLogs (Id, Action, TableName, PrimaryKey, Timestamp, CreatedDate, IsDeleted) VALUES (1034, 'Login', 'kumarcapstone_LeaveRequests', '1', GETUTCDATE(), GETUTCDATE(), 0);
INSERT INTO kumarcapstone_AuditLogs (Id, Action, TableName, PrimaryKey, Timestamp, CreatedDate, IsDeleted) VALUES (1035, 'Logout', 'kumarcapstone_Employees', '1', GETUTCDATE(), GETUTCDATE(), 0);
INSERT INTO kumarcapstone_AuditLogs (Id, Action, TableName, PrimaryKey, Timestamp, CreatedDate, IsDeleted) VALUES (1036, 'Delete', 'kumarcapstone_Departments', '1', GETUTCDATE(), GETUTCDATE(), 0);
INSERT INTO kumarcapstone_AuditLogs (Id, Action, TableName, PrimaryKey, Timestamp, CreatedDate, IsDeleted) VALUES (1037, 'Login', 'kumarcapstone_Departments', '1', GETUTCDATE(), GETUTCDATE(), 0);
INSERT INTO kumarcapstone_AuditLogs (Id, Action, TableName, PrimaryKey, Timestamp, CreatedDate, IsDeleted) VALUES (1038, 'Restore', 'kumarcapstone_Departments', '1', GETUTCDATE(), GETUTCDATE(), 0);
INSERT INTO kumarcapstone_AuditLogs (Id, Action, TableName, PrimaryKey, Timestamp, CreatedDate, IsDeleted) VALUES (1039, 'Delete', 'kumarcapstone_LeaveRequests', '1', GETUTCDATE(), GETUTCDATE(), 0);
INSERT INTO kumarcapstone_AuditLogs (Id, Action, TableName, PrimaryKey, Timestamp, CreatedDate, IsDeleted) VALUES (1040, 'Logout', 'kumarcapstone_Employees', '1', GETUTCDATE(), GETUTCDATE(), 0);
INSERT INTO kumarcapstone_AuditLogs (Id, Action, TableName, PrimaryKey, Timestamp, CreatedDate, IsDeleted) VALUES (1041, 'Delete', 'kumarcapstone_LeaveRequests', '1', GETUTCDATE(), GETUTCDATE(), 0);
INSERT INTO kumarcapstone_AuditLogs (Id, Action, TableName, PrimaryKey, Timestamp, CreatedDate, IsDeleted) VALUES (1042, 'Delete', 'kumarcapstone_LeaveRequests', '1', GETUTCDATE(), GETUTCDATE(), 0);
INSERT INTO kumarcapstone_AuditLogs (Id, Action, TableName, PrimaryKey, Timestamp, CreatedDate, IsDeleted) VALUES (1043, 'Logout', 'kumarcapstone_LeaveRequests', '1', GETUTCDATE(), GETUTCDATE(), 0);
INSERT INTO kumarcapstone_AuditLogs (Id, Action, TableName, PrimaryKey, Timestamp, CreatedDate, IsDeleted) VALUES (1044, 'Logout', 'kumarcapstone_Departments', '1', GETUTCDATE(), GETUTCDATE(), 0);
INSERT INTO kumarcapstone_AuditLogs (Id, Action, TableName, PrimaryKey, Timestamp, CreatedDate, IsDeleted) VALUES (1045, 'Delete', 'kumarcapstone_Departments', '1', GETUTCDATE(), GETUTCDATE(), 0);
INSERT INTO kumarcapstone_AuditLogs (Id, Action, TableName, PrimaryKey, Timestamp, CreatedDate, IsDeleted) VALUES (1046, 'Create', 'kumarcapstone_Departments', '1', GETUTCDATE(), GETUTCDATE(), 0);
INSERT INTO kumarcapstone_AuditLogs (Id, Action, TableName, PrimaryKey, Timestamp, CreatedDate, IsDeleted) VALUES (1047, 'Login', 'kumarcapstone_Departments', '1', GETUTCDATE(), GETUTCDATE(), 0);
INSERT INTO kumarcapstone_AuditLogs (Id, Action, TableName, PrimaryKey, Timestamp, CreatedDate, IsDeleted) VALUES (1048, 'Delete', 'kumarcapstone_Employees', '1', GETUTCDATE(), GETUTCDATE(), 0);
INSERT INTO kumarcapstone_AuditLogs (Id, Action, TableName, PrimaryKey, Timestamp, CreatedDate, IsDeleted) VALUES (1049, 'Update', 'kumarcapstone_Employees', '1', GETUTCDATE(), GETUTCDATE(), 0);
INSERT INTO kumarcapstone_AuditLogs (Id, Action, TableName, PrimaryKey, Timestamp, CreatedDate, IsDeleted) VALUES (1050, 'Create', 'kumarcapstone_LeaveRequests', '1', GETUTCDATE(), GETUTCDATE(), 0);
INSERT INTO kumarcapstone_AuditLogs (Id, Action, TableName, PrimaryKey, Timestamp, CreatedDate, IsDeleted) VALUES (1051, 'Logout', 'kumarcapstone_Employees', '1', GETUTCDATE(), GETUTCDATE(), 0);
INSERT INTO kumarcapstone_AuditLogs (Id, Action, TableName, PrimaryKey, Timestamp, CreatedDate, IsDeleted) VALUES (1052, 'Restore', 'kumarcapstone_LeaveRequests', '1', GETUTCDATE(), GETUTCDATE(), 0);
INSERT INTO kumarcapstone_AuditLogs (Id, Action, TableName, PrimaryKey, Timestamp, CreatedDate, IsDeleted) VALUES (1053, 'Delete', 'kumarcapstone_Employees', '1', GETUTCDATE(), GETUTCDATE(), 0);
INSERT INTO kumarcapstone_AuditLogs (Id, Action, TableName, PrimaryKey, Timestamp, CreatedDate, IsDeleted) VALUES (1054, 'Login', 'kumarcapstone_Employees', '1', GETUTCDATE(), GETUTCDATE(), 0);
INSERT INTO kumarcapstone_AuditLogs (Id, Action, TableName, PrimaryKey, Timestamp, CreatedDate, IsDeleted) VALUES (1055, 'Login', 'kumarcapstone_Employees', '1', GETUTCDATE(), GETUTCDATE(), 0);
INSERT INTO kumarcapstone_AuditLogs (Id, Action, TableName, PrimaryKey, Timestamp, CreatedDate, IsDeleted) VALUES (1056, 'Restore', 'kumarcapstone_LeaveRequests', '1', GETUTCDATE(), GETUTCDATE(), 0);
INSERT INTO kumarcapstone_AuditLogs (Id, Action, TableName, PrimaryKey, Timestamp, CreatedDate, IsDeleted) VALUES (1057, 'Delete', 'kumarcapstone_LeaveRequests', '1', GETUTCDATE(), GETUTCDATE(), 0);
INSERT INTO kumarcapstone_AuditLogs (Id, Action, TableName, PrimaryKey, Timestamp, CreatedDate, IsDeleted) VALUES (1058, 'Login', 'kumarcapstone_LeaveRequests', '1', GETUTCDATE(), GETUTCDATE(), 0);
INSERT INTO kumarcapstone_AuditLogs (Id, Action, TableName, PrimaryKey, Timestamp, CreatedDate, IsDeleted) VALUES (1059, 'Update', 'kumarcapstone_Departments', '1', GETUTCDATE(), GETUTCDATE(), 0);
INSERT INTO kumarcapstone_AuditLogs (Id, Action, TableName, PrimaryKey, Timestamp, CreatedDate, IsDeleted) VALUES (1060, 'Logout', 'kumarcapstone_Departments', '1', GETUTCDATE(), GETUTCDATE(), 0);
INSERT INTO kumarcapstone_AuditLogs (Id, Action, TableName, PrimaryKey, Timestamp, CreatedDate, IsDeleted) VALUES (1061, 'Delete', 'kumarcapstone_Departments', '1', GETUTCDATE(), GETUTCDATE(), 0);
INSERT INTO kumarcapstone_AuditLogs (Id, Action, TableName, PrimaryKey, Timestamp, CreatedDate, IsDeleted) VALUES (1062, 'Update', 'kumarcapstone_Departments', '1', GETUTCDATE(), GETUTCDATE(), 0);
INSERT INTO kumarcapstone_AuditLogs (Id, Action, TableName, PrimaryKey, Timestamp, CreatedDate, IsDeleted) VALUES (1063, 'Delete', 'kumarcapstone_Departments', '1', GETUTCDATE(), GETUTCDATE(), 0);
INSERT INTO kumarcapstone_AuditLogs (Id, Action, TableName, PrimaryKey, Timestamp, CreatedDate, IsDeleted) VALUES (1064, 'Delete', 'kumarcapstone_Departments', '1', GETUTCDATE(), GETUTCDATE(), 0);
INSERT INTO kumarcapstone_AuditLogs (Id, Action, TableName, PrimaryKey, Timestamp, CreatedDate, IsDeleted) VALUES (1065, 'Restore', 'kumarcapstone_Employees', '1', GETUTCDATE(), GETUTCDATE(), 0);
INSERT INTO kumarcapstone_AuditLogs (Id, Action, TableName, PrimaryKey, Timestamp, CreatedDate, IsDeleted) VALUES (1066, 'Delete', 'kumarcapstone_Departments', '1', GETUTCDATE(), GETUTCDATE(), 0);
INSERT INTO kumarcapstone_AuditLogs (Id, Action, TableName, PrimaryKey, Timestamp, CreatedDate, IsDeleted) VALUES (1067, 'Logout', 'kumarcapstone_LeaveRequests', '1', GETUTCDATE(), GETUTCDATE(), 0);
INSERT INTO kumarcapstone_AuditLogs (Id, Action, TableName, PrimaryKey, Timestamp, CreatedDate, IsDeleted) VALUES (1068, 'Update', 'kumarcapstone_LeaveRequests', '1', GETUTCDATE(), GETUTCDATE(), 0);
INSERT INTO kumarcapstone_AuditLogs (Id, Action, TableName, PrimaryKey, Timestamp, CreatedDate, IsDeleted) VALUES (1069, 'Delete', 'kumarcapstone_Employees', '1', GETUTCDATE(), GETUTCDATE(), 0);
INSERT INTO kumarcapstone_AuditLogs (Id, Action, TableName, PrimaryKey, Timestamp, CreatedDate, IsDeleted) VALUES (1070, 'Create', 'kumarcapstone_LeaveRequests', '1', GETUTCDATE(), GETUTCDATE(), 0);
INSERT INTO kumarcapstone_AuditLogs (Id, Action, TableName, PrimaryKey, Timestamp, CreatedDate, IsDeleted) VALUES (1071, 'Login', 'kumarcapstone_LeaveRequests', '1', GETUTCDATE(), GETUTCDATE(), 0);
INSERT INTO kumarcapstone_AuditLogs (Id, Action, TableName, PrimaryKey, Timestamp, CreatedDate, IsDeleted) VALUES (1072, 'Delete', 'kumarcapstone_Departments', '1', GETUTCDATE(), GETUTCDATE(), 0);
INSERT INTO kumarcapstone_AuditLogs (Id, Action, TableName, PrimaryKey, Timestamp, CreatedDate, IsDeleted) VALUES (1073, 'Delete', 'kumarcapstone_Departments', '1', GETUTCDATE(), GETUTCDATE(), 0);
INSERT INTO kumarcapstone_AuditLogs (Id, Action, TableName, PrimaryKey, Timestamp, CreatedDate, IsDeleted) VALUES (1074, 'Create', 'kumarcapstone_Departments', '1', GETUTCDATE(), GETUTCDATE(), 0);
INSERT INTO kumarcapstone_AuditLogs (Id, Action, TableName, PrimaryKey, Timestamp, CreatedDate, IsDeleted) VALUES (1075, 'Delete', 'kumarcapstone_Departments', '1', GETUTCDATE(), GETUTCDATE(), 0);
INSERT INTO kumarcapstone_AuditLogs (Id, Action, TableName, PrimaryKey, Timestamp, CreatedDate, IsDeleted) VALUES (1076, 'Update', 'kumarcapstone_Departments', '1', GETUTCDATE(), GETUTCDATE(), 0);
INSERT INTO kumarcapstone_AuditLogs (Id, Action, TableName, PrimaryKey, Timestamp, CreatedDate, IsDeleted) VALUES (1077, 'Login', 'kumarcapstone_Departments', '1', GETUTCDATE(), GETUTCDATE(), 0);
INSERT INTO kumarcapstone_AuditLogs (Id, Action, TableName, PrimaryKey, Timestamp, CreatedDate, IsDeleted) VALUES (1078, 'Create', 'kumarcapstone_Departments', '1', GETUTCDATE(), GETUTCDATE(), 0);
INSERT INTO kumarcapstone_AuditLogs (Id, Action, TableName, PrimaryKey, Timestamp, CreatedDate, IsDeleted) VALUES (1079, 'Restore', 'kumarcapstone_LeaveRequests', '1', GETUTCDATE(), GETUTCDATE(), 0);
INSERT INTO kumarcapstone_AuditLogs (Id, Action, TableName, PrimaryKey, Timestamp, CreatedDate, IsDeleted) VALUES (1080, 'Login', 'kumarcapstone_Employees', '1', GETUTCDATE(), GETUTCDATE(), 0);
INSERT INTO kumarcapstone_AuditLogs (Id, Action, TableName, PrimaryKey, Timestamp, CreatedDate, IsDeleted) VALUES (1081, 'Update', 'kumarcapstone_LeaveRequests', '1', GETUTCDATE(), GETUTCDATE(), 0);
INSERT INTO kumarcapstone_AuditLogs (Id, Action, TableName, PrimaryKey, Timestamp, CreatedDate, IsDeleted) VALUES (1082, 'Login', 'kumarcapstone_Employees', '1', GETUTCDATE(), GETUTCDATE(), 0);
INSERT INTO kumarcapstone_AuditLogs (Id, Action, TableName, PrimaryKey, Timestamp, CreatedDate, IsDeleted) VALUES (1083, 'Delete', 'kumarcapstone_LeaveRequests', '1', GETUTCDATE(), GETUTCDATE(), 0);
INSERT INTO kumarcapstone_AuditLogs (Id, Action, TableName, PrimaryKey, Timestamp, CreatedDate, IsDeleted) VALUES (1084, 'Restore', 'kumarcapstone_Employees', '1', GETUTCDATE(), GETUTCDATE(), 0);
INSERT INTO kumarcapstone_AuditLogs (Id, Action, TableName, PrimaryKey, Timestamp, CreatedDate, IsDeleted) VALUES (1085, 'Login', 'kumarcapstone_LeaveRequests', '1', GETUTCDATE(), GETUTCDATE(), 0);
INSERT INTO kumarcapstone_AuditLogs (Id, Action, TableName, PrimaryKey, Timestamp, CreatedDate, IsDeleted) VALUES (1086, 'Delete', 'kumarcapstone_Departments', '1', GETUTCDATE(), GETUTCDATE(), 0);
INSERT INTO kumarcapstone_AuditLogs (Id, Action, TableName, PrimaryKey, Timestamp, CreatedDate, IsDeleted) VALUES (1087, 'Update', 'kumarcapstone_Departments', '1', GETUTCDATE(), GETUTCDATE(), 0);
INSERT INTO kumarcapstone_AuditLogs (Id, Action, TableName, PrimaryKey, Timestamp, CreatedDate, IsDeleted) VALUES (1088, 'Restore', 'kumarcapstone_LeaveRequests', '1', GETUTCDATE(), GETUTCDATE(), 0);
INSERT INTO kumarcapstone_AuditLogs (Id, Action, TableName, PrimaryKey, Timestamp, CreatedDate, IsDeleted) VALUES (1089, 'Logout', 'kumarcapstone_Departments', '1', GETUTCDATE(), GETUTCDATE(), 0);
INSERT INTO kumarcapstone_AuditLogs (Id, Action, TableName, PrimaryKey, Timestamp, CreatedDate, IsDeleted) VALUES (1090, 'Restore', 'kumarcapstone_LeaveRequests', '1', GETUTCDATE(), GETUTCDATE(), 0);
INSERT INTO kumarcapstone_AuditLogs (Id, Action, TableName, PrimaryKey, Timestamp, CreatedDate, IsDeleted) VALUES (1091, 'Login', 'kumarcapstone_LeaveRequests', '1', GETUTCDATE(), GETUTCDATE(), 0);
INSERT INTO kumarcapstone_AuditLogs (Id, Action, TableName, PrimaryKey, Timestamp, CreatedDate, IsDeleted) VALUES (1092, 'Logout', 'kumarcapstone_Departments', '1', GETUTCDATE(), GETUTCDATE(), 0);
INSERT INTO kumarcapstone_AuditLogs (Id, Action, TableName, PrimaryKey, Timestamp, CreatedDate, IsDeleted) VALUES (1093, 'Login', 'kumarcapstone_Departments', '1', GETUTCDATE(), GETUTCDATE(), 0);
INSERT INTO kumarcapstone_AuditLogs (Id, Action, TableName, PrimaryKey, Timestamp, CreatedDate, IsDeleted) VALUES (1094, 'Create', 'kumarcapstone_LeaveRequests', '1', GETUTCDATE(), GETUTCDATE(), 0);
INSERT INTO kumarcapstone_AuditLogs (Id, Action, TableName, PrimaryKey, Timestamp, CreatedDate, IsDeleted) VALUES (1095, 'Restore', 'kumarcapstone_Departments', '1', GETUTCDATE(), GETUTCDATE(), 0);
INSERT INTO kumarcapstone_AuditLogs (Id, Action, TableName, PrimaryKey, Timestamp, CreatedDate, IsDeleted) VALUES (1096, 'Update', 'kumarcapstone_LeaveRequests', '1', GETUTCDATE(), GETUTCDATE(), 0);
INSERT INTO kumarcapstone_AuditLogs (Id, Action, TableName, PrimaryKey, Timestamp, CreatedDate, IsDeleted) VALUES (1097, 'Create', 'kumarcapstone_Employees', '1', GETUTCDATE(), GETUTCDATE(), 0);
INSERT INTO kumarcapstone_AuditLogs (Id, Action, TableName, PrimaryKey, Timestamp, CreatedDate, IsDeleted) VALUES (1098, 'Login', 'kumarcapstone_Departments', '1', GETUTCDATE(), GETUTCDATE(), 0);
INSERT INTO kumarcapstone_AuditLogs (Id, Action, TableName, PrimaryKey, Timestamp, CreatedDate, IsDeleted) VALUES (1099, 'Login', 'kumarcapstone_Employees', '1', GETUTCDATE(), GETUTCDATE(), 0);
INSERT INTO kumarcapstone_AuditLogs (Id, Action, TableName, PrimaryKey, Timestamp, CreatedDate, IsDeleted) VALUES (1100, 'Logout', 'kumarcapstone_Employees', '1', GETUTCDATE(), GETUTCDATE(), 0);
INSERT INTO kumarcapstone_AuditLogs (Id, Action, TableName, PrimaryKey, Timestamp, CreatedDate, IsDeleted) VALUES (1101, 'Login', 'kumarcapstone_LeaveRequests', '1', GETUTCDATE(), GETUTCDATE(), 0);
INSERT INTO kumarcapstone_AuditLogs (Id, Action, TableName, PrimaryKey, Timestamp, CreatedDate, IsDeleted) VALUES (1102, 'Update', 'kumarcapstone_Employees', '1', GETUTCDATE(), GETUTCDATE(), 0);
INSERT INTO kumarcapstone_AuditLogs (Id, Action, TableName, PrimaryKey, Timestamp, CreatedDate, IsDeleted) VALUES (1103, 'Delete', 'kumarcapstone_Departments', '1', GETUTCDATE(), GETUTCDATE(), 0);
INSERT INTO kumarcapstone_AuditLogs (Id, Action, TableName, PrimaryKey, Timestamp, CreatedDate, IsDeleted) VALUES (1104, 'Create', 'kumarcapstone_Departments', '1', GETUTCDATE(), GETUTCDATE(), 0);
INSERT INTO kumarcapstone_AuditLogs (Id, Action, TableName, PrimaryKey, Timestamp, CreatedDate, IsDeleted) VALUES (1105, 'Delete', 'kumarcapstone_LeaveRequests', '1', GETUTCDATE(), GETUTCDATE(), 0);
INSERT INTO kumarcapstone_AuditLogs (Id, Action, TableName, PrimaryKey, Timestamp, CreatedDate, IsDeleted) VALUES (1106, 'Restore', 'kumarcapstone_Employees', '1', GETUTCDATE(), GETUTCDATE(), 0);
INSERT INTO kumarcapstone_AuditLogs (Id, Action, TableName, PrimaryKey, Timestamp, CreatedDate, IsDeleted) VALUES (1107, 'Delete', 'kumarcapstone_Employees', '1', GETUTCDATE(), GETUTCDATE(), 0);
INSERT INTO kumarcapstone_AuditLogs (Id, Action, TableName, PrimaryKey, Timestamp, CreatedDate, IsDeleted) VALUES (1108, 'Delete', 'kumarcapstone_Employees', '1', GETUTCDATE(), GETUTCDATE(), 0);
INSERT INTO kumarcapstone_AuditLogs (Id, Action, TableName, PrimaryKey, Timestamp, CreatedDate, IsDeleted) VALUES (1109, 'Login', 'kumarcapstone_LeaveRequests', '1', GETUTCDATE(), GETUTCDATE(), 0);
INSERT INTO kumarcapstone_AuditLogs (Id, Action, TableName, PrimaryKey, Timestamp, CreatedDate, IsDeleted) VALUES (1110, 'Login', 'kumarcapstone_LeaveRequests', '1', GETUTCDATE(), GETUTCDATE(), 0);
INSERT INTO kumarcapstone_AuditLogs (Id, Action, TableName, PrimaryKey, Timestamp, CreatedDate, IsDeleted) VALUES (1111, 'Logout', 'kumarcapstone_Departments', '1', GETUTCDATE(), GETUTCDATE(), 0);
INSERT INTO kumarcapstone_AuditLogs (Id, Action, TableName, PrimaryKey, Timestamp, CreatedDate, IsDeleted) VALUES (1112, 'Restore', 'kumarcapstone_Employees', '1', GETUTCDATE(), GETUTCDATE(), 0);
INSERT INTO kumarcapstone_AuditLogs (Id, Action, TableName, PrimaryKey, Timestamp, CreatedDate, IsDeleted) VALUES (1113, 'Logout', 'kumarcapstone_Employees', '1', GETUTCDATE(), GETUTCDATE(), 0);
INSERT INTO kumarcapstone_AuditLogs (Id, Action, TableName, PrimaryKey, Timestamp, CreatedDate, IsDeleted) VALUES (1114, 'Create', 'kumarcapstone_Employees', '1', GETUTCDATE(), GETUTCDATE(), 0);
INSERT INTO kumarcapstone_AuditLogs (Id, Action, TableName, PrimaryKey, Timestamp, CreatedDate, IsDeleted) VALUES (1115, 'Delete', 'kumarcapstone_LeaveRequests', '1', GETUTCDATE(), GETUTCDATE(), 0);
INSERT INTO kumarcapstone_AuditLogs (Id, Action, TableName, PrimaryKey, Timestamp, CreatedDate, IsDeleted) VALUES (1116, 'Logout', 'kumarcapstone_LeaveRequests', '1', GETUTCDATE(), GETUTCDATE(), 0);
INSERT INTO kumarcapstone_AuditLogs (Id, Action, TableName, PrimaryKey, Timestamp, CreatedDate, IsDeleted) VALUES (1117, 'Update', 'kumarcapstone_Employees', '1', GETUTCDATE(), GETUTCDATE(), 0);
INSERT INTO kumarcapstone_AuditLogs (Id, Action, TableName, PrimaryKey, Timestamp, CreatedDate, IsDeleted) VALUES (1118, 'Create', 'kumarcapstone_Employees', '1', GETUTCDATE(), GETUTCDATE(), 0);
INSERT INTO kumarcapstone_AuditLogs (Id, Action, TableName, PrimaryKey, Timestamp, CreatedDate, IsDeleted) VALUES (1119, 'Create', 'kumarcapstone_LeaveRequests', '1', GETUTCDATE(), GETUTCDATE(), 0);
INSERT INTO kumarcapstone_AuditLogs (Id, Action, TableName, PrimaryKey, Timestamp, CreatedDate, IsDeleted) VALUES (1120, 'Logout', 'kumarcapstone_LeaveRequests', '1', GETUTCDATE(), GETUTCDATE(), 0);
INSERT INTO kumarcapstone_AuditLogs (Id, Action, TableName, PrimaryKey, Timestamp, CreatedDate, IsDeleted) VALUES (1121, 'Login', 'kumarcapstone_LeaveRequests', '1', GETUTCDATE(), GETUTCDATE(), 0);
INSERT INTO kumarcapstone_AuditLogs (Id, Action, TableName, PrimaryKey, Timestamp, CreatedDate, IsDeleted) VALUES (1122, 'Create', 'kumarcapstone_Departments', '1', GETUTCDATE(), GETUTCDATE(), 0);
INSERT INTO kumarcapstone_AuditLogs (Id, Action, TableName, PrimaryKey, Timestamp, CreatedDate, IsDeleted) VALUES (1123, 'Login', 'kumarcapstone_Departments', '1', GETUTCDATE(), GETUTCDATE(), 0);
INSERT INTO kumarcapstone_AuditLogs (Id, Action, TableName, PrimaryKey, Timestamp, CreatedDate, IsDeleted) VALUES (1124, 'Restore', 'kumarcapstone_LeaveRequests', '1', GETUTCDATE(), GETUTCDATE(), 0);
INSERT INTO kumarcapstone_AuditLogs (Id, Action, TableName, PrimaryKey, Timestamp, CreatedDate, IsDeleted) VALUES (1125, 'Delete', 'kumarcapstone_LeaveRequests', '1', GETUTCDATE(), GETUTCDATE(), 0);
INSERT INTO kumarcapstone_AuditLogs (Id, Action, TableName, PrimaryKey, Timestamp, CreatedDate, IsDeleted) VALUES (1126, 'Restore', 'kumarcapstone_LeaveRequests', '1', GETUTCDATE(), GETUTCDATE(), 0);
INSERT INTO kumarcapstone_AuditLogs (Id, Action, TableName, PrimaryKey, Timestamp, CreatedDate, IsDeleted) VALUES (1127, 'Logout', 'kumarcapstone_LeaveRequests', '1', GETUTCDATE(), GETUTCDATE(), 0);
INSERT INTO kumarcapstone_AuditLogs (Id, Action, TableName, PrimaryKey, Timestamp, CreatedDate, IsDeleted) VALUES (1128, 'Logout', 'kumarcapstone_Employees', '1', GETUTCDATE(), GETUTCDATE(), 0);
INSERT INTO kumarcapstone_AuditLogs (Id, Action, TableName, PrimaryKey, Timestamp, CreatedDate, IsDeleted) VALUES (1129, 'Login', 'kumarcapstone_LeaveRequests', '1', GETUTCDATE(), GETUTCDATE(), 0);
INSERT INTO kumarcapstone_AuditLogs (Id, Action, TableName, PrimaryKey, Timestamp, CreatedDate, IsDeleted) VALUES (1130, 'Login', 'kumarcapstone_Employees', '1', GETUTCDATE(), GETUTCDATE(), 0);
INSERT INTO kumarcapstone_AuditLogs (Id, Action, TableName, PrimaryKey, Timestamp, CreatedDate, IsDeleted) VALUES (1131, 'Update', 'kumarcapstone_Departments', '1', GETUTCDATE(), GETUTCDATE(), 0);
INSERT INTO kumarcapstone_AuditLogs (Id, Action, TableName, PrimaryKey, Timestamp, CreatedDate, IsDeleted) VALUES (1132, 'Update', 'kumarcapstone_LeaveRequests', '1', GETUTCDATE(), GETUTCDATE(), 0);
INSERT INTO kumarcapstone_AuditLogs (Id, Action, TableName, PrimaryKey, Timestamp, CreatedDate, IsDeleted) VALUES (1133, 'Delete', 'kumarcapstone_LeaveRequests', '1', GETUTCDATE(), GETUTCDATE(), 0);
INSERT INTO kumarcapstone_AuditLogs (Id, Action, TableName, PrimaryKey, Timestamp, CreatedDate, IsDeleted) VALUES (1134, 'Restore', 'kumarcapstone_Employees', '1', GETUTCDATE(), GETUTCDATE(), 0);
INSERT INTO kumarcapstone_AuditLogs (Id, Action, TableName, PrimaryKey, Timestamp, CreatedDate, IsDeleted) VALUES (1135, 'Update', 'kumarcapstone_LeaveRequests', '1', GETUTCDATE(), GETUTCDATE(), 0);
INSERT INTO kumarcapstone_AuditLogs (Id, Action, TableName, PrimaryKey, Timestamp, CreatedDate, IsDeleted) VALUES (1136, 'Login', 'kumarcapstone_Departments', '1', GETUTCDATE(), GETUTCDATE(), 0);
INSERT INTO kumarcapstone_AuditLogs (Id, Action, TableName, PrimaryKey, Timestamp, CreatedDate, IsDeleted) VALUES (1137, 'Delete', 'kumarcapstone_LeaveRequests', '1', GETUTCDATE(), GETUTCDATE(), 0);
INSERT INTO kumarcapstone_AuditLogs (Id, Action, TableName, PrimaryKey, Timestamp, CreatedDate, IsDeleted) VALUES (1138, 'Restore', 'kumarcapstone_Departments', '1', GETUTCDATE(), GETUTCDATE(), 0);
INSERT INTO kumarcapstone_AuditLogs (Id, Action, TableName, PrimaryKey, Timestamp, CreatedDate, IsDeleted) VALUES (1139, 'Update', 'kumarcapstone_Departments', '1', GETUTCDATE(), GETUTCDATE(), 0);
INSERT INTO kumarcapstone_AuditLogs (Id, Action, TableName, PrimaryKey, Timestamp, CreatedDate, IsDeleted) VALUES (1140, 'Login', 'kumarcapstone_Employees', '1', GETUTCDATE(), GETUTCDATE(), 0);
INSERT INTO kumarcapstone_AuditLogs (Id, Action, TableName, PrimaryKey, Timestamp, CreatedDate, IsDeleted) VALUES (1141, 'Delete', 'kumarcapstone_Employees', '1', GETUTCDATE(), GETUTCDATE(), 0);
INSERT INTO kumarcapstone_AuditLogs (Id, Action, TableName, PrimaryKey, Timestamp, CreatedDate, IsDeleted) VALUES (1142, 'Create', 'kumarcapstone_Employees', '1', GETUTCDATE(), GETUTCDATE(), 0);
INSERT INTO kumarcapstone_AuditLogs (Id, Action, TableName, PrimaryKey, Timestamp, CreatedDate, IsDeleted) VALUES (1143, 'Restore', 'kumarcapstone_Employees', '1', GETUTCDATE(), GETUTCDATE(), 0);
INSERT INTO kumarcapstone_AuditLogs (Id, Action, TableName, PrimaryKey, Timestamp, CreatedDate, IsDeleted) VALUES (1144, 'Create', 'kumarcapstone_Employees', '1', GETUTCDATE(), GETUTCDATE(), 0);
INSERT INTO kumarcapstone_AuditLogs (Id, Action, TableName, PrimaryKey, Timestamp, CreatedDate, IsDeleted) VALUES (1145, 'Create', 'kumarcapstone_LeaveRequests', '1', GETUTCDATE(), GETUTCDATE(), 0);
INSERT INTO kumarcapstone_AuditLogs (Id, Action, TableName, PrimaryKey, Timestamp, CreatedDate, IsDeleted) VALUES (1146, 'Update', 'kumarcapstone_Employees', '1', GETUTCDATE(), GETUTCDATE(), 0);
INSERT INTO kumarcapstone_AuditLogs (Id, Action, TableName, PrimaryKey, Timestamp, CreatedDate, IsDeleted) VALUES (1147, 'Update', 'kumarcapstone_LeaveRequests', '1', GETUTCDATE(), GETUTCDATE(), 0);
INSERT INTO kumarcapstone_AuditLogs (Id, Action, TableName, PrimaryKey, Timestamp, CreatedDate, IsDeleted) VALUES (1148, 'Delete', 'kumarcapstone_Departments', '1', GETUTCDATE(), GETUTCDATE(), 0);
INSERT INTO kumarcapstone_AuditLogs (Id, Action, TableName, PrimaryKey, Timestamp, CreatedDate, IsDeleted) VALUES (1149, 'Delete', 'kumarcapstone_LeaveRequests', '1', GETUTCDATE(), GETUTCDATE(), 0);
INSERT INTO kumarcapstone_AuditLogs (Id, Action, TableName, PrimaryKey, Timestamp, CreatedDate, IsDeleted) VALUES (1150, 'Update', 'kumarcapstone_Departments', '1', GETUTCDATE(), GETUTCDATE(), 0);
INSERT INTO kumarcapstone_AuditLogs (Id, Action, TableName, PrimaryKey, Timestamp, CreatedDate, IsDeleted) VALUES (1151, 'Restore', 'kumarcapstone_Employees', '1', GETUTCDATE(), GETUTCDATE(), 0);
INSERT INTO kumarcapstone_AuditLogs (Id, Action, TableName, PrimaryKey, Timestamp, CreatedDate, IsDeleted) VALUES (1152, 'Logout', 'kumarcapstone_Departments', '1', GETUTCDATE(), GETUTCDATE(), 0);
INSERT INTO kumarcapstone_AuditLogs (Id, Action, TableName, PrimaryKey, Timestamp, CreatedDate, IsDeleted) VALUES (1153, 'Logout', 'kumarcapstone_Employees', '1', GETUTCDATE(), GETUTCDATE(), 0);
INSERT INTO kumarcapstone_AuditLogs (Id, Action, TableName, PrimaryKey, Timestamp, CreatedDate, IsDeleted) VALUES (1154, 'Logout', 'kumarcapstone_Employees', '1', GETUTCDATE(), GETUTCDATE(), 0);
INSERT INTO kumarcapstone_AuditLogs (Id, Action, TableName, PrimaryKey, Timestamp, CreatedDate, IsDeleted) VALUES (1155, 'Update', 'kumarcapstone_Employees', '1', GETUTCDATE(), GETUTCDATE(), 0);
INSERT INTO kumarcapstone_AuditLogs (Id, Action, TableName, PrimaryKey, Timestamp, CreatedDate, IsDeleted) VALUES (1156, 'Restore', 'kumarcapstone_Employees', '1', GETUTCDATE(), GETUTCDATE(), 0);
INSERT INTO kumarcapstone_AuditLogs (Id, Action, TableName, PrimaryKey, Timestamp, CreatedDate, IsDeleted) VALUES (1157, 'Create', 'kumarcapstone_Departments', '1', GETUTCDATE(), GETUTCDATE(), 0);
INSERT INTO kumarcapstone_AuditLogs (Id, Action, TableName, PrimaryKey, Timestamp, CreatedDate, IsDeleted) VALUES (1158, 'Logout', 'kumarcapstone_Departments', '1', GETUTCDATE(), GETUTCDATE(), 0);
INSERT INTO kumarcapstone_AuditLogs (Id, Action, TableName, PrimaryKey, Timestamp, CreatedDate, IsDeleted) VALUES (1159, 'Delete', 'kumarcapstone_LeaveRequests', '1', GETUTCDATE(), GETUTCDATE(), 0);
INSERT INTO kumarcapstone_AuditLogs (Id, Action, TableName, PrimaryKey, Timestamp, CreatedDate, IsDeleted) VALUES (1160, 'Delete', 'kumarcapstone_Departments', '1', GETUTCDATE(), GETUTCDATE(), 0);
INSERT INTO kumarcapstone_AuditLogs (Id, Action, TableName, PrimaryKey, Timestamp, CreatedDate, IsDeleted) VALUES (1161, 'Logout', 'kumarcapstone_Departments', '1', GETUTCDATE(), GETUTCDATE(), 0);
INSERT INTO kumarcapstone_AuditLogs (Id, Action, TableName, PrimaryKey, Timestamp, CreatedDate, IsDeleted) VALUES (1162, 'Restore', 'kumarcapstone_Departments', '1', GETUTCDATE(), GETUTCDATE(), 0);
INSERT INTO kumarcapstone_AuditLogs (Id, Action, TableName, PrimaryKey, Timestamp, CreatedDate, IsDeleted) VALUES (1163, 'Delete', 'kumarcapstone_Departments', '1', GETUTCDATE(), GETUTCDATE(), 0);
INSERT INTO kumarcapstone_AuditLogs (Id, Action, TableName, PrimaryKey, Timestamp, CreatedDate, IsDeleted) VALUES (1164, 'Update', 'kumarcapstone_LeaveRequests', '1', GETUTCDATE(), GETUTCDATE(), 0);
INSERT INTO kumarcapstone_AuditLogs (Id, Action, TableName, PrimaryKey, Timestamp, CreatedDate, IsDeleted) VALUES (1165, 'Login', 'kumarcapstone_Employees', '1', GETUTCDATE(), GETUTCDATE(), 0);
INSERT INTO kumarcapstone_AuditLogs (Id, Action, TableName, PrimaryKey, Timestamp, CreatedDate, IsDeleted) VALUES (1166, 'Logout', 'kumarcapstone_Departments', '1', GETUTCDATE(), GETUTCDATE(), 0);
INSERT INTO kumarcapstone_AuditLogs (Id, Action, TableName, PrimaryKey, Timestamp, CreatedDate, IsDeleted) VALUES (1167, 'Update', 'kumarcapstone_Employees', '1', GETUTCDATE(), GETUTCDATE(), 0);
INSERT INTO kumarcapstone_AuditLogs (Id, Action, TableName, PrimaryKey, Timestamp, CreatedDate, IsDeleted) VALUES (1168, 'Update', 'kumarcapstone_Departments', '1', GETUTCDATE(), GETUTCDATE(), 0);
INSERT INTO kumarcapstone_AuditLogs (Id, Action, TableName, PrimaryKey, Timestamp, CreatedDate, IsDeleted) VALUES (1169, 'Logout', 'kumarcapstone_Departments', '1', GETUTCDATE(), GETUTCDATE(), 0);
INSERT INTO kumarcapstone_AuditLogs (Id, Action, TableName, PrimaryKey, Timestamp, CreatedDate, IsDeleted) VALUES (1170, 'Create', 'kumarcapstone_Departments', '1', GETUTCDATE(), GETUTCDATE(), 0);
INSERT INTO kumarcapstone_AuditLogs (Id, Action, TableName, PrimaryKey, Timestamp, CreatedDate, IsDeleted) VALUES (1171, 'Restore', 'kumarcapstone_Employees', '1', GETUTCDATE(), GETUTCDATE(), 0);
INSERT INTO kumarcapstone_AuditLogs (Id, Action, TableName, PrimaryKey, Timestamp, CreatedDate, IsDeleted) VALUES (1172, 'Delete', 'kumarcapstone_Employees', '1', GETUTCDATE(), GETUTCDATE(), 0);
INSERT INTO kumarcapstone_AuditLogs (Id, Action, TableName, PrimaryKey, Timestamp, CreatedDate, IsDeleted) VALUES (1173, 'Logout', 'kumarcapstone_LeaveRequests', '1', GETUTCDATE(), GETUTCDATE(), 0);
INSERT INTO kumarcapstone_AuditLogs (Id, Action, TableName, PrimaryKey, Timestamp, CreatedDate, IsDeleted) VALUES (1174, 'Update', 'kumarcapstone_LeaveRequests', '1', GETUTCDATE(), GETUTCDATE(), 0);
INSERT INTO kumarcapstone_AuditLogs (Id, Action, TableName, PrimaryKey, Timestamp, CreatedDate, IsDeleted) VALUES (1175, 'Restore', 'kumarcapstone_Departments', '1', GETUTCDATE(), GETUTCDATE(), 0);
INSERT INTO kumarcapstone_AuditLogs (Id, Action, TableName, PrimaryKey, Timestamp, CreatedDate, IsDeleted) VALUES (1176, 'Delete', 'kumarcapstone_Departments', '1', GETUTCDATE(), GETUTCDATE(), 0);
INSERT INTO kumarcapstone_AuditLogs (Id, Action, TableName, PrimaryKey, Timestamp, CreatedDate, IsDeleted) VALUES (1177, 'Logout', 'kumarcapstone_Employees', '1', GETUTCDATE(), GETUTCDATE(), 0);
INSERT INTO kumarcapstone_AuditLogs (Id, Action, TableName, PrimaryKey, Timestamp, CreatedDate, IsDeleted) VALUES (1178, 'Login', 'kumarcapstone_Employees', '1', GETUTCDATE(), GETUTCDATE(), 0);
INSERT INTO kumarcapstone_AuditLogs (Id, Action, TableName, PrimaryKey, Timestamp, CreatedDate, IsDeleted) VALUES (1179, 'Logout', 'kumarcapstone_Departments', '1', GETUTCDATE(), GETUTCDATE(), 0);
INSERT INTO kumarcapstone_AuditLogs (Id, Action, TableName, PrimaryKey, Timestamp, CreatedDate, IsDeleted) VALUES (1180, 'Update', 'kumarcapstone_LeaveRequests', '1', GETUTCDATE(), GETUTCDATE(), 0);
INSERT INTO kumarcapstone_AuditLogs (Id, Action, TableName, PrimaryKey, Timestamp, CreatedDate, IsDeleted) VALUES (1181, 'Login', 'kumarcapstone_Departments', '1', GETUTCDATE(), GETUTCDATE(), 0);
INSERT INTO kumarcapstone_AuditLogs (Id, Action, TableName, PrimaryKey, Timestamp, CreatedDate, IsDeleted) VALUES (1182, 'Restore', 'kumarcapstone_Departments', '1', GETUTCDATE(), GETUTCDATE(), 0);
INSERT INTO kumarcapstone_AuditLogs (Id, Action, TableName, PrimaryKey, Timestamp, CreatedDate, IsDeleted) VALUES (1183, 'Restore', 'kumarcapstone_Employees', '1', GETUTCDATE(), GETUTCDATE(), 0);
INSERT INTO kumarcapstone_AuditLogs (Id, Action, TableName, PrimaryKey, Timestamp, CreatedDate, IsDeleted) VALUES (1184, 'Update', 'kumarcapstone_Employees', '1', GETUTCDATE(), GETUTCDATE(), 0);
INSERT INTO kumarcapstone_AuditLogs (Id, Action, TableName, PrimaryKey, Timestamp, CreatedDate, IsDeleted) VALUES (1185, 'Delete', 'kumarcapstone_Departments', '1', GETUTCDATE(), GETUTCDATE(), 0);
INSERT INTO kumarcapstone_AuditLogs (Id, Action, TableName, PrimaryKey, Timestamp, CreatedDate, IsDeleted) VALUES (1186, 'Logout', 'kumarcapstone_Departments', '1', GETUTCDATE(), GETUTCDATE(), 0);
INSERT INTO kumarcapstone_AuditLogs (Id, Action, TableName, PrimaryKey, Timestamp, CreatedDate, IsDeleted) VALUES (1187, 'Login', 'kumarcapstone_LeaveRequests', '1', GETUTCDATE(), GETUTCDATE(), 0);
INSERT INTO kumarcapstone_AuditLogs (Id, Action, TableName, PrimaryKey, Timestamp, CreatedDate, IsDeleted) VALUES (1188, 'Delete', 'kumarcapstone_Departments', '1', GETUTCDATE(), GETUTCDATE(), 0);
INSERT INTO kumarcapstone_AuditLogs (Id, Action, TableName, PrimaryKey, Timestamp, CreatedDate, IsDeleted) VALUES (1189, 'Create', 'kumarcapstone_Departments', '1', GETUTCDATE(), GETUTCDATE(), 0);
INSERT INTO kumarcapstone_AuditLogs (Id, Action, TableName, PrimaryKey, Timestamp, CreatedDate, IsDeleted) VALUES (1190, 'Create', 'kumarcapstone_Employees', '1', GETUTCDATE(), GETUTCDATE(), 0);
INSERT INTO kumarcapstone_AuditLogs (Id, Action, TableName, PrimaryKey, Timestamp, CreatedDate, IsDeleted) VALUES (1191, 'Logout', 'kumarcapstone_Departments', '1', GETUTCDATE(), GETUTCDATE(), 0);
INSERT INTO kumarcapstone_AuditLogs (Id, Action, TableName, PrimaryKey, Timestamp, CreatedDate, IsDeleted) VALUES (1192, 'Login', 'kumarcapstone_Employees', '1', GETUTCDATE(), GETUTCDATE(), 0);
INSERT INTO kumarcapstone_AuditLogs (Id, Action, TableName, PrimaryKey, Timestamp, CreatedDate, IsDeleted) VALUES (1193, 'Logout', 'kumarcapstone_Employees', '1', GETUTCDATE(), GETUTCDATE(), 0);
INSERT INTO kumarcapstone_AuditLogs (Id, Action, TableName, PrimaryKey, Timestamp, CreatedDate, IsDeleted) VALUES (1194, 'Update', 'kumarcapstone_Departments', '1', GETUTCDATE(), GETUTCDATE(), 0);
INSERT INTO kumarcapstone_AuditLogs (Id, Action, TableName, PrimaryKey, Timestamp, CreatedDate, IsDeleted) VALUES (1195, 'Create', 'kumarcapstone_Employees', '1', GETUTCDATE(), GETUTCDATE(), 0);
INSERT INTO kumarcapstone_AuditLogs (Id, Action, TableName, PrimaryKey, Timestamp, CreatedDate, IsDeleted) VALUES (1196, 'Delete', 'kumarcapstone_LeaveRequests', '1', GETUTCDATE(), GETUTCDATE(), 0);
INSERT INTO kumarcapstone_AuditLogs (Id, Action, TableName, PrimaryKey, Timestamp, CreatedDate, IsDeleted) VALUES (1197, 'Update', 'kumarcapstone_LeaveRequests', '1', GETUTCDATE(), GETUTCDATE(), 0);
INSERT INTO kumarcapstone_AuditLogs (Id, Action, TableName, PrimaryKey, Timestamp, CreatedDate, IsDeleted) VALUES (1198, 'Logout', 'kumarcapstone_Employees', '1', GETUTCDATE(), GETUTCDATE(), 0);
INSERT INTO kumarcapstone_AuditLogs (Id, Action, TableName, PrimaryKey, Timestamp, CreatedDate, IsDeleted) VALUES (1199, 'Create', 'kumarcapstone_Employees', '1', GETUTCDATE(), GETUTCDATE(), 0);
INSERT INTO kumarcapstone_AuditLogs (Id, Action, TableName, PrimaryKey, Timestamp, CreatedDate, IsDeleted) VALUES (1200, 'Restore', 'kumarcapstone_LeaveRequests', '1', GETUTCDATE(), GETUTCDATE(), 0);
INSERT INTO kumarcapstone_AuditLogs (Id, Action, TableName, PrimaryKey, Timestamp, CreatedDate, IsDeleted) VALUES (1201, 'Login', 'kumarcapstone_Departments', '1', GETUTCDATE(), GETUTCDATE(), 0);
INSERT INTO kumarcapstone_AuditLogs (Id, Action, TableName, PrimaryKey, Timestamp, CreatedDate, IsDeleted) VALUES (1202, 'Restore', 'kumarcapstone_Departments', '1', GETUTCDATE(), GETUTCDATE(), 0);
INSERT INTO kumarcapstone_AuditLogs (Id, Action, TableName, PrimaryKey, Timestamp, CreatedDate, IsDeleted) VALUES (1203, 'Create', 'kumarcapstone_Departments', '1', GETUTCDATE(), GETUTCDATE(), 0);
INSERT INTO kumarcapstone_AuditLogs (Id, Action, TableName, PrimaryKey, Timestamp, CreatedDate, IsDeleted) VALUES (1204, 'Update', 'kumarcapstone_Employees', '1', GETUTCDATE(), GETUTCDATE(), 0);
INSERT INTO kumarcapstone_AuditLogs (Id, Action, TableName, PrimaryKey, Timestamp, CreatedDate, IsDeleted) VALUES (1205, 'Create', 'kumarcapstone_LeaveRequests', '1', GETUTCDATE(), GETUTCDATE(), 0);
INSERT INTO kumarcapstone_AuditLogs (Id, Action, TableName, PrimaryKey, Timestamp, CreatedDate, IsDeleted) VALUES (1206, 'Restore', 'kumarcapstone_Departments', '1', GETUTCDATE(), GETUTCDATE(), 0);
INSERT INTO kumarcapstone_AuditLogs (Id, Action, TableName, PrimaryKey, Timestamp, CreatedDate, IsDeleted) VALUES (1207, 'Logout', 'kumarcapstone_Departments', '1', GETUTCDATE(), GETUTCDATE(), 0);
INSERT INTO kumarcapstone_AuditLogs (Id, Action, TableName, PrimaryKey, Timestamp, CreatedDate, IsDeleted) VALUES (1208, 'Restore', 'kumarcapstone_LeaveRequests', '1', GETUTCDATE(), GETUTCDATE(), 0);
INSERT INTO kumarcapstone_AuditLogs (Id, Action, TableName, PrimaryKey, Timestamp, CreatedDate, IsDeleted) VALUES (1209, 'Login', 'kumarcapstone_LeaveRequests', '1', GETUTCDATE(), GETUTCDATE(), 0);
INSERT INTO kumarcapstone_AuditLogs (Id, Action, TableName, PrimaryKey, Timestamp, CreatedDate, IsDeleted) VALUES (1210, 'Update', 'kumarcapstone_Employees', '1', GETUTCDATE(), GETUTCDATE(), 0);
INSERT INTO kumarcapstone_AuditLogs (Id, Action, TableName, PrimaryKey, Timestamp, CreatedDate, IsDeleted) VALUES (1211, 'Delete', 'kumarcapstone_LeaveRequests', '1', GETUTCDATE(), GETUTCDATE(), 0);
INSERT INTO kumarcapstone_AuditLogs (Id, Action, TableName, PrimaryKey, Timestamp, CreatedDate, IsDeleted) VALUES (1212, 'Login', 'kumarcapstone_Departments', '1', GETUTCDATE(), GETUTCDATE(), 0);
INSERT INTO kumarcapstone_AuditLogs (Id, Action, TableName, PrimaryKey, Timestamp, CreatedDate, IsDeleted) VALUES (1213, 'Create', 'kumarcapstone_Employees', '1', GETUTCDATE(), GETUTCDATE(), 0);
INSERT INTO kumarcapstone_AuditLogs (Id, Action, TableName, PrimaryKey, Timestamp, CreatedDate, IsDeleted) VALUES (1214, 'Restore', 'kumarcapstone_Employees', '1', GETUTCDATE(), GETUTCDATE(), 0);
INSERT INTO kumarcapstone_AuditLogs (Id, Action, TableName, PrimaryKey, Timestamp, CreatedDate, IsDeleted) VALUES (1215, 'Restore', 'kumarcapstone_Employees', '1', GETUTCDATE(), GETUTCDATE(), 0);
INSERT INTO kumarcapstone_AuditLogs (Id, Action, TableName, PrimaryKey, Timestamp, CreatedDate, IsDeleted) VALUES (1216, 'Login', 'kumarcapstone_LeaveRequests', '1', GETUTCDATE(), GETUTCDATE(), 0);
INSERT INTO kumarcapstone_AuditLogs (Id, Action, TableName, PrimaryKey, Timestamp, CreatedDate, IsDeleted) VALUES (1217, 'Logout', 'kumarcapstone_Departments', '1', GETUTCDATE(), GETUTCDATE(), 0);
INSERT INTO kumarcapstone_AuditLogs (Id, Action, TableName, PrimaryKey, Timestamp, CreatedDate, IsDeleted) VALUES (1218, 'Logout', 'kumarcapstone_Departments', '1', GETUTCDATE(), GETUTCDATE(), 0);
INSERT INTO kumarcapstone_AuditLogs (Id, Action, TableName, PrimaryKey, Timestamp, CreatedDate, IsDeleted) VALUES (1219, 'Create', 'kumarcapstone_Employees', '1', GETUTCDATE(), GETUTCDATE(), 0);
INSERT INTO kumarcapstone_AuditLogs (Id, Action, TableName, PrimaryKey, Timestamp, CreatedDate, IsDeleted) VALUES (1220, 'Restore', 'kumarcapstone_Departments', '1', GETUTCDATE(), GETUTCDATE(), 0);
INSERT INTO kumarcapstone_AuditLogs (Id, Action, TableName, PrimaryKey, Timestamp, CreatedDate, IsDeleted) VALUES (1221, 'Logout', 'kumarcapstone_Employees', '1', GETUTCDATE(), GETUTCDATE(), 0);
INSERT INTO kumarcapstone_AuditLogs (Id, Action, TableName, PrimaryKey, Timestamp, CreatedDate, IsDeleted) VALUES (1222, 'Restore', 'kumarcapstone_LeaveRequests', '1', GETUTCDATE(), GETUTCDATE(), 0);
INSERT INTO kumarcapstone_AuditLogs (Id, Action, TableName, PrimaryKey, Timestamp, CreatedDate, IsDeleted) VALUES (1223, 'Restore', 'kumarcapstone_Employees', '1', GETUTCDATE(), GETUTCDATE(), 0);
INSERT INTO kumarcapstone_AuditLogs (Id, Action, TableName, PrimaryKey, Timestamp, CreatedDate, IsDeleted) VALUES (1224, 'Delete', 'kumarcapstone_Employees', '1', GETUTCDATE(), GETUTCDATE(), 0);
INSERT INTO kumarcapstone_AuditLogs (Id, Action, TableName, PrimaryKey, Timestamp, CreatedDate, IsDeleted) VALUES (1225, 'Restore', 'kumarcapstone_Employees', '1', GETUTCDATE(), GETUTCDATE(), 0);
INSERT INTO kumarcapstone_AuditLogs (Id, Action, TableName, PrimaryKey, Timestamp, CreatedDate, IsDeleted) VALUES (1226, 'Delete', 'kumarcapstone_Departments', '1', GETUTCDATE(), GETUTCDATE(), 0);
INSERT INTO kumarcapstone_AuditLogs (Id, Action, TableName, PrimaryKey, Timestamp, CreatedDate, IsDeleted) VALUES (1227, 'Update', 'kumarcapstone_Employees', '1', GETUTCDATE(), GETUTCDATE(), 0);
INSERT INTO kumarcapstone_AuditLogs (Id, Action, TableName, PrimaryKey, Timestamp, CreatedDate, IsDeleted) VALUES (1228, 'Login', 'kumarcapstone_LeaveRequests', '1', GETUTCDATE(), GETUTCDATE(), 0);
INSERT INTO kumarcapstone_AuditLogs (Id, Action, TableName, PrimaryKey, Timestamp, CreatedDate, IsDeleted) VALUES (1229, 'Update', 'kumarcapstone_LeaveRequests', '1', GETUTCDATE(), GETUTCDATE(), 0);
INSERT INTO kumarcapstone_AuditLogs (Id, Action, TableName, PrimaryKey, Timestamp, CreatedDate, IsDeleted) VALUES (1230, 'Update', 'kumarcapstone_Employees', '1', GETUTCDATE(), GETUTCDATE(), 0);
INSERT INTO kumarcapstone_AuditLogs (Id, Action, TableName, PrimaryKey, Timestamp, CreatedDate, IsDeleted) VALUES (1231, 'Login', 'kumarcapstone_Employees', '1', GETUTCDATE(), GETUTCDATE(), 0);
INSERT INTO kumarcapstone_AuditLogs (Id, Action, TableName, PrimaryKey, Timestamp, CreatedDate, IsDeleted) VALUES (1232, 'Login', 'kumarcapstone_LeaveRequests', '1', GETUTCDATE(), GETUTCDATE(), 0);
INSERT INTO kumarcapstone_AuditLogs (Id, Action, TableName, PrimaryKey, Timestamp, CreatedDate, IsDeleted) VALUES (1233, 'Login', 'kumarcapstone_LeaveRequests', '1', GETUTCDATE(), GETUTCDATE(), 0);
INSERT INTO kumarcapstone_AuditLogs (Id, Action, TableName, PrimaryKey, Timestamp, CreatedDate, IsDeleted) VALUES (1234, 'Update', 'kumarcapstone_Departments', '1', GETUTCDATE(), GETUTCDATE(), 0);
INSERT INTO kumarcapstone_AuditLogs (Id, Action, TableName, PrimaryKey, Timestamp, CreatedDate, IsDeleted) VALUES (1235, 'Logout', 'kumarcapstone_Departments', '1', GETUTCDATE(), GETUTCDATE(), 0);
INSERT INTO kumarcapstone_AuditLogs (Id, Action, TableName, PrimaryKey, Timestamp, CreatedDate, IsDeleted) VALUES (1236, 'Logout', 'kumarcapstone_LeaveRequests', '1', GETUTCDATE(), GETUTCDATE(), 0);
INSERT INTO kumarcapstone_AuditLogs (Id, Action, TableName, PrimaryKey, Timestamp, CreatedDate, IsDeleted) VALUES (1237, 'Create', 'kumarcapstone_Employees', '1', GETUTCDATE(), GETUTCDATE(), 0);
INSERT INTO kumarcapstone_AuditLogs (Id, Action, TableName, PrimaryKey, Timestamp, CreatedDate, IsDeleted) VALUES (1238, 'Login', 'kumarcapstone_LeaveRequests', '1', GETUTCDATE(), GETUTCDATE(), 0);
INSERT INTO kumarcapstone_AuditLogs (Id, Action, TableName, PrimaryKey, Timestamp, CreatedDate, IsDeleted) VALUES (1239, 'Login', 'kumarcapstone_Departments', '1', GETUTCDATE(), GETUTCDATE(), 0);
INSERT INTO kumarcapstone_AuditLogs (Id, Action, TableName, PrimaryKey, Timestamp, CreatedDate, IsDeleted) VALUES (1240, 'Update', 'kumarcapstone_Employees', '1', GETUTCDATE(), GETUTCDATE(), 0);
INSERT INTO kumarcapstone_AuditLogs (Id, Action, TableName, PrimaryKey, Timestamp, CreatedDate, IsDeleted) VALUES (1241, 'Update', 'kumarcapstone_Departments', '1', GETUTCDATE(), GETUTCDATE(), 0);
INSERT INTO kumarcapstone_AuditLogs (Id, Action, TableName, PrimaryKey, Timestamp, CreatedDate, IsDeleted) VALUES (1242, 'Create', 'kumarcapstone_Employees', '1', GETUTCDATE(), GETUTCDATE(), 0);
INSERT INTO kumarcapstone_AuditLogs (Id, Action, TableName, PrimaryKey, Timestamp, CreatedDate, IsDeleted) VALUES (1243, 'Logout', 'kumarcapstone_Departments', '1', GETUTCDATE(), GETUTCDATE(), 0);
INSERT INTO kumarcapstone_AuditLogs (Id, Action, TableName, PrimaryKey, Timestamp, CreatedDate, IsDeleted) VALUES (1244, 'Update', 'kumarcapstone_Departments', '1', GETUTCDATE(), GETUTCDATE(), 0);
INSERT INTO kumarcapstone_AuditLogs (Id, Action, TableName, PrimaryKey, Timestamp, CreatedDate, IsDeleted) VALUES (1245, 'Login', 'kumarcapstone_LeaveRequests', '1', GETUTCDATE(), GETUTCDATE(), 0);
INSERT INTO kumarcapstone_AuditLogs (Id, Action, TableName, PrimaryKey, Timestamp, CreatedDate, IsDeleted) VALUES (1246, 'Delete', 'kumarcapstone_Employees', '1', GETUTCDATE(), GETUTCDATE(), 0);
INSERT INTO kumarcapstone_AuditLogs (Id, Action, TableName, PrimaryKey, Timestamp, CreatedDate, IsDeleted) VALUES (1247, 'Restore', 'kumarcapstone_LeaveRequests', '1', GETUTCDATE(), GETUTCDATE(), 0);
INSERT INTO kumarcapstone_AuditLogs (Id, Action, TableName, PrimaryKey, Timestamp, CreatedDate, IsDeleted) VALUES (1248, 'Logout', 'kumarcapstone_LeaveRequests', '1', GETUTCDATE(), GETUTCDATE(), 0);
INSERT INTO kumarcapstone_AuditLogs (Id, Action, TableName, PrimaryKey, Timestamp, CreatedDate, IsDeleted) VALUES (1249, 'Login', 'kumarcapstone_Employees', '1', GETUTCDATE(), GETUTCDATE(), 0);
INSERT INTO kumarcapstone_AuditLogs (Id, Action, TableName, PrimaryKey, Timestamp, CreatedDate, IsDeleted) VALUES (1250, 'Login', 'kumarcapstone_Employees', '1', GETUTCDATE(), GETUTCDATE(), 0);
INSERT INTO kumarcapstone_AuditLogs (Id, Action, TableName, PrimaryKey, Timestamp, CreatedDate, IsDeleted) VALUES (1251, 'Restore', 'kumarcapstone_Departments', '1', GETUTCDATE(), GETUTCDATE(), 0);
INSERT INTO kumarcapstone_AuditLogs (Id, Action, TableName, PrimaryKey, Timestamp, CreatedDate, IsDeleted) VALUES (1252, 'Create', 'kumarcapstone_Employees', '1', GETUTCDATE(), GETUTCDATE(), 0);
INSERT INTO kumarcapstone_AuditLogs (Id, Action, TableName, PrimaryKey, Timestamp, CreatedDate, IsDeleted) VALUES (1253, 'Login', 'kumarcapstone_Departments', '1', GETUTCDATE(), GETUTCDATE(), 0);
INSERT INTO kumarcapstone_AuditLogs (Id, Action, TableName, PrimaryKey, Timestamp, CreatedDate, IsDeleted) VALUES (1254, 'Restore', 'kumarcapstone_Employees', '1', GETUTCDATE(), GETUTCDATE(), 0);
INSERT INTO kumarcapstone_AuditLogs (Id, Action, TableName, PrimaryKey, Timestamp, CreatedDate, IsDeleted) VALUES (1255, 'Restore', 'kumarcapstone_Departments', '1', GETUTCDATE(), GETUTCDATE(), 0);
INSERT INTO kumarcapstone_AuditLogs (Id, Action, TableName, PrimaryKey, Timestamp, CreatedDate, IsDeleted) VALUES (1256, 'Logout', 'kumarcapstone_Employees', '1', GETUTCDATE(), GETUTCDATE(), 0);
INSERT INTO kumarcapstone_AuditLogs (Id, Action, TableName, PrimaryKey, Timestamp, CreatedDate, IsDeleted) VALUES (1257, 'Restore', 'kumarcapstone_Employees', '1', GETUTCDATE(), GETUTCDATE(), 0);
INSERT INTO kumarcapstone_AuditLogs (Id, Action, TableName, PrimaryKey, Timestamp, CreatedDate, IsDeleted) VALUES (1258, 'Delete', 'kumarcapstone_Employees', '1', GETUTCDATE(), GETUTCDATE(), 0);
INSERT INTO kumarcapstone_AuditLogs (Id, Action, TableName, PrimaryKey, Timestamp, CreatedDate, IsDeleted) VALUES (1259, 'Create', 'kumarcapstone_LeaveRequests', '1', GETUTCDATE(), GETUTCDATE(), 0);
INSERT INTO kumarcapstone_AuditLogs (Id, Action, TableName, PrimaryKey, Timestamp, CreatedDate, IsDeleted) VALUES (1260, 'Logout', 'kumarcapstone_LeaveRequests', '1', GETUTCDATE(), GETUTCDATE(), 0);
INSERT INTO kumarcapstone_AuditLogs (Id, Action, TableName, PrimaryKey, Timestamp, CreatedDate, IsDeleted) VALUES (1261, 'Restore', 'kumarcapstone_Employees', '1', GETUTCDATE(), GETUTCDATE(), 0);
INSERT INTO kumarcapstone_AuditLogs (Id, Action, TableName, PrimaryKey, Timestamp, CreatedDate, IsDeleted) VALUES (1262, 'Login', 'kumarcapstone_Employees', '1', GETUTCDATE(), GETUTCDATE(), 0);
INSERT INTO kumarcapstone_AuditLogs (Id, Action, TableName, PrimaryKey, Timestamp, CreatedDate, IsDeleted) VALUES (1263, 'Login', 'kumarcapstone_Employees', '1', GETUTCDATE(), GETUTCDATE(), 0);
INSERT INTO kumarcapstone_AuditLogs (Id, Action, TableName, PrimaryKey, Timestamp, CreatedDate, IsDeleted) VALUES (1264, 'Login', 'kumarcapstone_LeaveRequests', '1', GETUTCDATE(), GETUTCDATE(), 0);
INSERT INTO kumarcapstone_AuditLogs (Id, Action, TableName, PrimaryKey, Timestamp, CreatedDate, IsDeleted) VALUES (1265, 'Delete', 'kumarcapstone_Employees', '1', GETUTCDATE(), GETUTCDATE(), 0);
INSERT INTO kumarcapstone_AuditLogs (Id, Action, TableName, PrimaryKey, Timestamp, CreatedDate, IsDeleted) VALUES (1266, 'Login', 'kumarcapstone_Departments', '1', GETUTCDATE(), GETUTCDATE(), 0);
INSERT INTO kumarcapstone_AuditLogs (Id, Action, TableName, PrimaryKey, Timestamp, CreatedDate, IsDeleted) VALUES (1267, 'Login', 'kumarcapstone_Departments', '1', GETUTCDATE(), GETUTCDATE(), 0);
INSERT INTO kumarcapstone_AuditLogs (Id, Action, TableName, PrimaryKey, Timestamp, CreatedDate, IsDeleted) VALUES (1268, 'Create', 'kumarcapstone_Employees', '1', GETUTCDATE(), GETUTCDATE(), 0);
INSERT INTO kumarcapstone_AuditLogs (Id, Action, TableName, PrimaryKey, Timestamp, CreatedDate, IsDeleted) VALUES (1269, 'Create', 'kumarcapstone_Departments', '1', GETUTCDATE(), GETUTCDATE(), 0);
INSERT INTO kumarcapstone_AuditLogs (Id, Action, TableName, PrimaryKey, Timestamp, CreatedDate, IsDeleted) VALUES (1270, 'Logout', 'kumarcapstone_Employees', '1', GETUTCDATE(), GETUTCDATE(), 0);
INSERT INTO kumarcapstone_AuditLogs (Id, Action, TableName, PrimaryKey, Timestamp, CreatedDate, IsDeleted) VALUES (1271, 'Update', 'kumarcapstone_Employees', '1', GETUTCDATE(), GETUTCDATE(), 0);
INSERT INTO kumarcapstone_AuditLogs (Id, Action, TableName, PrimaryKey, Timestamp, CreatedDate, IsDeleted) VALUES (1272, 'Delete', 'kumarcapstone_LeaveRequests', '1', GETUTCDATE(), GETUTCDATE(), 0);
INSERT INTO kumarcapstone_AuditLogs (Id, Action, TableName, PrimaryKey, Timestamp, CreatedDate, IsDeleted) VALUES (1273, 'Delete', 'kumarcapstone_LeaveRequests', '1', GETUTCDATE(), GETUTCDATE(), 0);
INSERT INTO kumarcapstone_AuditLogs (Id, Action, TableName, PrimaryKey, Timestamp, CreatedDate, IsDeleted) VALUES (1274, 'Delete', 'kumarcapstone_LeaveRequests', '1', GETUTCDATE(), GETUTCDATE(), 0);
INSERT INTO kumarcapstone_AuditLogs (Id, Action, TableName, PrimaryKey, Timestamp, CreatedDate, IsDeleted) VALUES (1275, 'Logout', 'kumarcapstone_Employees', '1', GETUTCDATE(), GETUTCDATE(), 0);
INSERT INTO kumarcapstone_AuditLogs (Id, Action, TableName, PrimaryKey, Timestamp, CreatedDate, IsDeleted) VALUES (1276, 'Create', 'kumarcapstone_Employees', '1', GETUTCDATE(), GETUTCDATE(), 0);
INSERT INTO kumarcapstone_AuditLogs (Id, Action, TableName, PrimaryKey, Timestamp, CreatedDate, IsDeleted) VALUES (1277, 'Delete', 'kumarcapstone_Employees', '1', GETUTCDATE(), GETUTCDATE(), 0);
INSERT INTO kumarcapstone_AuditLogs (Id, Action, TableName, PrimaryKey, Timestamp, CreatedDate, IsDeleted) VALUES (1278, 'Login', 'kumarcapstone_Departments', '1', GETUTCDATE(), GETUTCDATE(), 0);
INSERT INTO kumarcapstone_AuditLogs (Id, Action, TableName, PrimaryKey, Timestamp, CreatedDate, IsDeleted) VALUES (1279, 'Delete', 'kumarcapstone_Departments', '1', GETUTCDATE(), GETUTCDATE(), 0);
INSERT INTO kumarcapstone_AuditLogs (Id, Action, TableName, PrimaryKey, Timestamp, CreatedDate, IsDeleted) VALUES (1280, 'Login', 'kumarcapstone_LeaveRequests', '1', GETUTCDATE(), GETUTCDATE(), 0);
INSERT INTO kumarcapstone_AuditLogs (Id, Action, TableName, PrimaryKey, Timestamp, CreatedDate, IsDeleted) VALUES (1281, 'Logout', 'kumarcapstone_Employees', '1', GETUTCDATE(), GETUTCDATE(), 0);
INSERT INTO kumarcapstone_AuditLogs (Id, Action, TableName, PrimaryKey, Timestamp, CreatedDate, IsDeleted) VALUES (1282, 'Restore', 'kumarcapstone_Employees', '1', GETUTCDATE(), GETUTCDATE(), 0);
INSERT INTO kumarcapstone_AuditLogs (Id, Action, TableName, PrimaryKey, Timestamp, CreatedDate, IsDeleted) VALUES (1283, 'Create', 'kumarcapstone_LeaveRequests', '1', GETUTCDATE(), GETUTCDATE(), 0);
INSERT INTO kumarcapstone_AuditLogs (Id, Action, TableName, PrimaryKey, Timestamp, CreatedDate, IsDeleted) VALUES (1284, 'Logout', 'kumarcapstone_LeaveRequests', '1', GETUTCDATE(), GETUTCDATE(), 0);
INSERT INTO kumarcapstone_AuditLogs (Id, Action, TableName, PrimaryKey, Timestamp, CreatedDate, IsDeleted) VALUES (1285, 'Delete', 'kumarcapstone_Departments', '1', GETUTCDATE(), GETUTCDATE(), 0);
INSERT INTO kumarcapstone_AuditLogs (Id, Action, TableName, PrimaryKey, Timestamp, CreatedDate, IsDeleted) VALUES (1286, 'Update', 'kumarcapstone_Departments', '1', GETUTCDATE(), GETUTCDATE(), 0);
INSERT INTO kumarcapstone_AuditLogs (Id, Action, TableName, PrimaryKey, Timestamp, CreatedDate, IsDeleted) VALUES (1287, 'Create', 'kumarcapstone_Departments', '1', GETUTCDATE(), GETUTCDATE(), 0);
INSERT INTO kumarcapstone_AuditLogs (Id, Action, TableName, PrimaryKey, Timestamp, CreatedDate, IsDeleted) VALUES (1288, 'Create', 'kumarcapstone_LeaveRequests', '1', GETUTCDATE(), GETUTCDATE(), 0);
INSERT INTO kumarcapstone_AuditLogs (Id, Action, TableName, PrimaryKey, Timestamp, CreatedDate, IsDeleted) VALUES (1289, 'Update', 'kumarcapstone_Departments', '1', GETUTCDATE(), GETUTCDATE(), 0);
INSERT INTO kumarcapstone_AuditLogs (Id, Action, TableName, PrimaryKey, Timestamp, CreatedDate, IsDeleted) VALUES (1290, 'Create', 'kumarcapstone_LeaveRequests', '1', GETUTCDATE(), GETUTCDATE(), 0);
INSERT INTO kumarcapstone_AuditLogs (Id, Action, TableName, PrimaryKey, Timestamp, CreatedDate, IsDeleted) VALUES (1291, 'Logout', 'kumarcapstone_Employees', '1', GETUTCDATE(), GETUTCDATE(), 0);
INSERT INTO kumarcapstone_AuditLogs (Id, Action, TableName, PrimaryKey, Timestamp, CreatedDate, IsDeleted) VALUES (1292, 'Create', 'kumarcapstone_Employees', '1', GETUTCDATE(), GETUTCDATE(), 0);
INSERT INTO kumarcapstone_AuditLogs (Id, Action, TableName, PrimaryKey, Timestamp, CreatedDate, IsDeleted) VALUES (1293, 'Login', 'kumarcapstone_Departments', '1', GETUTCDATE(), GETUTCDATE(), 0);
INSERT INTO kumarcapstone_AuditLogs (Id, Action, TableName, PrimaryKey, Timestamp, CreatedDate, IsDeleted) VALUES (1294, 'Login', 'kumarcapstone_Employees', '1', GETUTCDATE(), GETUTCDATE(), 0);
INSERT INTO kumarcapstone_AuditLogs (Id, Action, TableName, PrimaryKey, Timestamp, CreatedDate, IsDeleted) VALUES (1295, 'Restore', 'kumarcapstone_LeaveRequests', '1', GETUTCDATE(), GETUTCDATE(), 0);
INSERT INTO kumarcapstone_AuditLogs (Id, Action, TableName, PrimaryKey, Timestamp, CreatedDate, IsDeleted) VALUES (1296, 'Restore', 'kumarcapstone_Departments', '1', GETUTCDATE(), GETUTCDATE(), 0);
INSERT INTO kumarcapstone_AuditLogs (Id, Action, TableName, PrimaryKey, Timestamp, CreatedDate, IsDeleted) VALUES (1297, 'Restore', 'kumarcapstone_LeaveRequests', '1', GETUTCDATE(), GETUTCDATE(), 0);
INSERT INTO kumarcapstone_AuditLogs (Id, Action, TableName, PrimaryKey, Timestamp, CreatedDate, IsDeleted) VALUES (1298, 'Login', 'kumarcapstone_Departments', '1', GETUTCDATE(), GETUTCDATE(), 0);
INSERT INTO kumarcapstone_AuditLogs (Id, Action, TableName, PrimaryKey, Timestamp, CreatedDate, IsDeleted) VALUES (1299, 'Create', 'kumarcapstone_Departments', '1', GETUTCDATE(), GETUTCDATE(), 0);
INSERT INTO kumarcapstone_AuditLogs (Id, Action, TableName, PrimaryKey, Timestamp, CreatedDate, IsDeleted) VALUES (1300, 'Logout', 'kumarcapstone_Departments', '1', GETUTCDATE(), GETUTCDATE(), 0);
INSERT INTO kumarcapstone_AuditLogs (Id, Action, TableName, PrimaryKey, Timestamp, CreatedDate, IsDeleted) VALUES (1301, 'Login', 'kumarcapstone_LeaveRequests', '1', GETUTCDATE(), GETUTCDATE(), 0);
INSERT INTO kumarcapstone_AuditLogs (Id, Action, TableName, PrimaryKey, Timestamp, CreatedDate, IsDeleted) VALUES (1302, 'Login', 'kumarcapstone_LeaveRequests', '1', GETUTCDATE(), GETUTCDATE(), 0);
INSERT INTO kumarcapstone_AuditLogs (Id, Action, TableName, PrimaryKey, Timestamp, CreatedDate, IsDeleted) VALUES (1303, 'Login', 'kumarcapstone_Departments', '1', GETUTCDATE(), GETUTCDATE(), 0);
INSERT INTO kumarcapstone_AuditLogs (Id, Action, TableName, PrimaryKey, Timestamp, CreatedDate, IsDeleted) VALUES (1304, 'Update', 'kumarcapstone_Employees', '1', GETUTCDATE(), GETUTCDATE(), 0);
INSERT INTO kumarcapstone_AuditLogs (Id, Action, TableName, PrimaryKey, Timestamp, CreatedDate, IsDeleted) VALUES (1305, 'Update', 'kumarcapstone_Employees', '1', GETUTCDATE(), GETUTCDATE(), 0);
INSERT INTO kumarcapstone_AuditLogs (Id, Action, TableName, PrimaryKey, Timestamp, CreatedDate, IsDeleted) VALUES (1306, 'Login', 'kumarcapstone_Employees', '1', GETUTCDATE(), GETUTCDATE(), 0);
INSERT INTO kumarcapstone_AuditLogs (Id, Action, TableName, PrimaryKey, Timestamp, CreatedDate, IsDeleted) VALUES (1307, 'Logout', 'kumarcapstone_LeaveRequests', '1', GETUTCDATE(), GETUTCDATE(), 0);
INSERT INTO kumarcapstone_AuditLogs (Id, Action, TableName, PrimaryKey, Timestamp, CreatedDate, IsDeleted) VALUES (1308, 'Logout', 'kumarcapstone_Departments', '1', GETUTCDATE(), GETUTCDATE(), 0);
INSERT INTO kumarcapstone_AuditLogs (Id, Action, TableName, PrimaryKey, Timestamp, CreatedDate, IsDeleted) VALUES (1309, 'Create', 'kumarcapstone_Employees', '1', GETUTCDATE(), GETUTCDATE(), 0);
INSERT INTO kumarcapstone_AuditLogs (Id, Action, TableName, PrimaryKey, Timestamp, CreatedDate, IsDeleted) VALUES (1310, 'Update', 'kumarcapstone_LeaveRequests', '1', GETUTCDATE(), GETUTCDATE(), 0);
INSERT INTO kumarcapstone_AuditLogs (Id, Action, TableName, PrimaryKey, Timestamp, CreatedDate, IsDeleted) VALUES (1311, 'Create', 'kumarcapstone_Employees', '1', GETUTCDATE(), GETUTCDATE(), 0);
INSERT INTO kumarcapstone_AuditLogs (Id, Action, TableName, PrimaryKey, Timestamp, CreatedDate, IsDeleted) VALUES (1312, 'Logout', 'kumarcapstone_Departments', '1', GETUTCDATE(), GETUTCDATE(), 0);
INSERT INTO kumarcapstone_AuditLogs (Id, Action, TableName, PrimaryKey, Timestamp, CreatedDate, IsDeleted) VALUES (1313, 'Restore', 'kumarcapstone_Departments', '1', GETUTCDATE(), GETUTCDATE(), 0);
INSERT INTO kumarcapstone_AuditLogs (Id, Action, TableName, PrimaryKey, Timestamp, CreatedDate, IsDeleted) VALUES (1314, 'Restore', 'kumarcapstone_Employees', '1', GETUTCDATE(), GETUTCDATE(), 0);
INSERT INTO kumarcapstone_AuditLogs (Id, Action, TableName, PrimaryKey, Timestamp, CreatedDate, IsDeleted) VALUES (1315, 'Logout', 'kumarcapstone_LeaveRequests', '1', GETUTCDATE(), GETUTCDATE(), 0);
INSERT INTO kumarcapstone_AuditLogs (Id, Action, TableName, PrimaryKey, Timestamp, CreatedDate, IsDeleted) VALUES (1316, 'Restore', 'kumarcapstone_Employees', '1', GETUTCDATE(), GETUTCDATE(), 0);
INSERT INTO kumarcapstone_AuditLogs (Id, Action, TableName, PrimaryKey, Timestamp, CreatedDate, IsDeleted) VALUES (1317, 'Logout', 'kumarcapstone_Employees', '1', GETUTCDATE(), GETUTCDATE(), 0);
INSERT INTO kumarcapstone_AuditLogs (Id, Action, TableName, PrimaryKey, Timestamp, CreatedDate, IsDeleted) VALUES (1318, 'Create', 'kumarcapstone_Departments', '1', GETUTCDATE(), GETUTCDATE(), 0);
INSERT INTO kumarcapstone_AuditLogs (Id, Action, TableName, PrimaryKey, Timestamp, CreatedDate, IsDeleted) VALUES (1319, 'Create', 'kumarcapstone_LeaveRequests', '1', GETUTCDATE(), GETUTCDATE(), 0);
INSERT INTO kumarcapstone_AuditLogs (Id, Action, TableName, PrimaryKey, Timestamp, CreatedDate, IsDeleted) VALUES (1320, 'Update', 'kumarcapstone_LeaveRequests', '1', GETUTCDATE(), GETUTCDATE(), 0);
INSERT INTO kumarcapstone_AuditLogs (Id, Action, TableName, PrimaryKey, Timestamp, CreatedDate, IsDeleted) VALUES (1321, 'Create', 'kumarcapstone_LeaveRequests', '1', GETUTCDATE(), GETUTCDATE(), 0);
INSERT INTO kumarcapstone_AuditLogs (Id, Action, TableName, PrimaryKey, Timestamp, CreatedDate, IsDeleted) VALUES (1322, 'Delete', 'kumarcapstone_LeaveRequests', '1', GETUTCDATE(), GETUTCDATE(), 0);
INSERT INTO kumarcapstone_AuditLogs (Id, Action, TableName, PrimaryKey, Timestamp, CreatedDate, IsDeleted) VALUES (1323, 'Login', 'kumarcapstone_Employees', '1', GETUTCDATE(), GETUTCDATE(), 0);
INSERT INTO kumarcapstone_AuditLogs (Id, Action, TableName, PrimaryKey, Timestamp, CreatedDate, IsDeleted) VALUES (1324, 'Login', 'kumarcapstone_LeaveRequests', '1', GETUTCDATE(), GETUTCDATE(), 0);
INSERT INTO kumarcapstone_AuditLogs (Id, Action, TableName, PrimaryKey, Timestamp, CreatedDate, IsDeleted) VALUES (1325, 'Login', 'kumarcapstone_Departments', '1', GETUTCDATE(), GETUTCDATE(), 0);
INSERT INTO kumarcapstone_AuditLogs (Id, Action, TableName, PrimaryKey, Timestamp, CreatedDate, IsDeleted) VALUES (1326, 'Update', 'kumarcapstone_LeaveRequests', '1', GETUTCDATE(), GETUTCDATE(), 0);
INSERT INTO kumarcapstone_AuditLogs (Id, Action, TableName, PrimaryKey, Timestamp, CreatedDate, IsDeleted) VALUES (1327, 'Delete', 'kumarcapstone_Employees', '1', GETUTCDATE(), GETUTCDATE(), 0);
INSERT INTO kumarcapstone_AuditLogs (Id, Action, TableName, PrimaryKey, Timestamp, CreatedDate, IsDeleted) VALUES (1328, 'Logout', 'kumarcapstone_LeaveRequests', '1', GETUTCDATE(), GETUTCDATE(), 0);
INSERT INTO kumarcapstone_AuditLogs (Id, Action, TableName, PrimaryKey, Timestamp, CreatedDate, IsDeleted) VALUES (1329, 'Logout', 'kumarcapstone_LeaveRequests', '1', GETUTCDATE(), GETUTCDATE(), 0);
INSERT INTO kumarcapstone_AuditLogs (Id, Action, TableName, PrimaryKey, Timestamp, CreatedDate, IsDeleted) VALUES (1330, 'Create', 'kumarcapstone_Departments', '1', GETUTCDATE(), GETUTCDATE(), 0);
INSERT INTO kumarcapstone_AuditLogs (Id, Action, TableName, PrimaryKey, Timestamp, CreatedDate, IsDeleted) VALUES (1331, 'Restore', 'kumarcapstone_Departments', '1', GETUTCDATE(), GETUTCDATE(), 0);
INSERT INTO kumarcapstone_AuditLogs (Id, Action, TableName, PrimaryKey, Timestamp, CreatedDate, IsDeleted) VALUES (1332, 'Update', 'kumarcapstone_LeaveRequests', '1', GETUTCDATE(), GETUTCDATE(), 0);
INSERT INTO kumarcapstone_AuditLogs (Id, Action, TableName, PrimaryKey, Timestamp, CreatedDate, IsDeleted) VALUES (1333, 'Update', 'kumarcapstone_Employees', '1', GETUTCDATE(), GETUTCDATE(), 0);
INSERT INTO kumarcapstone_AuditLogs (Id, Action, TableName, PrimaryKey, Timestamp, CreatedDate, IsDeleted) VALUES (1334, 'Logout', 'kumarcapstone_LeaveRequests', '1', GETUTCDATE(), GETUTCDATE(), 0);
INSERT INTO kumarcapstone_AuditLogs (Id, Action, TableName, PrimaryKey, Timestamp, CreatedDate, IsDeleted) VALUES (1335, 'Create', 'kumarcapstone_Departments', '1', GETUTCDATE(), GETUTCDATE(), 0);
INSERT INTO kumarcapstone_AuditLogs (Id, Action, TableName, PrimaryKey, Timestamp, CreatedDate, IsDeleted) VALUES (1336, 'Logout', 'kumarcapstone_LeaveRequests', '1', GETUTCDATE(), GETUTCDATE(), 0);
INSERT INTO kumarcapstone_AuditLogs (Id, Action, TableName, PrimaryKey, Timestamp, CreatedDate, IsDeleted) VALUES (1337, 'Create', 'kumarcapstone_Employees', '1', GETUTCDATE(), GETUTCDATE(), 0);
INSERT INTO kumarcapstone_AuditLogs (Id, Action, TableName, PrimaryKey, Timestamp, CreatedDate, IsDeleted) VALUES (1338, 'Delete', 'kumarcapstone_Departments', '1', GETUTCDATE(), GETUTCDATE(), 0);
INSERT INTO kumarcapstone_AuditLogs (Id, Action, TableName, PrimaryKey, Timestamp, CreatedDate, IsDeleted) VALUES (1339, 'Login', 'kumarcapstone_Departments', '1', GETUTCDATE(), GETUTCDATE(), 0);
INSERT INTO kumarcapstone_AuditLogs (Id, Action, TableName, PrimaryKey, Timestamp, CreatedDate, IsDeleted) VALUES (1340, 'Delete', 'kumarcapstone_Employees', '1', GETUTCDATE(), GETUTCDATE(), 0);
INSERT INTO kumarcapstone_AuditLogs (Id, Action, TableName, PrimaryKey, Timestamp, CreatedDate, IsDeleted) VALUES (1341, 'Restore', 'kumarcapstone_Employees', '1', GETUTCDATE(), GETUTCDATE(), 0);
INSERT INTO kumarcapstone_AuditLogs (Id, Action, TableName, PrimaryKey, Timestamp, CreatedDate, IsDeleted) VALUES (1342, 'Update', 'kumarcapstone_Employees', '1', GETUTCDATE(), GETUTCDATE(), 0);
INSERT INTO kumarcapstone_AuditLogs (Id, Action, TableName, PrimaryKey, Timestamp, CreatedDate, IsDeleted) VALUES (1343, 'Logout', 'kumarcapstone_Employees', '1', GETUTCDATE(), GETUTCDATE(), 0);
INSERT INTO kumarcapstone_AuditLogs (Id, Action, TableName, PrimaryKey, Timestamp, CreatedDate, IsDeleted) VALUES (1344, 'Delete', 'kumarcapstone_LeaveRequests', '1', GETUTCDATE(), GETUTCDATE(), 0);
INSERT INTO kumarcapstone_AuditLogs (Id, Action, TableName, PrimaryKey, Timestamp, CreatedDate, IsDeleted) VALUES (1345, 'Delete', 'kumarcapstone_Departments', '1', GETUTCDATE(), GETUTCDATE(), 0);
INSERT INTO kumarcapstone_AuditLogs (Id, Action, TableName, PrimaryKey, Timestamp, CreatedDate, IsDeleted) VALUES (1346, 'Create', 'kumarcapstone_Departments', '1', GETUTCDATE(), GETUTCDATE(), 0);
INSERT INTO kumarcapstone_AuditLogs (Id, Action, TableName, PrimaryKey, Timestamp, CreatedDate, IsDeleted) VALUES (1347, 'Update', 'kumarcapstone_Employees', '1', GETUTCDATE(), GETUTCDATE(), 0);
INSERT INTO kumarcapstone_AuditLogs (Id, Action, TableName, PrimaryKey, Timestamp, CreatedDate, IsDeleted) VALUES (1348, 'Logout', 'kumarcapstone_Employees', '1', GETUTCDATE(), GETUTCDATE(), 0);
INSERT INTO kumarcapstone_AuditLogs (Id, Action, TableName, PrimaryKey, Timestamp, CreatedDate, IsDeleted) VALUES (1349, 'Create', 'kumarcapstone_LeaveRequests', '1', GETUTCDATE(), GETUTCDATE(), 0);
INSERT INTO kumarcapstone_AuditLogs (Id, Action, TableName, PrimaryKey, Timestamp, CreatedDate, IsDeleted) VALUES (1350, 'Update', 'kumarcapstone_LeaveRequests', '1', GETUTCDATE(), GETUTCDATE(), 0);
INSERT INTO kumarcapstone_AuditLogs (Id, Action, TableName, PrimaryKey, Timestamp, CreatedDate, IsDeleted) VALUES (1351, 'Create', 'kumarcapstone_Departments', '1', GETUTCDATE(), GETUTCDATE(), 0);
INSERT INTO kumarcapstone_AuditLogs (Id, Action, TableName, PrimaryKey, Timestamp, CreatedDate, IsDeleted) VALUES (1352, 'Login', 'kumarcapstone_LeaveRequests', '1', GETUTCDATE(), GETUTCDATE(), 0);
INSERT INTO kumarcapstone_AuditLogs (Id, Action, TableName, PrimaryKey, Timestamp, CreatedDate, IsDeleted) VALUES (1353, 'Logout', 'kumarcapstone_Departments', '1', GETUTCDATE(), GETUTCDATE(), 0);
INSERT INTO kumarcapstone_AuditLogs (Id, Action, TableName, PrimaryKey, Timestamp, CreatedDate, IsDeleted) VALUES (1354, 'Logout', 'kumarcapstone_LeaveRequests', '1', GETUTCDATE(), GETUTCDATE(), 0);
INSERT INTO kumarcapstone_AuditLogs (Id, Action, TableName, PrimaryKey, Timestamp, CreatedDate, IsDeleted) VALUES (1355, 'Create', 'kumarcapstone_LeaveRequests', '1', GETUTCDATE(), GETUTCDATE(), 0);
INSERT INTO kumarcapstone_AuditLogs (Id, Action, TableName, PrimaryKey, Timestamp, CreatedDate, IsDeleted) VALUES (1356, 'Logout', 'kumarcapstone_Employees', '1', GETUTCDATE(), GETUTCDATE(), 0);
INSERT INTO kumarcapstone_AuditLogs (Id, Action, TableName, PrimaryKey, Timestamp, CreatedDate, IsDeleted) VALUES (1357, 'Update', 'kumarcapstone_LeaveRequests', '1', GETUTCDATE(), GETUTCDATE(), 0);
INSERT INTO kumarcapstone_AuditLogs (Id, Action, TableName, PrimaryKey, Timestamp, CreatedDate, IsDeleted) VALUES (1358, 'Logout', 'kumarcapstone_Employees', '1', GETUTCDATE(), GETUTCDATE(), 0);
INSERT INTO kumarcapstone_AuditLogs (Id, Action, TableName, PrimaryKey, Timestamp, CreatedDate, IsDeleted) VALUES (1359, 'Login', 'kumarcapstone_Departments', '1', GETUTCDATE(), GETUTCDATE(), 0);
INSERT INTO kumarcapstone_AuditLogs (Id, Action, TableName, PrimaryKey, Timestamp, CreatedDate, IsDeleted) VALUES (1360, 'Login', 'kumarcapstone_Departments', '1', GETUTCDATE(), GETUTCDATE(), 0);
INSERT INTO kumarcapstone_AuditLogs (Id, Action, TableName, PrimaryKey, Timestamp, CreatedDate, IsDeleted) VALUES (1361, 'Create', 'kumarcapstone_LeaveRequests', '1', GETUTCDATE(), GETUTCDATE(), 0);
INSERT INTO kumarcapstone_AuditLogs (Id, Action, TableName, PrimaryKey, Timestamp, CreatedDate, IsDeleted) VALUES (1362, 'Update', 'kumarcapstone_Employees', '1', GETUTCDATE(), GETUTCDATE(), 0);
INSERT INTO kumarcapstone_AuditLogs (Id, Action, TableName, PrimaryKey, Timestamp, CreatedDate, IsDeleted) VALUES (1363, 'Logout', 'kumarcapstone_Employees', '1', GETUTCDATE(), GETUTCDATE(), 0);
INSERT INTO kumarcapstone_AuditLogs (Id, Action, TableName, PrimaryKey, Timestamp, CreatedDate, IsDeleted) VALUES (1364, 'Login', 'kumarcapstone_Departments', '1', GETUTCDATE(), GETUTCDATE(), 0);
INSERT INTO kumarcapstone_AuditLogs (Id, Action, TableName, PrimaryKey, Timestamp, CreatedDate, IsDeleted) VALUES (1365, 'Restore', 'kumarcapstone_Employees', '1', GETUTCDATE(), GETUTCDATE(), 0);
INSERT INTO kumarcapstone_AuditLogs (Id, Action, TableName, PrimaryKey, Timestamp, CreatedDate, IsDeleted) VALUES (1366, 'Update', 'kumarcapstone_Employees', '1', GETUTCDATE(), GETUTCDATE(), 0);
INSERT INTO kumarcapstone_AuditLogs (Id, Action, TableName, PrimaryKey, Timestamp, CreatedDate, IsDeleted) VALUES (1367, 'Create', 'kumarcapstone_LeaveRequests', '1', GETUTCDATE(), GETUTCDATE(), 0);
INSERT INTO kumarcapstone_AuditLogs (Id, Action, TableName, PrimaryKey, Timestamp, CreatedDate, IsDeleted) VALUES (1368, 'Delete', 'kumarcapstone_Departments', '1', GETUTCDATE(), GETUTCDATE(), 0);
INSERT INTO kumarcapstone_AuditLogs (Id, Action, TableName, PrimaryKey, Timestamp, CreatedDate, IsDeleted) VALUES (1369, 'Logout', 'kumarcapstone_LeaveRequests', '1', GETUTCDATE(), GETUTCDATE(), 0);
INSERT INTO kumarcapstone_AuditLogs (Id, Action, TableName, PrimaryKey, Timestamp, CreatedDate, IsDeleted) VALUES (1370, 'Login', 'kumarcapstone_LeaveRequests', '1', GETUTCDATE(), GETUTCDATE(), 0);
INSERT INTO kumarcapstone_AuditLogs (Id, Action, TableName, PrimaryKey, Timestamp, CreatedDate, IsDeleted) VALUES (1371, 'Restore', 'kumarcapstone_LeaveRequests', '1', GETUTCDATE(), GETUTCDATE(), 0);
INSERT INTO kumarcapstone_AuditLogs (Id, Action, TableName, PrimaryKey, Timestamp, CreatedDate, IsDeleted) VALUES (1372, 'Create', 'kumarcapstone_LeaveRequests', '1', GETUTCDATE(), GETUTCDATE(), 0);
INSERT INTO kumarcapstone_AuditLogs (Id, Action, TableName, PrimaryKey, Timestamp, CreatedDate, IsDeleted) VALUES (1373, 'Restore', 'kumarcapstone_Employees', '1', GETUTCDATE(), GETUTCDATE(), 0);
INSERT INTO kumarcapstone_AuditLogs (Id, Action, TableName, PrimaryKey, Timestamp, CreatedDate, IsDeleted) VALUES (1374, 'Restore', 'kumarcapstone_LeaveRequests', '1', GETUTCDATE(), GETUTCDATE(), 0);
INSERT INTO kumarcapstone_AuditLogs (Id, Action, TableName, PrimaryKey, Timestamp, CreatedDate, IsDeleted) VALUES (1375, 'Login', 'kumarcapstone_Departments', '1', GETUTCDATE(), GETUTCDATE(), 0);
INSERT INTO kumarcapstone_AuditLogs (Id, Action, TableName, PrimaryKey, Timestamp, CreatedDate, IsDeleted) VALUES (1376, 'Login', 'kumarcapstone_Employees', '1', GETUTCDATE(), GETUTCDATE(), 0);
INSERT INTO kumarcapstone_AuditLogs (Id, Action, TableName, PrimaryKey, Timestamp, CreatedDate, IsDeleted) VALUES (1377, 'Update', 'kumarcapstone_Departments', '1', GETUTCDATE(), GETUTCDATE(), 0);
INSERT INTO kumarcapstone_AuditLogs (Id, Action, TableName, PrimaryKey, Timestamp, CreatedDate, IsDeleted) VALUES (1378, 'Login', 'kumarcapstone_Departments', '1', GETUTCDATE(), GETUTCDATE(), 0);
INSERT INTO kumarcapstone_AuditLogs (Id, Action, TableName, PrimaryKey, Timestamp, CreatedDate, IsDeleted) VALUES (1379, 'Restore', 'kumarcapstone_Employees', '1', GETUTCDATE(), GETUTCDATE(), 0);
INSERT INTO kumarcapstone_AuditLogs (Id, Action, TableName, PrimaryKey, Timestamp, CreatedDate, IsDeleted) VALUES (1380, 'Restore', 'kumarcapstone_LeaveRequests', '1', GETUTCDATE(), GETUTCDATE(), 0);
INSERT INTO kumarcapstone_AuditLogs (Id, Action, TableName, PrimaryKey, Timestamp, CreatedDate, IsDeleted) VALUES (1381, 'Restore', 'kumarcapstone_LeaveRequests', '1', GETUTCDATE(), GETUTCDATE(), 0);
INSERT INTO kumarcapstone_AuditLogs (Id, Action, TableName, PrimaryKey, Timestamp, CreatedDate, IsDeleted) VALUES (1382, 'Update', 'kumarcapstone_Employees', '1', GETUTCDATE(), GETUTCDATE(), 0);
INSERT INTO kumarcapstone_AuditLogs (Id, Action, TableName, PrimaryKey, Timestamp, CreatedDate, IsDeleted) VALUES (1383, 'Create', 'kumarcapstone_LeaveRequests', '1', GETUTCDATE(), GETUTCDATE(), 0);
INSERT INTO kumarcapstone_AuditLogs (Id, Action, TableName, PrimaryKey, Timestamp, CreatedDate, IsDeleted) VALUES (1384, 'Create', 'kumarcapstone_Employees', '1', GETUTCDATE(), GETUTCDATE(), 0);
INSERT INTO kumarcapstone_AuditLogs (Id, Action, TableName, PrimaryKey, Timestamp, CreatedDate, IsDeleted) VALUES (1385, 'Logout', 'kumarcapstone_Employees', '1', GETUTCDATE(), GETUTCDATE(), 0);
INSERT INTO kumarcapstone_AuditLogs (Id, Action, TableName, PrimaryKey, Timestamp, CreatedDate, IsDeleted) VALUES (1386, 'Logout', 'kumarcapstone_Employees', '1', GETUTCDATE(), GETUTCDATE(), 0);
INSERT INTO kumarcapstone_AuditLogs (Id, Action, TableName, PrimaryKey, Timestamp, CreatedDate, IsDeleted) VALUES (1387, 'Create', 'kumarcapstone_LeaveRequests', '1', GETUTCDATE(), GETUTCDATE(), 0);
INSERT INTO kumarcapstone_AuditLogs (Id, Action, TableName, PrimaryKey, Timestamp, CreatedDate, IsDeleted) VALUES (1388, 'Delete', 'kumarcapstone_Employees', '1', GETUTCDATE(), GETUTCDATE(), 0);
INSERT INTO kumarcapstone_AuditLogs (Id, Action, TableName, PrimaryKey, Timestamp, CreatedDate, IsDeleted) VALUES (1389, 'Update', 'kumarcapstone_Employees', '1', GETUTCDATE(), GETUTCDATE(), 0);
INSERT INTO kumarcapstone_AuditLogs (Id, Action, TableName, PrimaryKey, Timestamp, CreatedDate, IsDeleted) VALUES (1390, 'Update', 'kumarcapstone_Departments', '1', GETUTCDATE(), GETUTCDATE(), 0);
INSERT INTO kumarcapstone_AuditLogs (Id, Action, TableName, PrimaryKey, Timestamp, CreatedDate, IsDeleted) VALUES (1391, 'Login', 'kumarcapstone_LeaveRequests', '1', GETUTCDATE(), GETUTCDATE(), 0);
INSERT INTO kumarcapstone_AuditLogs (Id, Action, TableName, PrimaryKey, Timestamp, CreatedDate, IsDeleted) VALUES (1392, 'Delete', 'kumarcapstone_Employees', '1', GETUTCDATE(), GETUTCDATE(), 0);
INSERT INTO kumarcapstone_AuditLogs (Id, Action, TableName, PrimaryKey, Timestamp, CreatedDate, IsDeleted) VALUES (1393, 'Logout', 'kumarcapstone_LeaveRequests', '1', GETUTCDATE(), GETUTCDATE(), 0);
INSERT INTO kumarcapstone_AuditLogs (Id, Action, TableName, PrimaryKey, Timestamp, CreatedDate, IsDeleted) VALUES (1394, 'Login', 'kumarcapstone_Employees', '1', GETUTCDATE(), GETUTCDATE(), 0);
INSERT INTO kumarcapstone_AuditLogs (Id, Action, TableName, PrimaryKey, Timestamp, CreatedDate, IsDeleted) VALUES (1395, 'Login', 'kumarcapstone_LeaveRequests', '1', GETUTCDATE(), GETUTCDATE(), 0);
INSERT INTO kumarcapstone_AuditLogs (Id, Action, TableName, PrimaryKey, Timestamp, CreatedDate, IsDeleted) VALUES (1396, 'Update', 'kumarcapstone_LeaveRequests', '1', GETUTCDATE(), GETUTCDATE(), 0);
INSERT INTO kumarcapstone_AuditLogs (Id, Action, TableName, PrimaryKey, Timestamp, CreatedDate, IsDeleted) VALUES (1397, 'Update', 'kumarcapstone_LeaveRequests', '1', GETUTCDATE(), GETUTCDATE(), 0);
INSERT INTO kumarcapstone_AuditLogs (Id, Action, TableName, PrimaryKey, Timestamp, CreatedDate, IsDeleted) VALUES (1398, 'Create', 'kumarcapstone_Employees', '1', GETUTCDATE(), GETUTCDATE(), 0);
INSERT INTO kumarcapstone_AuditLogs (Id, Action, TableName, PrimaryKey, Timestamp, CreatedDate, IsDeleted) VALUES (1399, 'Create', 'kumarcapstone_LeaveRequests', '1', GETUTCDATE(), GETUTCDATE(), 0);
INSERT INTO kumarcapstone_AuditLogs (Id, Action, TableName, PrimaryKey, Timestamp, CreatedDate, IsDeleted) VALUES (1400, 'Restore', 'kumarcapstone_Departments', '1', GETUTCDATE(), GETUTCDATE(), 0);
INSERT INTO kumarcapstone_AuditLogs (Id, Action, TableName, PrimaryKey, Timestamp, CreatedDate, IsDeleted) VALUES (1401, 'Login', 'kumarcapstone_LeaveRequests', '1', GETUTCDATE(), GETUTCDATE(), 0);
INSERT INTO kumarcapstone_AuditLogs (Id, Action, TableName, PrimaryKey, Timestamp, CreatedDate, IsDeleted) VALUES (1402, 'Restore', 'kumarcapstone_LeaveRequests', '1', GETUTCDATE(), GETUTCDATE(), 0);
INSERT INTO kumarcapstone_AuditLogs (Id, Action, TableName, PrimaryKey, Timestamp, CreatedDate, IsDeleted) VALUES (1403, 'Login', 'kumarcapstone_Employees', '1', GETUTCDATE(), GETUTCDATE(), 0);
INSERT INTO kumarcapstone_AuditLogs (Id, Action, TableName, PrimaryKey, Timestamp, CreatedDate, IsDeleted) VALUES (1404, 'Restore', 'kumarcapstone_LeaveRequests', '1', GETUTCDATE(), GETUTCDATE(), 0);
INSERT INTO kumarcapstone_AuditLogs (Id, Action, TableName, PrimaryKey, Timestamp, CreatedDate, IsDeleted) VALUES (1405, 'Logout', 'kumarcapstone_Employees', '1', GETUTCDATE(), GETUTCDATE(), 0);
INSERT INTO kumarcapstone_AuditLogs (Id, Action, TableName, PrimaryKey, Timestamp, CreatedDate, IsDeleted) VALUES (1406, 'Update', 'kumarcapstone_Employees', '1', GETUTCDATE(), GETUTCDATE(), 0);
INSERT INTO kumarcapstone_AuditLogs (Id, Action, TableName, PrimaryKey, Timestamp, CreatedDate, IsDeleted) VALUES (1407, 'Login', 'kumarcapstone_Departments', '1', GETUTCDATE(), GETUTCDATE(), 0);
INSERT INTO kumarcapstone_AuditLogs (Id, Action, TableName, PrimaryKey, Timestamp, CreatedDate, IsDeleted) VALUES (1408, 'Login', 'kumarcapstone_Departments', '1', GETUTCDATE(), GETUTCDATE(), 0);
INSERT INTO kumarcapstone_AuditLogs (Id, Action, TableName, PrimaryKey, Timestamp, CreatedDate, IsDeleted) VALUES (1409, 'Delete', 'kumarcapstone_LeaveRequests', '1', GETUTCDATE(), GETUTCDATE(), 0);
INSERT INTO kumarcapstone_AuditLogs (Id, Action, TableName, PrimaryKey, Timestamp, CreatedDate, IsDeleted) VALUES (1410, 'Logout', 'kumarcapstone_Employees', '1', GETUTCDATE(), GETUTCDATE(), 0);
INSERT INTO kumarcapstone_AuditLogs (Id, Action, TableName, PrimaryKey, Timestamp, CreatedDate, IsDeleted) VALUES (1411, 'Login', 'kumarcapstone_Departments', '1', GETUTCDATE(), GETUTCDATE(), 0);
INSERT INTO kumarcapstone_AuditLogs (Id, Action, TableName, PrimaryKey, Timestamp, CreatedDate, IsDeleted) VALUES (1412, 'Create', 'kumarcapstone_LeaveRequests', '1', GETUTCDATE(), GETUTCDATE(), 0);
INSERT INTO kumarcapstone_AuditLogs (Id, Action, TableName, PrimaryKey, Timestamp, CreatedDate, IsDeleted) VALUES (1413, 'Login', 'kumarcapstone_LeaveRequests', '1', GETUTCDATE(), GETUTCDATE(), 0);
INSERT INTO kumarcapstone_AuditLogs (Id, Action, TableName, PrimaryKey, Timestamp, CreatedDate, IsDeleted) VALUES (1414, 'Create', 'kumarcapstone_Departments', '1', GETUTCDATE(), GETUTCDATE(), 0);
INSERT INTO kumarcapstone_AuditLogs (Id, Action, TableName, PrimaryKey, Timestamp, CreatedDate, IsDeleted) VALUES (1415, 'Login', 'kumarcapstone_Departments', '1', GETUTCDATE(), GETUTCDATE(), 0);
INSERT INTO kumarcapstone_AuditLogs (Id, Action, TableName, PrimaryKey, Timestamp, CreatedDate, IsDeleted) VALUES (1416, 'Update', 'kumarcapstone_Employees', '1', GETUTCDATE(), GETUTCDATE(), 0);
INSERT INTO kumarcapstone_AuditLogs (Id, Action, TableName, PrimaryKey, Timestamp, CreatedDate, IsDeleted) VALUES (1417, 'Create', 'kumarcapstone_LeaveRequests', '1', GETUTCDATE(), GETUTCDATE(), 0);
INSERT INTO kumarcapstone_AuditLogs (Id, Action, TableName, PrimaryKey, Timestamp, CreatedDate, IsDeleted) VALUES (1418, 'Restore', 'kumarcapstone_Departments', '1', GETUTCDATE(), GETUTCDATE(), 0);
INSERT INTO kumarcapstone_AuditLogs (Id, Action, TableName, PrimaryKey, Timestamp, CreatedDate, IsDeleted) VALUES (1419, 'Logout', 'kumarcapstone_Departments', '1', GETUTCDATE(), GETUTCDATE(), 0);
INSERT INTO kumarcapstone_AuditLogs (Id, Action, TableName, PrimaryKey, Timestamp, CreatedDate, IsDeleted) VALUES (1420, 'Create', 'kumarcapstone_Departments', '1', GETUTCDATE(), GETUTCDATE(), 0);
INSERT INTO kumarcapstone_AuditLogs (Id, Action, TableName, PrimaryKey, Timestamp, CreatedDate, IsDeleted) VALUES (1421, 'Logout', 'kumarcapstone_Employees', '1', GETUTCDATE(), GETUTCDATE(), 0);
INSERT INTO kumarcapstone_AuditLogs (Id, Action, TableName, PrimaryKey, Timestamp, CreatedDate, IsDeleted) VALUES (1422, 'Logout', 'kumarcapstone_Departments', '1', GETUTCDATE(), GETUTCDATE(), 0);
INSERT INTO kumarcapstone_AuditLogs (Id, Action, TableName, PrimaryKey, Timestamp, CreatedDate, IsDeleted) VALUES (1423, 'Delete', 'kumarcapstone_Employees', '1', GETUTCDATE(), GETUTCDATE(), 0);
INSERT INTO kumarcapstone_AuditLogs (Id, Action, TableName, PrimaryKey, Timestamp, CreatedDate, IsDeleted) VALUES (1424, 'Delete', 'kumarcapstone_LeaveRequests', '1', GETUTCDATE(), GETUTCDATE(), 0);
INSERT INTO kumarcapstone_AuditLogs (Id, Action, TableName, PrimaryKey, Timestamp, CreatedDate, IsDeleted) VALUES (1425, 'Delete', 'kumarcapstone_LeaveRequests', '1', GETUTCDATE(), GETUTCDATE(), 0);
INSERT INTO kumarcapstone_AuditLogs (Id, Action, TableName, PrimaryKey, Timestamp, CreatedDate, IsDeleted) VALUES (1426, 'Logout', 'kumarcapstone_Departments', '1', GETUTCDATE(), GETUTCDATE(), 0);
INSERT INTO kumarcapstone_AuditLogs (Id, Action, TableName, PrimaryKey, Timestamp, CreatedDate, IsDeleted) VALUES (1427, 'Login', 'kumarcapstone_LeaveRequests', '1', GETUTCDATE(), GETUTCDATE(), 0);
INSERT INTO kumarcapstone_AuditLogs (Id, Action, TableName, PrimaryKey, Timestamp, CreatedDate, IsDeleted) VALUES (1428, 'Login', 'kumarcapstone_Employees', '1', GETUTCDATE(), GETUTCDATE(), 0);
INSERT INTO kumarcapstone_AuditLogs (Id, Action, TableName, PrimaryKey, Timestamp, CreatedDate, IsDeleted) VALUES (1429, 'Login', 'kumarcapstone_LeaveRequests', '1', GETUTCDATE(), GETUTCDATE(), 0);
INSERT INTO kumarcapstone_AuditLogs (Id, Action, TableName, PrimaryKey, Timestamp, CreatedDate, IsDeleted) VALUES (1430, 'Restore', 'kumarcapstone_LeaveRequests', '1', GETUTCDATE(), GETUTCDATE(), 0);
INSERT INTO kumarcapstone_AuditLogs (Id, Action, TableName, PrimaryKey, Timestamp, CreatedDate, IsDeleted) VALUES (1431, 'Update', 'kumarcapstone_LeaveRequests', '1', GETUTCDATE(), GETUTCDATE(), 0);
INSERT INTO kumarcapstone_AuditLogs (Id, Action, TableName, PrimaryKey, Timestamp, CreatedDate, IsDeleted) VALUES (1432, 'Restore', 'kumarcapstone_LeaveRequests', '1', GETUTCDATE(), GETUTCDATE(), 0);
INSERT INTO kumarcapstone_AuditLogs (Id, Action, TableName, PrimaryKey, Timestamp, CreatedDate, IsDeleted) VALUES (1433, 'Create', 'kumarcapstone_LeaveRequests', '1', GETUTCDATE(), GETUTCDATE(), 0);
INSERT INTO kumarcapstone_AuditLogs (Id, Action, TableName, PrimaryKey, Timestamp, CreatedDate, IsDeleted) VALUES (1434, 'Update', 'kumarcapstone_LeaveRequests', '1', GETUTCDATE(), GETUTCDATE(), 0);
INSERT INTO kumarcapstone_AuditLogs (Id, Action, TableName, PrimaryKey, Timestamp, CreatedDate, IsDeleted) VALUES (1435, 'Login', 'kumarcapstone_LeaveRequests', '1', GETUTCDATE(), GETUTCDATE(), 0);
INSERT INTO kumarcapstone_AuditLogs (Id, Action, TableName, PrimaryKey, Timestamp, CreatedDate, IsDeleted) VALUES (1436, 'Restore', 'kumarcapstone_Employees', '1', GETUTCDATE(), GETUTCDATE(), 0);
INSERT INTO kumarcapstone_AuditLogs (Id, Action, TableName, PrimaryKey, Timestamp, CreatedDate, IsDeleted) VALUES (1437, 'Restore', 'kumarcapstone_Departments', '1', GETUTCDATE(), GETUTCDATE(), 0);
INSERT INTO kumarcapstone_AuditLogs (Id, Action, TableName, PrimaryKey, Timestamp, CreatedDate, IsDeleted) VALUES (1438, 'Update', 'kumarcapstone_Employees', '1', GETUTCDATE(), GETUTCDATE(), 0);
INSERT INTO kumarcapstone_AuditLogs (Id, Action, TableName, PrimaryKey, Timestamp, CreatedDate, IsDeleted) VALUES (1439, 'Logout', 'kumarcapstone_LeaveRequests', '1', GETUTCDATE(), GETUTCDATE(), 0);
INSERT INTO kumarcapstone_AuditLogs (Id, Action, TableName, PrimaryKey, Timestamp, CreatedDate, IsDeleted) VALUES (1440, 'Login', 'kumarcapstone_LeaveRequests', '1', GETUTCDATE(), GETUTCDATE(), 0);
INSERT INTO kumarcapstone_AuditLogs (Id, Action, TableName, PrimaryKey, Timestamp, CreatedDate, IsDeleted) VALUES (1441, 'Delete', 'kumarcapstone_Departments', '1', GETUTCDATE(), GETUTCDATE(), 0);
INSERT INTO kumarcapstone_AuditLogs (Id, Action, TableName, PrimaryKey, Timestamp, CreatedDate, IsDeleted) VALUES (1442, 'Delete', 'kumarcapstone_Departments', '1', GETUTCDATE(), GETUTCDATE(), 0);
INSERT INTO kumarcapstone_AuditLogs (Id, Action, TableName, PrimaryKey, Timestamp, CreatedDate, IsDeleted) VALUES (1443, 'Update', 'kumarcapstone_Departments', '1', GETUTCDATE(), GETUTCDATE(), 0);
INSERT INTO kumarcapstone_AuditLogs (Id, Action, TableName, PrimaryKey, Timestamp, CreatedDate, IsDeleted) VALUES (1444, 'Login', 'kumarcapstone_Employees', '1', GETUTCDATE(), GETUTCDATE(), 0);
INSERT INTO kumarcapstone_AuditLogs (Id, Action, TableName, PrimaryKey, Timestamp, CreatedDate, IsDeleted) VALUES (1445, 'Logout', 'kumarcapstone_LeaveRequests', '1', GETUTCDATE(), GETUTCDATE(), 0);
INSERT INTO kumarcapstone_AuditLogs (Id, Action, TableName, PrimaryKey, Timestamp, CreatedDate, IsDeleted) VALUES (1446, 'Create', 'kumarcapstone_Employees', '1', GETUTCDATE(), GETUTCDATE(), 0);
INSERT INTO kumarcapstone_AuditLogs (Id, Action, TableName, PrimaryKey, Timestamp, CreatedDate, IsDeleted) VALUES (1447, 'Create', 'kumarcapstone_LeaveRequests', '1', GETUTCDATE(), GETUTCDATE(), 0);
INSERT INTO kumarcapstone_AuditLogs (Id, Action, TableName, PrimaryKey, Timestamp, CreatedDate, IsDeleted) VALUES (1448, 'Restore', 'kumarcapstone_Departments', '1', GETUTCDATE(), GETUTCDATE(), 0);
INSERT INTO kumarcapstone_AuditLogs (Id, Action, TableName, PrimaryKey, Timestamp, CreatedDate, IsDeleted) VALUES (1449, 'Delete', 'kumarcapstone_Employees', '1', GETUTCDATE(), GETUTCDATE(), 0);
INSERT INTO kumarcapstone_AuditLogs (Id, Action, TableName, PrimaryKey, Timestamp, CreatedDate, IsDeleted) VALUES (1450, 'Delete', 'kumarcapstone_Departments', '1', GETUTCDATE(), GETUTCDATE(), 0);
INSERT INTO kumarcapstone_AuditLogs (Id, Action, TableName, PrimaryKey, Timestamp, CreatedDate, IsDeleted) VALUES (1451, 'Logout', 'kumarcapstone_Departments', '1', GETUTCDATE(), GETUTCDATE(), 0);
INSERT INTO kumarcapstone_AuditLogs (Id, Action, TableName, PrimaryKey, Timestamp, CreatedDate, IsDeleted) VALUES (1452, 'Update', 'kumarcapstone_Employees', '1', GETUTCDATE(), GETUTCDATE(), 0);
INSERT INTO kumarcapstone_AuditLogs (Id, Action, TableName, PrimaryKey, Timestamp, CreatedDate, IsDeleted) VALUES (1453, 'Create', 'kumarcapstone_LeaveRequests', '1', GETUTCDATE(), GETUTCDATE(), 0);
INSERT INTO kumarcapstone_AuditLogs (Id, Action, TableName, PrimaryKey, Timestamp, CreatedDate, IsDeleted) VALUES (1454, 'Update', 'kumarcapstone_Departments', '1', GETUTCDATE(), GETUTCDATE(), 0);
INSERT INTO kumarcapstone_AuditLogs (Id, Action, TableName, PrimaryKey, Timestamp, CreatedDate, IsDeleted) VALUES (1455, 'Delete', 'kumarcapstone_Departments', '1', GETUTCDATE(), GETUTCDATE(), 0);
INSERT INTO kumarcapstone_AuditLogs (Id, Action, TableName, PrimaryKey, Timestamp, CreatedDate, IsDeleted) VALUES (1456, 'Delete', 'kumarcapstone_LeaveRequests', '1', GETUTCDATE(), GETUTCDATE(), 0);
INSERT INTO kumarcapstone_AuditLogs (Id, Action, TableName, PrimaryKey, Timestamp, CreatedDate, IsDeleted) VALUES (1457, 'Login', 'kumarcapstone_Employees', '1', GETUTCDATE(), GETUTCDATE(), 0);
INSERT INTO kumarcapstone_AuditLogs (Id, Action, TableName, PrimaryKey, Timestamp, CreatedDate, IsDeleted) VALUES (1458, 'Create', 'kumarcapstone_Departments', '1', GETUTCDATE(), GETUTCDATE(), 0);
INSERT INTO kumarcapstone_AuditLogs (Id, Action, TableName, PrimaryKey, Timestamp, CreatedDate, IsDeleted) VALUES (1459, 'Login', 'kumarcapstone_Employees', '1', GETUTCDATE(), GETUTCDATE(), 0);
INSERT INTO kumarcapstone_AuditLogs (Id, Action, TableName, PrimaryKey, Timestamp, CreatedDate, IsDeleted) VALUES (1460, 'Delete', 'kumarcapstone_LeaveRequests', '1', GETUTCDATE(), GETUTCDATE(), 0);
INSERT INTO kumarcapstone_AuditLogs (Id, Action, TableName, PrimaryKey, Timestamp, CreatedDate, IsDeleted) VALUES (1461, 'Create', 'kumarcapstone_Departments', '1', GETUTCDATE(), GETUTCDATE(), 0);
INSERT INTO kumarcapstone_AuditLogs (Id, Action, TableName, PrimaryKey, Timestamp, CreatedDate, IsDeleted) VALUES (1462, 'Logout', 'kumarcapstone_Employees', '1', GETUTCDATE(), GETUTCDATE(), 0);
INSERT INTO kumarcapstone_AuditLogs (Id, Action, TableName, PrimaryKey, Timestamp, CreatedDate, IsDeleted) VALUES (1463, 'Create', 'kumarcapstone_Employees', '1', GETUTCDATE(), GETUTCDATE(), 0);
INSERT INTO kumarcapstone_AuditLogs (Id, Action, TableName, PrimaryKey, Timestamp, CreatedDate, IsDeleted) VALUES (1464, 'Logout', 'kumarcapstone_LeaveRequests', '1', GETUTCDATE(), GETUTCDATE(), 0);
INSERT INTO kumarcapstone_AuditLogs (Id, Action, TableName, PrimaryKey, Timestamp, CreatedDate, IsDeleted) VALUES (1465, 'Update', 'kumarcapstone_Employees', '1', GETUTCDATE(), GETUTCDATE(), 0);
INSERT INTO kumarcapstone_AuditLogs (Id, Action, TableName, PrimaryKey, Timestamp, CreatedDate, IsDeleted) VALUES (1466, 'Restore', 'kumarcapstone_Departments', '1', GETUTCDATE(), GETUTCDATE(), 0);
INSERT INTO kumarcapstone_AuditLogs (Id, Action, TableName, PrimaryKey, Timestamp, CreatedDate, IsDeleted) VALUES (1467, 'Update', 'kumarcapstone_Employees', '1', GETUTCDATE(), GETUTCDATE(), 0);
INSERT INTO kumarcapstone_AuditLogs (Id, Action, TableName, PrimaryKey, Timestamp, CreatedDate, IsDeleted) VALUES (1468, 'Restore', 'kumarcapstone_LeaveRequests', '1', GETUTCDATE(), GETUTCDATE(), 0);
INSERT INTO kumarcapstone_AuditLogs (Id, Action, TableName, PrimaryKey, Timestamp, CreatedDate, IsDeleted) VALUES (1469, 'Logout', 'kumarcapstone_Departments', '1', GETUTCDATE(), GETUTCDATE(), 0);
INSERT INTO kumarcapstone_AuditLogs (Id, Action, TableName, PrimaryKey, Timestamp, CreatedDate, IsDeleted) VALUES (1470, 'Login', 'kumarcapstone_Employees', '1', GETUTCDATE(), GETUTCDATE(), 0);
INSERT INTO kumarcapstone_AuditLogs (Id, Action, TableName, PrimaryKey, Timestamp, CreatedDate, IsDeleted) VALUES (1471, 'Update', 'kumarcapstone_LeaveRequests', '1', GETUTCDATE(), GETUTCDATE(), 0);
INSERT INTO kumarcapstone_AuditLogs (Id, Action, TableName, PrimaryKey, Timestamp, CreatedDate, IsDeleted) VALUES (1472, 'Update', 'kumarcapstone_Employees', '1', GETUTCDATE(), GETUTCDATE(), 0);
INSERT INTO kumarcapstone_AuditLogs (Id, Action, TableName, PrimaryKey, Timestamp, CreatedDate, IsDeleted) VALUES (1473, 'Delete', 'kumarcapstone_LeaveRequests', '1', GETUTCDATE(), GETUTCDATE(), 0);
INSERT INTO kumarcapstone_AuditLogs (Id, Action, TableName, PrimaryKey, Timestamp, CreatedDate, IsDeleted) VALUES (1474, 'Create', 'kumarcapstone_Employees', '1', GETUTCDATE(), GETUTCDATE(), 0);
INSERT INTO kumarcapstone_AuditLogs (Id, Action, TableName, PrimaryKey, Timestamp, CreatedDate, IsDeleted) VALUES (1475, 'Restore', 'kumarcapstone_Departments', '1', GETUTCDATE(), GETUTCDATE(), 0);
INSERT INTO kumarcapstone_AuditLogs (Id, Action, TableName, PrimaryKey, Timestamp, CreatedDate, IsDeleted) VALUES (1476, 'Restore', 'kumarcapstone_Departments', '1', GETUTCDATE(), GETUTCDATE(), 0);
INSERT INTO kumarcapstone_AuditLogs (Id, Action, TableName, PrimaryKey, Timestamp, CreatedDate, IsDeleted) VALUES (1477, 'Logout', 'kumarcapstone_Departments', '1', GETUTCDATE(), GETUTCDATE(), 0);
INSERT INTO kumarcapstone_AuditLogs (Id, Action, TableName, PrimaryKey, Timestamp, CreatedDate, IsDeleted) VALUES (1478, 'Create', 'kumarcapstone_Employees', '1', GETUTCDATE(), GETUTCDATE(), 0);
INSERT INTO kumarcapstone_AuditLogs (Id, Action, TableName, PrimaryKey, Timestamp, CreatedDate, IsDeleted) VALUES (1479, 'Update', 'kumarcapstone_LeaveRequests', '1', GETUTCDATE(), GETUTCDATE(), 0);
INSERT INTO kumarcapstone_AuditLogs (Id, Action, TableName, PrimaryKey, Timestamp, CreatedDate, IsDeleted) VALUES (1480, 'Delete', 'kumarcapstone_LeaveRequests', '1', GETUTCDATE(), GETUTCDATE(), 0);
INSERT INTO kumarcapstone_AuditLogs (Id, Action, TableName, PrimaryKey, Timestamp, CreatedDate, IsDeleted) VALUES (1481, 'Login', 'kumarcapstone_Employees', '1', GETUTCDATE(), GETUTCDATE(), 0);
INSERT INTO kumarcapstone_AuditLogs (Id, Action, TableName, PrimaryKey, Timestamp, CreatedDate, IsDeleted) VALUES (1482, 'Login', 'kumarcapstone_Employees', '1', GETUTCDATE(), GETUTCDATE(), 0);
INSERT INTO kumarcapstone_AuditLogs (Id, Action, TableName, PrimaryKey, Timestamp, CreatedDate, IsDeleted) VALUES (1483, 'Update', 'kumarcapstone_LeaveRequests', '1', GETUTCDATE(), GETUTCDATE(), 0);
INSERT INTO kumarcapstone_AuditLogs (Id, Action, TableName, PrimaryKey, Timestamp, CreatedDate, IsDeleted) VALUES (1484, 'Create', 'kumarcapstone_Employees', '1', GETUTCDATE(), GETUTCDATE(), 0);
INSERT INTO kumarcapstone_AuditLogs (Id, Action, TableName, PrimaryKey, Timestamp, CreatedDate, IsDeleted) VALUES (1485, 'Delete', 'kumarcapstone_LeaveRequests', '1', GETUTCDATE(), GETUTCDATE(), 0);
INSERT INTO kumarcapstone_AuditLogs (Id, Action, TableName, PrimaryKey, Timestamp, CreatedDate, IsDeleted) VALUES (1486, 'Create', 'kumarcapstone_Employees', '1', GETUTCDATE(), GETUTCDATE(), 0);
INSERT INTO kumarcapstone_AuditLogs (Id, Action, TableName, PrimaryKey, Timestamp, CreatedDate, IsDeleted) VALUES (1487, 'Create', 'kumarcapstone_Employees', '1', GETUTCDATE(), GETUTCDATE(), 0);
INSERT INTO kumarcapstone_AuditLogs (Id, Action, TableName, PrimaryKey, Timestamp, CreatedDate, IsDeleted) VALUES (1488, 'Restore', 'kumarcapstone_Departments', '1', GETUTCDATE(), GETUTCDATE(), 0);
INSERT INTO kumarcapstone_AuditLogs (Id, Action, TableName, PrimaryKey, Timestamp, CreatedDate, IsDeleted) VALUES (1489, 'Restore', 'kumarcapstone_Employees', '1', GETUTCDATE(), GETUTCDATE(), 0);
INSERT INTO kumarcapstone_AuditLogs (Id, Action, TableName, PrimaryKey, Timestamp, CreatedDate, IsDeleted) VALUES (1490, 'Logout', 'kumarcapstone_Employees', '1', GETUTCDATE(), GETUTCDATE(), 0);
INSERT INTO kumarcapstone_AuditLogs (Id, Action, TableName, PrimaryKey, Timestamp, CreatedDate, IsDeleted) VALUES (1491, 'Delete', 'kumarcapstone_Employees', '1', GETUTCDATE(), GETUTCDATE(), 0);
INSERT INTO kumarcapstone_AuditLogs (Id, Action, TableName, PrimaryKey, Timestamp, CreatedDate, IsDeleted) VALUES (1492, 'Delete', 'kumarcapstone_Departments', '1', GETUTCDATE(), GETUTCDATE(), 0);
INSERT INTO kumarcapstone_AuditLogs (Id, Action, TableName, PrimaryKey, Timestamp, CreatedDate, IsDeleted) VALUES (1493, 'Login', 'kumarcapstone_LeaveRequests', '1', GETUTCDATE(), GETUTCDATE(), 0);
INSERT INTO kumarcapstone_AuditLogs (Id, Action, TableName, PrimaryKey, Timestamp, CreatedDate, IsDeleted) VALUES (1494, 'Create', 'kumarcapstone_Departments', '1', GETUTCDATE(), GETUTCDATE(), 0);
INSERT INTO kumarcapstone_AuditLogs (Id, Action, TableName, PrimaryKey, Timestamp, CreatedDate, IsDeleted) VALUES (1495, 'Create', 'kumarcapstone_Employees', '1', GETUTCDATE(), GETUTCDATE(), 0);
INSERT INTO kumarcapstone_AuditLogs (Id, Action, TableName, PrimaryKey, Timestamp, CreatedDate, IsDeleted) VALUES (1496, 'Create', 'kumarcapstone_Employees', '1', GETUTCDATE(), GETUTCDATE(), 0);
INSERT INTO kumarcapstone_AuditLogs (Id, Action, TableName, PrimaryKey, Timestamp, CreatedDate, IsDeleted) VALUES (1497, 'Delete', 'kumarcapstone_Departments', '1', GETUTCDATE(), GETUTCDATE(), 0);
INSERT INTO kumarcapstone_AuditLogs (Id, Action, TableName, PrimaryKey, Timestamp, CreatedDate, IsDeleted) VALUES (1498, 'Login', 'kumarcapstone_LeaveRequests', '1', GETUTCDATE(), GETUTCDATE(), 0);
INSERT INTO kumarcapstone_AuditLogs (Id, Action, TableName, PrimaryKey, Timestamp, CreatedDate, IsDeleted) VALUES (1499, 'Restore', 'kumarcapstone_LeaveRequests', '1', GETUTCDATE(), GETUTCDATE(), 0);
INSERT INTO kumarcapstone_AuditLogs (Id, Action, TableName, PrimaryKey, Timestamp, CreatedDate, IsDeleted) VALUES (1500, 'Restore', 'kumarcapstone_Employees', '1', GETUTCDATE(), GETUTCDATE(), 0);
SET IDENTITY_INSERT kumarcapstone_AuditLogs OFF;

PRINT 'Dummy data generation completed successfully!'